[0.662s] DEBUG:colcon:Command line arguments: ['/usr/bin/colcon', 'build', '--symlink-install']
[0.662s] DEBUG:colcon:Parsed command line arguments: Namespace(log_base=None, log_level=None, verb_name='build', build_base='build', install_base='install', merge_install=False, symlink_install=True, test_result_base=None, continue_on_error=False, executor='parallel', parallel_workers=8, event_handlers=None, ignore_user_meta=False, metas=['./colcon.meta'], base_paths=['.'], packages_ignore=None, packages_ignore_regex=None, paths=None, packages_up_to=None, packages_up_to_regex=None, packages_above=None, packages_above_and_dependencies=None, packages_above_depth=None, packages_select_by_dep=None, packages_skip_by_dep=None, packages_skip_up_to=None, packages_select_build_failed=False, packages_skip_build_finished=False, packages_select_test_failures=False, packages_skip_test_passed=False, packages_select=None, packages_skip=None, packages_select_regex=None, packages_skip_regex=None, packages_start=None, packages_end=None, allow_overriding=[], cmake_args=None, cmake_target=None, cmake_target_skip_unavailable=False, cmake_clean_cache=False, cmake_clean_first=False, cmake_force_configure=False, ament_cmake_args=None, catkin_cmake_args=None, catkin_skip_building_tests=False, verb_parser=<colcon_defaults.argument_parser.defaults.DefaultArgumentsDecorator object at 0x7ba70148d7e0>, verb_extension=<colcon_core.verb.build.BuildVerb object at 0x7ba70156ee60>, main=<bound method BuildVerb.main of <colcon_core.verb.build.BuildVerb object at 0x7ba70156ee60>>)
[6.808s] Level 1:colcon.colcon_core.package_discovery:discover_packages(colcon_meta) check parameters
[6.809s] Level 1:colcon.colcon_core.package_discovery:discover_packages(recursive) check parameters
[6.809s] Level 1:colcon.colcon_core.package_discovery:discover_packages(ignore) check parameters
[6.809s] Level 1:colcon.colcon_core.package_discovery:discover_packages(path) check parameters
[6.809s] Level 1:colcon.colcon_core.package_discovery:discover_packages(colcon_meta) discover
[6.809s] Level 1:colcon.colcon_core.package_discovery:discover_packages(recursive) discover
[6.809s] INFO:colcon.colcon_core.package_discovery:Crawling recursively for packages in '/home/ines/tiago_ws'
[6.809s] Level 1:colcon.colcon_core.package_identification:_identify(.) by extensions ['ignore', 'ignore_ament_install']
[6.810s] Level 1:colcon.colcon_core.package_identification:_identify(.) by extension 'ignore'
[6.810s] Level 1:colcon.colcon_core.package_identification:_identify(.) by extension 'ignore_ament_install'
[6.810s] Level 1:colcon.colcon_core.package_identification:_identify(.) by extensions ['colcon_pkg']
[6.810s] Level 1:colcon.colcon_core.package_identification:_identify(.) by extension 'colcon_pkg'
[6.810s] Level 1:colcon.colcon_core.package_identification:_identify(.) by extensions ['colcon_meta']
[6.810s] Level 1:colcon.colcon_core.package_identification:_identify(.) by extension 'colcon_meta'
[6.810s] Level 1:colcon.colcon_core.package_identification:_identify(.) by extensions ['ros']
[6.811s] Level 1:colcon.colcon_core.package_identification:_identify(.) by extension 'ros'
[6.880s] Level 1:colcon.colcon_core.package_identification:_identify(.) by extensions ['cmake', 'python']
[6.880s] Level 1:colcon.colcon_core.package_identification:_identify(.) by extension 'cmake'
[6.881s] Level 1:colcon.colcon_core.package_identification:_identify(.) by extension 'python'
[6.881s] Level 1:colcon.colcon_core.package_identification:_identify(.) by extensions ['python_setup_py']
[6.881s] Level 1:colcon.colcon_core.package_identification:_identify(.) by extension 'python_setup_py'
[6.897s] Level 1:colcon.colcon_core.package_identification:_identify(build) by extensions ['ignore', 'ignore_ament_install']
[6.898s] Level 1:colcon.colcon_core.package_identification:_identify(build) by extension 'ignore'
[6.898s] Level 1:colcon.colcon_core.package_identification:_identify(build) ignored
[6.898s] Level 1:colcon.colcon_core.package_identification:_identify(install) by extensions ['ignore', 'ignore_ament_install']
[6.898s] Level 1:colcon.colcon_core.package_identification:_identify(install) by extension 'ignore'
[6.899s] Level 1:colcon.colcon_core.package_identification:_identify(install) ignored
[6.899s] Level 1:colcon.colcon_core.package_identification:_identify(log) by extensions ['ignore', 'ignore_ament_install']
[6.899s] Level 1:colcon.colcon_core.package_identification:_identify(log) by extension 'ignore'
[6.899s] Level 1:colcon.colcon_core.package_identification:_identify(log) ignored
[6.900s] Level 1:colcon.colcon_core.package_identification:_identify(src) by extensions ['ignore', 'ignore_ament_install']
[6.900s] Level 1:colcon.colcon_core.package_identification:_identify(src) by extension 'ignore'
[6.900s] Level 1:colcon.colcon_core.package_identification:_identify(src) by extension 'ignore_ament_install'
[6.900s] Level 1:colcon.colcon_core.package_identification:_identify(src) by extensions ['colcon_pkg']
[6.900s] Level 1:colcon.colcon_core.package_identification:_identify(src) by extension 'colcon_pkg'
[6.900s] Level 1:colcon.colcon_core.package_identification:_identify(src) by extensions ['colcon_meta']
[6.900s] Level 1:colcon.colcon_core.package_identification:_identify(src) by extension 'colcon_meta'
[6.901s] Level 1:colcon.colcon_core.package_identification:_identify(src) by extensions ['ros']
[6.901s] Level 1:colcon.colcon_core.package_identification:_identify(src) by extension 'ros'
[6.901s] Level 1:colcon.colcon_core.package_identification:_identify(src) by extensions ['cmake', 'python']
[6.901s] Level 1:colcon.colcon_core.package_identification:_identify(src) by extension 'cmake'
[6.901s] Level 1:colcon.colcon_core.package_identification:_identify(src) by extension 'python'
[6.901s] Level 1:colcon.colcon_core.package_identification:_identify(src) by extensions ['python_setup_py']
[6.901s] Level 1:colcon.colcon_core.package_identification:_identify(src) by extension 'python_setup_py'
[6.902s] Level 1:colcon.colcon_core.package_identification:_identify(src/log) by extensions ['ignore', 'ignore_ament_install']
[6.902s] Level 1:colcon.colcon_core.package_identification:_identify(src/log) by extension 'ignore'
[6.902s] Level 1:colcon.colcon_core.package_identification:_identify(src/log) ignored
[6.902s] Level 1:colcon.colcon_core.package_identification:_identify(src/m-explore-ros2) by extensions ['ignore', 'ignore_ament_install']
[6.902s] Level 1:colcon.colcon_core.package_identification:_identify(src/m-explore-ros2) by extension 'ignore'
[6.903s] Level 1:colcon.colcon_core.package_identification:_identify(src/m-explore-ros2) by extension 'ignore_ament_install'
[6.903s] Level 1:colcon.colcon_core.package_identification:_identify(src/m-explore-ros2) by extensions ['colcon_pkg']
[6.903s] Level 1:colcon.colcon_core.package_identification:_identify(src/m-explore-ros2) by extension 'colcon_pkg'
[6.903s] Level 1:colcon.colcon_core.package_identification:_identify(src/m-explore-ros2) by extensions ['colcon_meta']
[6.903s] Level 1:colcon.colcon_core.package_identification:_identify(src/m-explore-ros2) by extension 'colcon_meta'
[6.903s] Level 1:colcon.colcon_core.package_identification:_identify(src/m-explore-ros2) by extensions ['ros']
[6.903s] Level 1:colcon.colcon_core.package_identification:_identify(src/m-explore-ros2) by extension 'ros'
[6.903s] Level 1:colcon.colcon_core.package_identification:_identify(src/m-explore-ros2) by extensions ['cmake', 'python']
[6.904s] Level 1:colcon.colcon_core.package_identification:_identify(src/m-explore-ros2) by extension 'cmake'
[6.904s] Level 1:colcon.colcon_core.package_identification:_identify(src/m-explore-ros2) by extension 'python'
[6.904s] Level 1:colcon.colcon_core.package_identification:_identify(src/m-explore-ros2) by extensions ['python_setup_py']
[6.904s] Level 1:colcon.colcon_core.package_identification:_identify(src/m-explore-ros2) by extension 'python_setup_py'
[6.904s] Level 1:colcon.colcon_core.package_identification:_identify(src/m-explore-ros2/m-explore-ros2-main) by extensions ['ignore', 'ignore_ament_install']
[6.904s] Level 1:colcon.colcon_core.package_identification:_identify(src/m-explore-ros2/m-explore-ros2-main) by extension 'ignore'
[6.905s] Level 1:colcon.colcon_core.package_identification:_identify(src/m-explore-ros2/m-explore-ros2-main) by extension 'ignore_ament_install'
[6.905s] Level 1:colcon.colcon_core.package_identification:_identify(src/m-explore-ros2/m-explore-ros2-main) by extensions ['colcon_pkg']
[6.905s] Level 1:colcon.colcon_core.package_identification:_identify(src/m-explore-ros2/m-explore-ros2-main) by extension 'colcon_pkg'
[6.905s] Level 1:colcon.colcon_core.package_identification:_identify(src/m-explore-ros2/m-explore-ros2-main) by extensions ['colcon_meta']
[6.905s] Level 1:colcon.colcon_core.package_identification:_identify(src/m-explore-ros2/m-explore-ros2-main) by extension 'colcon_meta'
[6.905s] Level 1:colcon.colcon_core.package_identification:_identify(src/m-explore-ros2/m-explore-ros2-main) by extensions ['ros']
[6.905s] Level 1:colcon.colcon_core.package_identification:_identify(src/m-explore-ros2/m-explore-ros2-main) by extension 'ros'
[6.906s] Level 1:colcon.colcon_core.package_identification:_identify(src/m-explore-ros2/m-explore-ros2-main) by extensions ['cmake', 'python']
[6.906s] Level 1:colcon.colcon_core.package_identification:_identify(src/m-explore-ros2/m-explore-ros2-main) by extension 'cmake'
[6.906s] Level 1:colcon.colcon_core.package_identification:_identify(src/m-explore-ros2/m-explore-ros2-main) by extension 'python'
[6.906s] Level 1:colcon.colcon_core.package_identification:_identify(src/m-explore-ros2/m-explore-ros2-main) by extensions ['python_setup_py']
[6.906s] Level 1:colcon.colcon_core.package_identification:_identify(src/m-explore-ros2/m-explore-ros2-main) by extension 'python_setup_py'
[6.906s] Level 1:colcon.colcon_core.package_identification:_identify(src/m-explore-ros2/m-explore-ros2-main/explore) by extensions ['ignore', 'ignore_ament_install']
[6.907s] Level 1:colcon.colcon_core.package_identification:_identify(src/m-explore-ros2/m-explore-ros2-main/explore) by extension 'ignore'
[6.907s] Level 1:colcon.colcon_core.package_identification:_identify(src/m-explore-ros2/m-explore-ros2-main/explore) by extension 'ignore_ament_install'
[6.907s] Level 1:colcon.colcon_core.package_identification:_identify(src/m-explore-ros2/m-explore-ros2-main/explore) by extensions ['colcon_pkg']
[6.907s] Level 1:colcon.colcon_core.package_identification:_identify(src/m-explore-ros2/m-explore-ros2-main/explore) by extension 'colcon_pkg'
[6.907s] Level 1:colcon.colcon_core.package_identification:_identify(src/m-explore-ros2/m-explore-ros2-main/explore) by extensions ['colcon_meta']
[6.907s] Level 1:colcon.colcon_core.package_identification:_identify(src/m-explore-ros2/m-explore-ros2-main/explore) by extension 'colcon_meta'
[6.907s] Level 1:colcon.colcon_core.package_identification:_identify(src/m-explore-ros2/m-explore-ros2-main/explore) by extensions ['ros']
[6.907s] Level 1:colcon.colcon_core.package_identification:_identify(src/m-explore-ros2/m-explore-ros2-main/explore) by extension 'ros'
[6.962s] DEBUG:colcon.colcon_core.package_identification:Package 'src/m-explore-ros2/m-explore-ros2-main/explore' with type 'ros.ament_cmake' and name 'explore_lite'
[6.962s] Level 1:colcon.colcon_core.package_identification:_identify(src/m-explore-ros2/m-explore-ros2-main/map_merge) by extensions ['ignore', 'ignore_ament_install']
[6.963s] Level 1:colcon.colcon_core.package_identification:_identify(src/m-explore-ros2/m-explore-ros2-main/map_merge) by extension 'ignore'
[6.963s] Level 1:colcon.colcon_core.package_identification:_identify(src/m-explore-ros2/m-explore-ros2-main/map_merge) by extension 'ignore_ament_install'
[6.963s] Level 1:colcon.colcon_core.package_identification:_identify(src/m-explore-ros2/m-explore-ros2-main/map_merge) by extensions ['colcon_pkg']
[6.963s] Level 1:colcon.colcon_core.package_identification:_identify(src/m-explore-ros2/m-explore-ros2-main/map_merge) by extension 'colcon_pkg'
[6.963s] Level 1:colcon.colcon_core.package_identification:_identify(src/m-explore-ros2/m-explore-ros2-main/map_merge) by extensions ['colcon_meta']
[6.963s] Level 1:colcon.colcon_core.package_identification:_identify(src/m-explore-ros2/m-explore-ros2-main/map_merge) by extension 'colcon_meta'
[6.964s] Level 1:colcon.colcon_core.package_identification:_identify(src/m-explore-ros2/m-explore-ros2-main/map_merge) by extensions ['ros']
[6.964s] Level 1:colcon.colcon_core.package_identification:_identify(src/m-explore-ros2/m-explore-ros2-main/map_merge) by extension 'ros'
[6.967s] DEBUG:colcon.colcon_core.package_identification:Package 'src/m-explore-ros2/m-explore-ros2-main/map_merge' with type 'ros.ament_cmake' and name 'multirobot_map_merge'
[6.967s] Level 1:colcon.colcon_core.package_identification:_identify(src/pal_navigation_cfg_public) by extensions ['ignore', 'ignore_ament_install']
[6.968s] Level 1:colcon.colcon_core.package_identification:_identify(src/pal_navigation_cfg_public) by extension 'ignore'
[6.968s] Level 1:colcon.colcon_core.package_identification:_identify(src/pal_navigation_cfg_public) by extension 'ignore_ament_install'
[6.968s] Level 1:colcon.colcon_core.package_identification:_identify(src/pal_navigation_cfg_public) by extensions ['colcon_pkg']
[6.968s] Level 1:colcon.colcon_core.package_identification:_identify(src/pal_navigation_cfg_public) by extension 'colcon_pkg'
[6.968s] Level 1:colcon.colcon_core.package_identification:_identify(src/pal_navigation_cfg_public) by extensions ['colcon_meta']
[6.968s] Level 1:colcon.colcon_core.package_identification:_identify(src/pal_navigation_cfg_public) by extension 'colcon_meta'
[6.968s] Level 1:colcon.colcon_core.package_identification:_identify(src/pal_navigation_cfg_public) by extensions ['ros']
[6.969s] Level 1:colcon.colcon_core.package_identification:_identify(src/pal_navigation_cfg_public) by extension 'ros'
[6.969s] Level 1:colcon.colcon_core.package_identification:_identify(src/pal_navigation_cfg_public) by extensions ['cmake', 'python']
[6.969s] Level 1:colcon.colcon_core.package_identification:_identify(src/pal_navigation_cfg_public) by extension 'cmake'
[6.969s] Level 1:colcon.colcon_core.package_identification:_identify(src/pal_navigation_cfg_public) by extension 'python'
[6.969s] Level 1:colcon.colcon_core.package_identification:_identify(src/pal_navigation_cfg_public) by extensions ['python_setup_py']
[6.969s] Level 1:colcon.colcon_core.package_identification:_identify(src/pal_navigation_cfg_public) by extension 'python_setup_py'
[6.969s] Level 1:colcon.colcon_core.package_identification:_identify(src/pal_navigation_cfg_public/pal_navigation_cfg_bringup) by extensions ['ignore', 'ignore_ament_install']
[6.970s] Level 1:colcon.colcon_core.package_identification:_identify(src/pal_navigation_cfg_public/pal_navigation_cfg_bringup) by extension 'ignore'
[6.970s] Level 1:colcon.colcon_core.package_identification:_identify(src/pal_navigation_cfg_public/pal_navigation_cfg_bringup) by extension 'ignore_ament_install'
[6.970s] Level 1:colcon.colcon_core.package_identification:_identify(src/pal_navigation_cfg_public/pal_navigation_cfg_bringup) by extensions ['colcon_pkg']
[6.970s] Level 1:colcon.colcon_core.package_identification:_identify(src/pal_navigation_cfg_public/pal_navigation_cfg_bringup) by extension 'colcon_pkg'
[6.970s] Level 1:colcon.colcon_core.package_identification:_identify(src/pal_navigation_cfg_public/pal_navigation_cfg_bringup) by extensions ['colcon_meta']
[6.970s] Level 1:colcon.colcon_core.package_identification:_identify(src/pal_navigation_cfg_public/pal_navigation_cfg_bringup) by extension 'colcon_meta'
[6.971s] Level 1:colcon.colcon_core.package_identification:_identify(src/pal_navigation_cfg_public/pal_navigation_cfg_bringup) by extensions ['ros']
[6.971s] Level 1:colcon.colcon_core.package_identification:_identify(src/pal_navigation_cfg_public/pal_navigation_cfg_bringup) by extension 'ros'
[6.985s] DEBUG:colcon.colcon_core.package_identification:Package 'src/pal_navigation_cfg_public/pal_navigation_cfg_bringup' with type 'ros.ament_cmake' and name 'pal_navigation_cfg_bringup'
[6.985s] Level 1:colcon.colcon_core.package_identification:_identify(src/pal_navigation_cfg_public/pal_navigation_cfg_params) by extensions ['ignore', 'ignore_ament_install']
[6.986s] Level 1:colcon.colcon_core.package_identification:_identify(src/pal_navigation_cfg_public/pal_navigation_cfg_params) by extension 'ignore'
[6.986s] Level 1:colcon.colcon_core.package_identification:_identify(src/pal_navigation_cfg_public/pal_navigation_cfg_params) by extension 'ignore_ament_install'
[6.986s] Level 1:colcon.colcon_core.package_identification:_identify(src/pal_navigation_cfg_public/pal_navigation_cfg_params) by extensions ['colcon_pkg']
[6.986s] Level 1:colcon.colcon_core.package_identification:_identify(src/pal_navigation_cfg_public/pal_navigation_cfg_params) by extension 'colcon_pkg'
[6.986s] Level 1:colcon.colcon_core.package_identification:_identify(src/pal_navigation_cfg_public/pal_navigation_cfg_params) by extensions ['colcon_meta']
[6.986s] Level 1:colcon.colcon_core.package_identification:_identify(src/pal_navigation_cfg_public/pal_navigation_cfg_params) by extension 'colcon_meta'
[6.986s] Level 1:colcon.colcon_core.package_identification:_identify(src/pal_navigation_cfg_public/pal_navigation_cfg_params) by extensions ['ros']
[6.986s] Level 1:colcon.colcon_core.package_identification:_identify(src/pal_navigation_cfg_public/pal_navigation_cfg_params) by extension 'ros'
[6.988s] DEBUG:colcon.colcon_core.package_identification:Package 'src/pal_navigation_cfg_public/pal_navigation_cfg_params' with type 'ros.ament_cmake' and name 'pal_navigation_cfg_params'
[6.988s] Level 1:colcon.colcon_core.package_identification:_identify(src/pal_navigation_cfg_public/pal_navigation_cfg_public) by extensions ['ignore', 'ignore_ament_install']
[6.989s] Level 1:colcon.colcon_core.package_identification:_identify(src/pal_navigation_cfg_public/pal_navigation_cfg_public) by extension 'ignore'
[6.989s] Level 1:colcon.colcon_core.package_identification:_identify(src/pal_navigation_cfg_public/pal_navigation_cfg_public) by extension 'ignore_ament_install'
[6.989s] Level 1:colcon.colcon_core.package_identification:_identify(src/pal_navigation_cfg_public/pal_navigation_cfg_public) by extensions ['colcon_pkg']
[6.989s] Level 1:colcon.colcon_core.package_identification:_identify(src/pal_navigation_cfg_public/pal_navigation_cfg_public) by extension 'colcon_pkg'
[6.989s] Level 1:colcon.colcon_core.package_identification:_identify(src/pal_navigation_cfg_public/pal_navigation_cfg_public) by extensions ['colcon_meta']
[6.989s] Level 1:colcon.colcon_core.package_identification:_identify(src/pal_navigation_cfg_public/pal_navigation_cfg_public) by extension 'colcon_meta'
[6.989s] Level 1:colcon.colcon_core.package_identification:_identify(src/pal_navigation_cfg_public/pal_navigation_cfg_public) by extensions ['ros']
[6.990s] Level 1:colcon.colcon_core.package_identification:_identify(src/pal_navigation_cfg_public/pal_navigation_cfg_public) by extension 'ros'
[6.991s] DEBUG:colcon.colcon_core.package_identification:Package 'src/pal_navigation_cfg_public/pal_navigation_cfg_public' with type 'ros.ament_cmake' and name 'pal_navigation_cfg'
[6.992s] Level 1:colcon.colcon_core.package_identification:_identify(src/pmb2_navigation) by extensions ['ignore', 'ignore_ament_install']
[6.992s] Level 1:colcon.colcon_core.package_identification:_identify(src/pmb2_navigation) by extension 'ignore'
[6.992s] Level 1:colcon.colcon_core.package_identification:_identify(src/pmb2_navigation) by extension 'ignore_ament_install'
[6.992s] Level 1:colcon.colcon_core.package_identification:_identify(src/pmb2_navigation) by extensions ['colcon_pkg']
[6.992s] Level 1:colcon.colcon_core.package_identification:_identify(src/pmb2_navigation) by extension 'colcon_pkg'
[6.992s] Level 1:colcon.colcon_core.package_identification:_identify(src/pmb2_navigation) by extensions ['colcon_meta']
[6.993s] Level 1:colcon.colcon_core.package_identification:_identify(src/pmb2_navigation) by extension 'colcon_meta'
[6.993s] Level 1:colcon.colcon_core.package_identification:_identify(src/pmb2_navigation) by extensions ['ros']
[6.993s] Level 1:colcon.colcon_core.package_identification:_identify(src/pmb2_navigation) by extension 'ros'
[6.993s] Level 1:colcon.colcon_core.package_identification:_identify(src/pmb2_navigation) by extensions ['cmake', 'python']
[6.993s] Level 1:colcon.colcon_core.package_identification:_identify(src/pmb2_navigation) by extension 'cmake'
[6.993s] Level 1:colcon.colcon_core.package_identification:_identify(src/pmb2_navigation) by extension 'python'
[6.993s] Level 1:colcon.colcon_core.package_identification:_identify(src/pmb2_navigation) by extensions ['python_setup_py']
[6.993s] Level 1:colcon.colcon_core.package_identification:_identify(src/pmb2_navigation) by extension 'python_setup_py'
[6.994s] Level 1:colcon.colcon_core.package_identification:_identify(src/pmb2_navigation/pmb2_2dnav) by extensions ['ignore', 'ignore_ament_install']
[6.994s] Level 1:colcon.colcon_core.package_identification:_identify(src/pmb2_navigation/pmb2_2dnav) by extension 'ignore'
[6.994s] Level 1:colcon.colcon_core.package_identification:_identify(src/pmb2_navigation/pmb2_2dnav) by extension 'ignore_ament_install'
[6.994s] Level 1:colcon.colcon_core.package_identification:_identify(src/pmb2_navigation/pmb2_2dnav) by extensions ['colcon_pkg']
[6.994s] Level 1:colcon.colcon_core.package_identification:_identify(src/pmb2_navigation/pmb2_2dnav) by extension 'colcon_pkg'
[6.995s] Level 1:colcon.colcon_core.package_identification:_identify(src/pmb2_navigation/pmb2_2dnav) by extensions ['colcon_meta']
[6.995s] Level 1:colcon.colcon_core.package_identification:_identify(src/pmb2_navigation/pmb2_2dnav) by extension 'colcon_meta'
[6.995s] Level 1:colcon.colcon_core.package_identification:_identify(src/pmb2_navigation/pmb2_2dnav) by extensions ['ros']
[6.995s] Level 1:colcon.colcon_core.package_identification:_identify(src/pmb2_navigation/pmb2_2dnav) by extension 'ros'
[7.003s] DEBUG:colcon.colcon_core.package_identification:Package 'src/pmb2_navigation/pmb2_2dnav' with type 'ros.ament_cmake' and name 'pmb2_2dnav'
[7.003s] Level 1:colcon.colcon_core.package_identification:_identify(src/pmb2_navigation/pmb2_laser_sensors) by extensions ['ignore', 'ignore_ament_install']
[7.004s] Level 1:colcon.colcon_core.package_identification:_identify(src/pmb2_navigation/pmb2_laser_sensors) by extension 'ignore'
[7.004s] Level 1:colcon.colcon_core.package_identification:_identify(src/pmb2_navigation/pmb2_laser_sensors) by extension 'ignore_ament_install'
[7.004s] Level 1:colcon.colcon_core.package_identification:_identify(src/pmb2_navigation/pmb2_laser_sensors) by extensions ['colcon_pkg']
[7.004s] Level 1:colcon.colcon_core.package_identification:_identify(src/pmb2_navigation/pmb2_laser_sensors) by extension 'colcon_pkg'
[7.004s] Level 1:colcon.colcon_core.package_identification:_identify(src/pmb2_navigation/pmb2_laser_sensors) by extensions ['colcon_meta']
[7.004s] Level 1:colcon.colcon_core.package_identification:_identify(src/pmb2_navigation/pmb2_laser_sensors) by extension 'colcon_meta'
[7.004s] Level 1:colcon.colcon_core.package_identification:_identify(src/pmb2_navigation/pmb2_laser_sensors) by extensions ['ros']
[7.005s] Level 1:colcon.colcon_core.package_identification:_identify(src/pmb2_navigation/pmb2_laser_sensors) by extension 'ros'
[7.008s] DEBUG:colcon.colcon_core.package_identification:Package 'src/pmb2_navigation/pmb2_laser_sensors' with type 'ros.ament_cmake' and name 'pmb2_laser_sensors'
[7.008s] Level 1:colcon.colcon_core.package_identification:_identify(src/pmb2_navigation/pmb2_maps) by extensions ['ignore', 'ignore_ament_install']
[7.009s] Level 1:colcon.colcon_core.package_identification:_identify(src/pmb2_navigation/pmb2_maps) by extension 'ignore'
[7.009s] Level 1:colcon.colcon_core.package_identification:_identify(src/pmb2_navigation/pmb2_maps) by extension 'ignore_ament_install'
[7.009s] Level 1:colcon.colcon_core.package_identification:_identify(src/pmb2_navigation/pmb2_maps) by extensions ['colcon_pkg']
[7.009s] Level 1:colcon.colcon_core.package_identification:_identify(src/pmb2_navigation/pmb2_maps) by extension 'colcon_pkg'
[7.009s] Level 1:colcon.colcon_core.package_identification:_identify(src/pmb2_navigation/pmb2_maps) by extensions ['colcon_meta']
[7.010s] Level 1:colcon.colcon_core.package_identification:_identify(src/pmb2_navigation/pmb2_maps) by extension 'colcon_meta'
[7.010s] Level 1:colcon.colcon_core.package_identification:_identify(src/pmb2_navigation/pmb2_maps) by extensions ['ros']
[7.010s] Level 1:colcon.colcon_core.package_identification:_identify(src/pmb2_navigation/pmb2_maps) by extension 'ros'
[7.011s] DEBUG:colcon.colcon_core.package_identification:Package 'src/pmb2_navigation/pmb2_maps' with type 'ros.ament_cmake' and name 'pmb2_maps'
[7.012s] Level 1:colcon.colcon_core.package_identification:_identify(src/pmb2_navigation/pmb2_navigation) by extensions ['ignore', 'ignore_ament_install']
[7.012s] Level 1:colcon.colcon_core.package_identification:_identify(src/pmb2_navigation/pmb2_navigation) by extension 'ignore'
[7.012s] Level 1:colcon.colcon_core.package_identification:_identify(src/pmb2_navigation/pmb2_navigation) by extension 'ignore_ament_install'
[7.012s] Level 1:colcon.colcon_core.package_identification:_identify(src/pmb2_navigation/pmb2_navigation) by extensions ['colcon_pkg']
[7.013s] Level 1:colcon.colcon_core.package_identification:_identify(src/pmb2_navigation/pmb2_navigation) by extension 'colcon_pkg'
[7.013s] Level 1:colcon.colcon_core.package_identification:_identify(src/pmb2_navigation/pmb2_navigation) by extensions ['colcon_meta']
[7.013s] Level 1:colcon.colcon_core.package_identification:_identify(src/pmb2_navigation/pmb2_navigation) by extension 'colcon_meta'
[7.013s] Level 1:colcon.colcon_core.package_identification:_identify(src/pmb2_navigation/pmb2_navigation) by extensions ['ros']
[7.013s] Level 1:colcon.colcon_core.package_identification:_identify(src/pmb2_navigation/pmb2_navigation) by extension 'ros'
[7.015s] DEBUG:colcon.colcon_core.package_identification:Package 'src/pmb2_navigation/pmb2_navigation' with type 'ros.ament_cmake' and name 'pmb2_navigation'
[7.015s] Level 1:colcon.colcon_core.package_identification:_identify(src/pmb2_navigation/pmb2_rgbd_sensors) by extensions ['ignore', 'ignore_ament_install']
[7.015s] Level 1:colcon.colcon_core.package_identification:_identify(src/pmb2_navigation/pmb2_rgbd_sensors) by extension 'ignore'
[7.015s] Level 1:colcon.colcon_core.package_identification:_identify(src/pmb2_navigation/pmb2_rgbd_sensors) ignored
[7.016s] Level 1:colcon.colcon_core.package_identification:_identify(src/pmb2_robot) by extensions ['ignore', 'ignore_ament_install']
[7.016s] Level 1:colcon.colcon_core.package_identification:_identify(src/pmb2_robot) by extension 'ignore'
[7.016s] Level 1:colcon.colcon_core.package_identification:_identify(src/pmb2_robot) by extension 'ignore_ament_install'
[7.016s] Level 1:colcon.colcon_core.package_identification:_identify(src/pmb2_robot) by extensions ['colcon_pkg']
[7.017s] Level 1:colcon.colcon_core.package_identification:_identify(src/pmb2_robot) by extension 'colcon_pkg'
[7.017s] Level 1:colcon.colcon_core.package_identification:_identify(src/pmb2_robot) by extensions ['colcon_meta']
[7.017s] Level 1:colcon.colcon_core.package_identification:_identify(src/pmb2_robot) by extension 'colcon_meta'
[7.017s] Level 1:colcon.colcon_core.package_identification:_identify(src/pmb2_robot) by extensions ['ros']
[7.017s] Level 1:colcon.colcon_core.package_identification:_identify(src/pmb2_robot) by extension 'ros'
[7.017s] Level 1:colcon.colcon_core.package_identification:_identify(src/pmb2_robot) by extensions ['cmake', 'python']
[7.017s] Level 1:colcon.colcon_core.package_identification:_identify(src/pmb2_robot) by extension 'cmake'
[7.017s] Level 1:colcon.colcon_core.package_identification:_identify(src/pmb2_robot) by extension 'python'
[7.018s] Level 1:colcon.colcon_core.package_identification:_identify(src/pmb2_robot) by extensions ['python_setup_py']
[7.018s] Level 1:colcon.colcon_core.package_identification:_identify(src/pmb2_robot) by extension 'python_setup_py'
[7.018s] Level 1:colcon.colcon_core.package_identification:_identify(src/pmb2_robot/pmb2_bringup) by extensions ['ignore', 'ignore_ament_install']
[7.018s] Level 1:colcon.colcon_core.package_identification:_identify(src/pmb2_robot/pmb2_bringup) by extension 'ignore'
[7.018s] Level 1:colcon.colcon_core.package_identification:_identify(src/pmb2_robot/pmb2_bringup) by extension 'ignore_ament_install'
[7.019s] Level 1:colcon.colcon_core.package_identification:_identify(src/pmb2_robot/pmb2_bringup) by extensions ['colcon_pkg']
[7.019s] Level 1:colcon.colcon_core.package_identification:_identify(src/pmb2_robot/pmb2_bringup) by extension 'colcon_pkg'
[7.019s] Level 1:colcon.colcon_core.package_identification:_identify(src/pmb2_robot/pmb2_bringup) by extensions ['colcon_meta']
[7.019s] Level 1:colcon.colcon_core.package_identification:_identify(src/pmb2_robot/pmb2_bringup) by extension 'colcon_meta'
[7.019s] Level 1:colcon.colcon_core.package_identification:_identify(src/pmb2_robot/pmb2_bringup) by extensions ['ros']
[7.019s] Level 1:colcon.colcon_core.package_identification:_identify(src/pmb2_robot/pmb2_bringup) by extension 'ros'
[7.022s] DEBUG:colcon.colcon_core.package_identification:Package 'src/pmb2_robot/pmb2_bringup' with type 'ros.ament_cmake' and name 'pmb2_bringup'
[7.022s] Level 1:colcon.colcon_core.package_identification:_identify(src/pmb2_robot/pmb2_controller_configuration) by extensions ['ignore', 'ignore_ament_install']
[7.023s] Level 1:colcon.colcon_core.package_identification:_identify(src/pmb2_robot/pmb2_controller_configuration) by extension 'ignore'
[7.023s] Level 1:colcon.colcon_core.package_identification:_identify(src/pmb2_robot/pmb2_controller_configuration) by extension 'ignore_ament_install'
[7.023s] Level 1:colcon.colcon_core.package_identification:_identify(src/pmb2_robot/pmb2_controller_configuration) by extensions ['colcon_pkg']
[7.023s] Level 1:colcon.colcon_core.package_identification:_identify(src/pmb2_robot/pmb2_controller_configuration) by extension 'colcon_pkg'
[7.023s] Level 1:colcon.colcon_core.package_identification:_identify(src/pmb2_robot/pmb2_controller_configuration) by extensions ['colcon_meta']
[7.023s] Level 1:colcon.colcon_core.package_identification:_identify(src/pmb2_robot/pmb2_controller_configuration) by extension 'colcon_meta'
[7.024s] Level 1:colcon.colcon_core.package_identification:_identify(src/pmb2_robot/pmb2_controller_configuration) by extensions ['ros']
[7.024s] Level 1:colcon.colcon_core.package_identification:_identify(src/pmb2_robot/pmb2_controller_configuration) by extension 'ros'
[7.027s] DEBUG:colcon.colcon_core.package_identification:Package 'src/pmb2_robot/pmb2_controller_configuration' with type 'ros.ament_cmake' and name 'pmb2_controller_configuration'
[7.027s] Level 1:colcon.colcon_core.package_identification:_identify(src/pmb2_robot/pmb2_description) by extensions ['ignore', 'ignore_ament_install']
[7.028s] Level 1:colcon.colcon_core.package_identification:_identify(src/pmb2_robot/pmb2_description) by extension 'ignore'
[7.028s] Level 1:colcon.colcon_core.package_identification:_identify(src/pmb2_robot/pmb2_description) by extension 'ignore_ament_install'
[7.028s] Level 1:colcon.colcon_core.package_identification:_identify(src/pmb2_robot/pmb2_description) by extensions ['colcon_pkg']
[7.028s] Level 1:colcon.colcon_core.package_identification:_identify(src/pmb2_robot/pmb2_description) by extension 'colcon_pkg'
[7.028s] Level 1:colcon.colcon_core.package_identification:_identify(src/pmb2_robot/pmb2_description) by extensions ['colcon_meta']
[7.028s] Level 1:colcon.colcon_core.package_identification:_identify(src/pmb2_robot/pmb2_description) by extension 'colcon_meta'
[7.028s] Level 1:colcon.colcon_core.package_identification:_identify(src/pmb2_robot/pmb2_description) by extensions ['ros']
[7.028s] Level 1:colcon.colcon_core.package_identification:_identify(src/pmb2_robot/pmb2_description) by extension 'ros'
[7.032s] DEBUG:colcon.colcon_core.package_identification:Package 'src/pmb2_robot/pmb2_description' with type 'ros.ament_cmake' and name 'pmb2_description'
[7.032s] Level 1:colcon.colcon_core.package_identification:_identify(src/pmb2_robot/pmb2_robot) by extensions ['ignore', 'ignore_ament_install']
[7.032s] Level 1:colcon.colcon_core.package_identification:_identify(src/pmb2_robot/pmb2_robot) by extension 'ignore'
[7.033s] Level 1:colcon.colcon_core.package_identification:_identify(src/pmb2_robot/pmb2_robot) by extension 'ignore_ament_install'
[7.033s] Level 1:colcon.colcon_core.package_identification:_identify(src/pmb2_robot/pmb2_robot) by extensions ['colcon_pkg']
[7.033s] Level 1:colcon.colcon_core.package_identification:_identify(src/pmb2_robot/pmb2_robot) by extension 'colcon_pkg'
[7.033s] Level 1:colcon.colcon_core.package_identification:_identify(src/pmb2_robot/pmb2_robot) by extensions ['colcon_meta']
[7.033s] Level 1:colcon.colcon_core.package_identification:_identify(src/pmb2_robot/pmb2_robot) by extension 'colcon_meta'
[7.033s] Level 1:colcon.colcon_core.package_identification:_identify(src/pmb2_robot/pmb2_robot) by extensions ['ros']
[7.033s] Level 1:colcon.colcon_core.package_identification:_identify(src/pmb2_robot/pmb2_robot) by extension 'ros'
[7.035s] DEBUG:colcon.colcon_core.package_identification:Package 'src/pmb2_robot/pmb2_robot' with type 'ros.ament_cmake' and name 'pmb2_robot'
[7.036s] Level 1:colcon.colcon_core.package_identification:_identify(src/tiago_autonomous_exploration) by extensions ['ignore', 'ignore_ament_install']
[7.036s] Level 1:colcon.colcon_core.package_identification:_identify(src/tiago_autonomous_exploration) by extension 'ignore'
[7.036s] Level 1:colcon.colcon_core.package_identification:_identify(src/tiago_autonomous_exploration) by extension 'ignore_ament_install'
[7.036s] Level 1:colcon.colcon_core.package_identification:_identify(src/tiago_autonomous_exploration) by extensions ['colcon_pkg']
[7.036s] Level 1:colcon.colcon_core.package_identification:_identify(src/tiago_autonomous_exploration) by extension 'colcon_pkg'
[7.037s] Level 1:colcon.colcon_core.package_identification:_identify(src/tiago_autonomous_exploration) by extensions ['colcon_meta']
[7.037s] Level 1:colcon.colcon_core.package_identification:_identify(src/tiago_autonomous_exploration) by extension 'colcon_meta'
[7.037s] Level 1:colcon.colcon_core.package_identification:_identify(src/tiago_autonomous_exploration) by extensions ['ros']
[7.037s] Level 1:colcon.colcon_core.package_identification:_identify(src/tiago_autonomous_exploration) by extension 'ros'
[7.040s] DEBUG:colcon.colcon_core.package_identification:Package 'src/tiago_autonomous_exploration' with type 'ros.ament_python' and name 'tiago_autonomous_exploration'
[7.040s] Level 1:colcon.colcon_core.package_identification:_identify(src/tiago_autonomous_navigation) by extensions ['ignore', 'ignore_ament_install']
[7.041s] Level 1:colcon.colcon_core.package_identification:_identify(src/tiago_autonomous_navigation) by extension 'ignore'
[7.041s] Level 1:colcon.colcon_core.package_identification:_identify(src/tiago_autonomous_navigation) by extension 'ignore_ament_install'
[7.042s] Level 1:colcon.colcon_core.package_identification:_identify(src/tiago_autonomous_navigation) by extensions ['colcon_pkg']
[7.042s] Level 1:colcon.colcon_core.package_identification:_identify(src/tiago_autonomous_navigation) by extension 'colcon_pkg'
[7.042s] Level 1:colcon.colcon_core.package_identification:_identify(src/tiago_autonomous_navigation) by extensions ['colcon_meta']
[7.042s] Level 1:colcon.colcon_core.package_identification:_identify(src/tiago_autonomous_navigation) by extension 'colcon_meta'
[7.042s] Level 1:colcon.colcon_core.package_identification:_identify(src/tiago_autonomous_navigation) by extensions ['ros']
[7.042s] Level 1:colcon.colcon_core.package_identification:_identify(src/tiago_autonomous_navigation) by extension 'ros'
[7.044s] DEBUG:colcon.colcon_core.package_identification:Package 'src/tiago_autonomous_navigation' with type 'ros.ament_python' and name 'tiago_autonomous_navigation'
[7.044s] Level 1:colcon.colcon_core.package_identification:_identify(src/tiago_controller_configuration) by extensions ['ignore', 'ignore_ament_install']
[7.045s] Level 1:colcon.colcon_core.package_identification:_identify(src/tiago_controller_configuration) by extension 'ignore'
[7.045s] Level 1:colcon.colcon_core.package_identification:_identify(src/tiago_controller_configuration) by extension 'ignore_ament_install'
[7.045s] Level 1:colcon.colcon_core.package_identification:_identify(src/tiago_controller_configuration) by extensions ['colcon_pkg']
[7.045s] Level 1:colcon.colcon_core.package_identification:_identify(src/tiago_controller_configuration) by extension 'colcon_pkg'
[7.045s] Level 1:colcon.colcon_core.package_identification:_identify(src/tiago_controller_configuration) by extensions ['colcon_meta']
[7.045s] Level 1:colcon.colcon_core.package_identification:_identify(src/tiago_controller_configuration) by extension 'colcon_meta'
[7.046s] Level 1:colcon.colcon_core.package_identification:_identify(src/tiago_controller_configuration) by extensions ['ros']
[7.046s] Level 1:colcon.colcon_core.package_identification:_identify(src/tiago_controller_configuration) by extension 'ros'
[7.060s] DEBUG:colcon.colcon_core.package_identification:Package 'src/tiago_controller_configuration' with type 'ros.ament_cmake' and name 'tiago_controller_configuration'
[7.061s] Level 1:colcon.colcon_core.package_identification:_identify(src/tiago_exam) by extensions ['ignore', 'ignore_ament_install']
[7.061s] Level 1:colcon.colcon_core.package_identification:_identify(src/tiago_exam) by extension 'ignore'
[7.061s] Level 1:colcon.colcon_core.package_identification:_identify(src/tiago_exam) by extension 'ignore_ament_install'
[7.061s] Level 1:colcon.colcon_core.package_identification:_identify(src/tiago_exam) by extensions ['colcon_pkg']
[7.062s] Level 1:colcon.colcon_core.package_identification:_identify(src/tiago_exam) by extension 'colcon_pkg'
[7.062s] Level 1:colcon.colcon_core.package_identification:_identify(src/tiago_exam) by extensions ['colcon_meta']
[7.062s] Level 1:colcon.colcon_core.package_identification:_identify(src/tiago_exam) by extension 'colcon_meta'
[7.062s] Level 1:colcon.colcon_core.package_identification:_identify(src/tiago_exam) by extensions ['ros']
[7.062s] Level 1:colcon.colcon_core.package_identification:_identify(src/tiago_exam) by extension 'ros'
[7.065s] DEBUG:colcon.colcon_core.package_identification:Package 'src/tiago_exam' with type 'ros.ament_cmake' and name 'tiago_exam'
[7.065s] Level 1:colcon.colcon_core.package_identification:_identify(src/tiago_exam_worlds) by extensions ['ignore', 'ignore_ament_install']
[7.065s] Level 1:colcon.colcon_core.package_identification:_identify(src/tiago_exam_worlds) by extension 'ignore'
[7.066s] Level 1:colcon.colcon_core.package_identification:_identify(src/tiago_exam_worlds) by extension 'ignore_ament_install'
[7.066s] Level 1:colcon.colcon_core.package_identification:_identify(src/tiago_exam_worlds) by extensions ['colcon_pkg']
[7.066s] Level 1:colcon.colcon_core.package_identification:_identify(src/tiago_exam_worlds) by extension 'colcon_pkg'
[7.066s] Level 1:colcon.colcon_core.package_identification:_identify(src/tiago_exam_worlds) by extensions ['colcon_meta']
[7.066s] Level 1:colcon.colcon_core.package_identification:_identify(src/tiago_exam_worlds) by extension 'colcon_meta'
[7.066s] Level 1:colcon.colcon_core.package_identification:_identify(src/tiago_exam_worlds) by extensions ['ros']
[7.066s] Level 1:colcon.colcon_core.package_identification:_identify(src/tiago_exam_worlds) by extension 'ros'
[7.084s] DEBUG:colcon.colcon_core.package_identification:Package 'src/tiago_exam_worlds' with type 'ros.ament_cmake' and name 'tiago_exam_worlds'
[7.084s] Level 1:colcon.colcon_core.package_identification:_identify(src/tiago_navigation.bak) by extensions ['ignore', 'ignore_ament_install']
[7.085s] Level 1:colcon.colcon_core.package_identification:_identify(src/tiago_navigation.bak) by extension 'ignore'
[7.085s] Level 1:colcon.colcon_core.package_identification:_identify(src/tiago_navigation.bak) by extension 'ignore_ament_install'
[7.085s] Level 1:colcon.colcon_core.package_identification:_identify(src/tiago_navigation.bak) by extensions ['colcon_pkg']
[7.085s] Level 1:colcon.colcon_core.package_identification:_identify(src/tiago_navigation.bak) by extension 'colcon_pkg'
[7.085s] Level 1:colcon.colcon_core.package_identification:_identify(src/tiago_navigation.bak) by extensions ['colcon_meta']
[7.086s] Level 1:colcon.colcon_core.package_identification:_identify(src/tiago_navigation.bak) by extension 'colcon_meta'
[7.086s] Level 1:colcon.colcon_core.package_identification:_identify(src/tiago_navigation.bak) by extensions ['ros']
[7.086s] Level 1:colcon.colcon_core.package_identification:_identify(src/tiago_navigation.bak) by extension 'ros'
[7.086s] Level 1:colcon.colcon_core.package_identification:_identify(src/tiago_navigation.bak) by extensions ['cmake', 'python']
[7.086s] Level 1:colcon.colcon_core.package_identification:_identify(src/tiago_navigation.bak) by extension 'cmake'
[7.086s] Level 1:colcon.colcon_core.package_identification:_identify(src/tiago_navigation.bak) by extension 'python'
[7.087s] Level 1:colcon.colcon_core.package_identification:_identify(src/tiago_navigation.bak) by extensions ['python_setup_py']
[7.087s] Level 1:colcon.colcon_core.package_identification:_identify(src/tiago_navigation.bak) by extension 'python_setup_py'
[7.087s] Level 1:colcon.colcon_core.package_identification:_identify(src/tiago_navigation.bak/tiago_2dnav) by extensions ['ignore', 'ignore_ament_install']
[7.087s] Level 1:colcon.colcon_core.package_identification:_identify(src/tiago_navigation.bak/tiago_2dnav) by extension 'ignore'
[7.087s] Level 1:colcon.colcon_core.package_identification:_identify(src/tiago_navigation.bak/tiago_2dnav) by extension 'ignore_ament_install'
[7.088s] Level 1:colcon.colcon_core.package_identification:_identify(src/tiago_navigation.bak/tiago_2dnav) by extensions ['colcon_pkg']
[7.088s] Level 1:colcon.colcon_core.package_identification:_identify(src/tiago_navigation.bak/tiago_2dnav) by extension 'colcon_pkg'
[7.088s] Level 1:colcon.colcon_core.package_identification:_identify(src/tiago_navigation.bak/tiago_2dnav) by extensions ['colcon_meta']
[7.088s] Level 1:colcon.colcon_core.package_identification:_identify(src/tiago_navigation.bak/tiago_2dnav) by extension 'colcon_meta'
[7.088s] Level 1:colcon.colcon_core.package_identification:_identify(src/tiago_navigation.bak/tiago_2dnav) by extensions ['ros']
[7.088s] Level 1:colcon.colcon_core.package_identification:_identify(src/tiago_navigation.bak/tiago_2dnav) by extension 'ros'
[7.105s] DEBUG:colcon.colcon_core.package_identification:Package 'src/tiago_navigation.bak/tiago_2dnav' with type 'ros.ament_cmake' and name 'tiago_2dnav'
[7.105s] Level 1:colcon.colcon_core.package_identification:_identify(src/tiago_navigation.bak/tiago_laser_sensors) by extensions ['ignore', 'ignore_ament_install']
[7.106s] Level 1:colcon.colcon_core.package_identification:_identify(src/tiago_navigation.bak/tiago_laser_sensors) by extension 'ignore'
[7.106s] Level 1:colcon.colcon_core.package_identification:_identify(src/tiago_navigation.bak/tiago_laser_sensors) by extension 'ignore_ament_install'
[7.106s] Level 1:colcon.colcon_core.package_identification:_identify(src/tiago_navigation.bak/tiago_laser_sensors) by extensions ['colcon_pkg']
[7.106s] Level 1:colcon.colcon_core.package_identification:_identify(src/tiago_navigation.bak/tiago_laser_sensors) by extension 'colcon_pkg'
[7.106s] Level 1:colcon.colcon_core.package_identification:_identify(src/tiago_navigation.bak/tiago_laser_sensors) by extensions ['colcon_meta']
[7.106s] Level 1:colcon.colcon_core.package_identification:_identify(src/tiago_navigation.bak/tiago_laser_sensors) by extension 'colcon_meta'
[7.106s] Level 1:colcon.colcon_core.package_identification:_identify(src/tiago_navigation.bak/tiago_laser_sensors) by extensions ['ros']
[7.106s] Level 1:colcon.colcon_core.package_identification:_identify(src/tiago_navigation.bak/tiago_laser_sensors) by extension 'ros'
[7.109s] DEBUG:colcon.colcon_core.package_identification:Package 'src/tiago_navigation.bak/tiago_laser_sensors' with type 'ros.ament_cmake' and name 'tiago_laser_sensors'
[7.110s] Level 1:colcon.colcon_core.package_identification:_identify(src/tiago_navigation.bak/tiago_navigation) by extensions ['ignore', 'ignore_ament_install']
[7.110s] Level 1:colcon.colcon_core.package_identification:_identify(src/tiago_navigation.bak/tiago_navigation) by extension 'ignore'
[7.110s] Level 1:colcon.colcon_core.package_identification:_identify(src/tiago_navigation.bak/tiago_navigation) by extension 'ignore_ament_install'
[7.111s] Level 1:colcon.colcon_core.package_identification:_identify(src/tiago_navigation.bak/tiago_navigation) by extensions ['colcon_pkg']
[7.111s] Level 1:colcon.colcon_core.package_identification:_identify(src/tiago_navigation.bak/tiago_navigation) by extension 'colcon_pkg'
[7.111s] Level 1:colcon.colcon_core.package_identification:_identify(src/tiago_navigation.bak/tiago_navigation) by extensions ['colcon_meta']
[7.111s] Level 1:colcon.colcon_core.package_identification:_identify(src/tiago_navigation.bak/tiago_navigation) by extension 'colcon_meta'
[7.111s] Level 1:colcon.colcon_core.package_identification:_identify(src/tiago_navigation.bak/tiago_navigation) by extensions ['ros']
[7.111s] Level 1:colcon.colcon_core.package_identification:_identify(src/tiago_navigation.bak/tiago_navigation) by extension 'ros'
[7.113s] DEBUG:colcon.colcon_core.package_identification:Package 'src/tiago_navigation.bak/tiago_navigation' with type 'ros.ament_cmake' and name 'tiago_navigation'
[7.114s] Level 1:colcon.colcon_core.package_identification:_identify(src/tiago_navigation_backup) by extensions ['ignore', 'ignore_ament_install']
[7.114s] Level 1:colcon.colcon_core.package_identification:_identify(src/tiago_navigation_backup) by extension 'ignore'
[7.114s] Level 1:colcon.colcon_core.package_identification:_identify(src/tiago_navigation_backup) by extension 'ignore_ament_install'
[7.114s] Level 1:colcon.colcon_core.package_identification:_identify(src/tiago_navigation_backup) by extensions ['colcon_pkg']
[7.114s] Level 1:colcon.colcon_core.package_identification:_identify(src/tiago_navigation_backup) by extension 'colcon_pkg'
[7.115s] Level 1:colcon.colcon_core.package_identification:_identify(src/tiago_navigation_backup) by extensions ['colcon_meta']
[7.115s] Level 1:colcon.colcon_core.package_identification:_identify(src/tiago_navigation_backup) by extension 'colcon_meta'
[7.115s] Level 1:colcon.colcon_core.package_identification:_identify(src/tiago_navigation_backup) by extensions ['ros']
[7.115s] Level 1:colcon.colcon_core.package_identification:_identify(src/tiago_navigation_backup) by extension 'ros'
[7.115s] Level 1:colcon.colcon_core.package_identification:_identify(src/tiago_navigation_backup) by extensions ['cmake', 'python']
[7.115s] Level 1:colcon.colcon_core.package_identification:_identify(src/tiago_navigation_backup) by extension 'cmake'
[7.115s] Level 1:colcon.colcon_core.package_identification:_identify(src/tiago_navigation_backup) by extension 'python'
[7.116s] Level 1:colcon.colcon_core.package_identification:_identify(src/tiago_navigation_backup) by extensions ['python_setup_py']
[7.116s] Level 1:colcon.colcon_core.package_identification:_identify(src/tiago_navigation_backup) by extension 'python_setup_py'
[7.116s] Level 1:colcon.colcon_core.package_discovery:discover_packages(recursive) using defaults
[7.116s] Level 1:colcon.colcon_core.package_discovery:discover_packages(ignore) discover
[7.116s] Level 1:colcon.colcon_core.package_discovery:discover_packages(ignore) using defaults
[7.116s] Level 1:colcon.colcon_core.package_discovery:discover_packages(path) discover
[7.116s] Level 1:colcon.colcon_core.package_discovery:discover_packages(path) using defaults
[7.344s] Level 1:colcon.colcon_core.package_discovery:discover_packages(prefix_path) check parameters
[7.344s] Level 1:colcon.colcon_core.package_discovery:discover_packages(prefix_path) discover
[7.515s] DEBUG:colcon.colcon_installed_package_information.package_discovery:Found 18 installed packages in /home/ines/tiago_ws/install
[7.528s] DEBUG:colcon.colcon_installed_package_information.package_discovery:Found 2 installed packages in /home/ines/ros2_ws/install
[7.595s] DEBUG:colcon.colcon_installed_package_information.package_discovery:Found 1 installed packages in /home/ines/test_ws/install
[7.601s] DEBUG:colcon.colcon_installed_package_information.package_discovery:Found 471 installed packages in /opt/ros/humble
[7.609s] Level 1:colcon.colcon_core.package_discovery:discover_packages(prefix_path) using defaults
[8.124s] WARNING:colcon.colcon_core.package_selection:Some selected packages are already built in one or more underlay workspaces:
	'tiago_controller_configuration' is in: /home/ines/tiago_ws/install/tiago_controller_configuration, /opt/ros/humble
	'pmb2_description' is in: /opt/ros/humble
If a package in a merged underlay workspace is overridden and it installs headers, then all packages in the overlay must sort their include directories by workspace order. Failure to do so may result in build failures or undefined behavior at run time.
If the overridden package is used by another package in any underlay, then the overriding package in the overlay must be API and ABI compatible or undefined behavior at run time may occur.

If you understand the risks and want to override a package anyways, add the following to the command line:
	--allow-overriding pmb2_description tiago_controller_configuration

This may be promoted to an error in a future release of colcon-override-check.
[8.127s] Level 5:colcon.colcon_core.verb:set package 'explore_lite' build argument 'cmake_args' from command line to 'None'
[8.128s] Level 5:colcon.colcon_core.verb:set package 'explore_lite' build argument 'cmake_target' from command line to 'None'
[8.128s] Level 5:colcon.colcon_core.verb:set package 'explore_lite' build argument 'cmake_target_skip_unavailable' from command line to 'False'
[8.128s] Level 5:colcon.colcon_core.verb:set package 'explore_lite' build argument 'cmake_clean_cache' from command line to 'False'
[8.128s] Level 5:colcon.colcon_core.verb:set package 'explore_lite' build argument 'cmake_clean_first' from command line to 'False'
[8.128s] Level 5:colcon.colcon_core.verb:set package 'explore_lite' build argument 'cmake_force_configure' from command line to 'False'
[8.128s] Level 5:colcon.colcon_core.verb:set package 'explore_lite' build argument 'ament_cmake_args' from command line to 'None'
[8.128s] Level 5:colcon.colcon_core.verb:set package 'explore_lite' build argument 'catkin_cmake_args' from command line to 'None'
[8.128s] Level 5:colcon.colcon_core.verb:set package 'explore_lite' build argument 'catkin_skip_building_tests' from command line to 'False'
[8.128s] DEBUG:colcon.colcon_core.verb:Building package 'explore_lite' with the following arguments: {'ament_cmake_args': None, 'build_base': '/home/ines/tiago_ws/build/explore_lite', 'catkin_cmake_args': None, 'catkin_skip_building_tests': False, 'cmake_args': None, 'cmake_clean_cache': False, 'cmake_clean_first': False, 'cmake_force_configure': False, 'cmake_target': None, 'cmake_target_skip_unavailable': False, 'install_base': '/home/ines/tiago_ws/install/explore_lite', 'merge_install': False, 'path': '/home/ines/tiago_ws/src/m-explore-ros2/m-explore-ros2-main/explore', 'symlink_install': True, 'test_result_base': None}
[8.130s] Level 5:colcon.colcon_core.verb:set package 'multirobot_map_merge' build argument 'cmake_args' from command line to 'None'
[8.130s] Level 5:colcon.colcon_core.verb:set package 'multirobot_map_merge' build argument 'cmake_target' from command line to 'None'
[8.130s] Level 5:colcon.colcon_core.verb:set package 'multirobot_map_merge' build argument 'cmake_target_skip_unavailable' from command line to 'False'
[8.130s] Level 5:colcon.colcon_core.verb:set package 'multirobot_map_merge' build argument 'cmake_clean_cache' from command line to 'False'
[8.130s] Level 5:colcon.colcon_core.verb:set package 'multirobot_map_merge' build argument 'cmake_clean_first' from command line to 'False'
[8.130s] Level 5:colcon.colcon_core.verb:set package 'multirobot_map_merge' build argument 'cmake_force_configure' from command line to 'False'
[8.130s] Level 5:colcon.colcon_core.verb:set package 'multirobot_map_merge' build argument 'ament_cmake_args' from command line to 'None'
[8.130s] Level 5:colcon.colcon_core.verb:set package 'multirobot_map_merge' build argument 'catkin_cmake_args' from command line to 'None'
[8.130s] Level 5:colcon.colcon_core.verb:set package 'multirobot_map_merge' build argument 'catkin_skip_building_tests' from command line to 'False'
[8.130s] DEBUG:colcon.colcon_core.verb:Building package 'multirobot_map_merge' with the following arguments: {'ament_cmake_args': None, 'build_base': '/home/ines/tiago_ws/build/multirobot_map_merge', 'catkin_cmake_args': None, 'catkin_skip_building_tests': False, 'cmake_args': None, 'cmake_clean_cache': False, 'cmake_clean_first': False, 'cmake_force_configure': False, 'cmake_target': None, 'cmake_target_skip_unavailable': False, 'install_base': '/home/ines/tiago_ws/install/multirobot_map_merge', 'merge_install': False, 'path': '/home/ines/tiago_ws/src/m-explore-ros2/m-explore-ros2-main/map_merge', 'symlink_install': True, 'test_result_base': None}
[8.132s] Level 5:colcon.colcon_core.verb:set package 'pal_navigation_cfg_params' build argument 'cmake_args' from command line to 'None'
[8.132s] Level 5:colcon.colcon_core.verb:set package 'pal_navigation_cfg_params' build argument 'cmake_target' from command line to 'None'
[8.132s] Level 5:colcon.colcon_core.verb:set package 'pal_navigation_cfg_params' build argument 'cmake_target_skip_unavailable' from command line to 'False'
[8.132s] Level 5:colcon.colcon_core.verb:set package 'pal_navigation_cfg_params' build argument 'cmake_clean_cache' from command line to 'False'
[8.132s] Level 5:colcon.colcon_core.verb:set package 'pal_navigation_cfg_params' build argument 'cmake_clean_first' from command line to 'False'
[8.132s] Level 5:colcon.colcon_core.verb:set package 'pal_navigation_cfg_params' build argument 'cmake_force_configure' from command line to 'False'
[8.132s] Level 5:colcon.colcon_core.verb:set package 'pal_navigation_cfg_params' build argument 'ament_cmake_args' from command line to 'None'
[8.132s] Level 5:colcon.colcon_core.verb:set package 'pal_navigation_cfg_params' build argument 'catkin_cmake_args' from command line to 'None'
[8.132s] Level 5:colcon.colcon_core.verb:set package 'pal_navigation_cfg_params' build argument 'catkin_skip_building_tests' from command line to 'False'
[8.132s] DEBUG:colcon.colcon_core.verb:Building package 'pal_navigation_cfg_params' with the following arguments: {'ament_cmake_args': None, 'build_base': '/home/ines/tiago_ws/build/pal_navigation_cfg_params', 'catkin_cmake_args': None, 'catkin_skip_building_tests': False, 'cmake_args': None, 'cmake_clean_cache': False, 'cmake_clean_first': False, 'cmake_force_configure': False, 'cmake_target': None, 'cmake_target_skip_unavailable': False, 'install_base': '/home/ines/tiago_ws/install/pal_navigation_cfg_params', 'merge_install': False, 'path': '/home/ines/tiago_ws/src/pal_navigation_cfg_public/pal_navigation_cfg_params', 'symlink_install': True, 'test_result_base': None}
[8.134s] Level 5:colcon.colcon_core.verb:set package 'pmb2_controller_configuration' build argument 'cmake_args' from command line to 'None'
[8.134s] Level 5:colcon.colcon_core.verb:set package 'pmb2_controller_configuration' build argument 'cmake_target' from command line to 'None'
[8.134s] Level 5:colcon.colcon_core.verb:set package 'pmb2_controller_configuration' build argument 'cmake_target_skip_unavailable' from command line to 'False'
[8.134s] Level 5:colcon.colcon_core.verb:set package 'pmb2_controller_configuration' build argument 'cmake_clean_cache' from command line to 'False'
[8.134s] Level 5:colcon.colcon_core.verb:set package 'pmb2_controller_configuration' build argument 'cmake_clean_first' from command line to 'False'
[8.134s] Level 5:colcon.colcon_core.verb:set package 'pmb2_controller_configuration' build argument 'cmake_force_configure' from command line to 'False'
[8.134s] Level 5:colcon.colcon_core.verb:set package 'pmb2_controller_configuration' build argument 'ament_cmake_args' from command line to 'None'
[8.134s] Level 5:colcon.colcon_core.verb:set package 'pmb2_controller_configuration' build argument 'catkin_cmake_args' from command line to 'None'
[8.134s] Level 5:colcon.colcon_core.verb:set package 'pmb2_controller_configuration' build argument 'catkin_skip_building_tests' from command line to 'False'
[8.134s] DEBUG:colcon.colcon_core.verb:Building package 'pmb2_controller_configuration' with the following arguments: {'ament_cmake_args': None, 'build_base': '/home/ines/tiago_ws/build/pmb2_controller_configuration', 'catkin_cmake_args': None, 'catkin_skip_building_tests': False, 'cmake_args': None, 'cmake_clean_cache': False, 'cmake_clean_first': False, 'cmake_force_configure': False, 'cmake_target': None, 'cmake_target_skip_unavailable': False, 'install_base': '/home/ines/tiago_ws/install/pmb2_controller_configuration', 'merge_install': False, 'path': '/home/ines/tiago_ws/src/pmb2_robot/pmb2_controller_configuration', 'symlink_install': True, 'test_result_base': None}
[8.136s] Level 5:colcon.colcon_core.verb:set package 'pmb2_laser_sensors' build argument 'cmake_args' from command line to 'None'
[8.136s] Level 5:colcon.colcon_core.verb:set package 'pmb2_laser_sensors' build argument 'cmake_target' from command line to 'None'
[8.136s] Level 5:colcon.colcon_core.verb:set package 'pmb2_laser_sensors' build argument 'cmake_target_skip_unavailable' from command line to 'False'
[8.136s] Level 5:colcon.colcon_core.verb:set package 'pmb2_laser_sensors' build argument 'cmake_clean_cache' from command line to 'False'
[8.136s] Level 5:colcon.colcon_core.verb:set package 'pmb2_laser_sensors' build argument 'cmake_clean_first' from command line to 'False'
[8.136s] Level 5:colcon.colcon_core.verb:set package 'pmb2_laser_sensors' build argument 'cmake_force_configure' from command line to 'False'
[8.136s] Level 5:colcon.colcon_core.verb:set package 'pmb2_laser_sensors' build argument 'ament_cmake_args' from command line to 'None'
[8.136s] Level 5:colcon.colcon_core.verb:set package 'pmb2_laser_sensors' build argument 'catkin_cmake_args' from command line to 'None'
[8.136s] Level 5:colcon.colcon_core.verb:set package 'pmb2_laser_sensors' build argument 'catkin_skip_building_tests' from command line to 'False'
[8.136s] DEBUG:colcon.colcon_core.verb:Building package 'pmb2_laser_sensors' with the following arguments: {'ament_cmake_args': None, 'build_base': '/home/ines/tiago_ws/build/pmb2_laser_sensors', 'catkin_cmake_args': None, 'catkin_skip_building_tests': False, 'cmake_args': None, 'cmake_clean_cache': False, 'cmake_clean_first': False, 'cmake_force_configure': False, 'cmake_target': None, 'cmake_target_skip_unavailable': False, 'install_base': '/home/ines/tiago_ws/install/pmb2_laser_sensors', 'merge_install': False, 'path': '/home/ines/tiago_ws/src/pmb2_navigation/pmb2_laser_sensors', 'symlink_install': True, 'test_result_base': None}
[8.138s] Level 5:colcon.colcon_core.verb:set package 'pmb2_maps' build argument 'cmake_args' from command line to 'None'
[8.138s] Level 5:colcon.colcon_core.verb:set package 'pmb2_maps' build argument 'cmake_target' from command line to 'None'
[8.138s] Level 5:colcon.colcon_core.verb:set package 'pmb2_maps' build argument 'cmake_target_skip_unavailable' from command line to 'False'
[8.138s] Level 5:colcon.colcon_core.verb:set package 'pmb2_maps' build argument 'cmake_clean_cache' from command line to 'False'
[8.138s] Level 5:colcon.colcon_core.verb:set package 'pmb2_maps' build argument 'cmake_clean_first' from command line to 'False'
[8.138s] Level 5:colcon.colcon_core.verb:set package 'pmb2_maps' build argument 'cmake_force_configure' from command line to 'False'
[8.138s] Level 5:colcon.colcon_core.verb:set package 'pmb2_maps' build argument 'ament_cmake_args' from command line to 'None'
[8.138s] Level 5:colcon.colcon_core.verb:set package 'pmb2_maps' build argument 'catkin_cmake_args' from command line to 'None'
[8.138s] Level 5:colcon.colcon_core.verb:set package 'pmb2_maps' build argument 'catkin_skip_building_tests' from command line to 'False'
[8.138s] DEBUG:colcon.colcon_core.verb:Building package 'pmb2_maps' with the following arguments: {'ament_cmake_args': None, 'build_base': '/home/ines/tiago_ws/build/pmb2_maps', 'catkin_cmake_args': None, 'catkin_skip_building_tests': False, 'cmake_args': None, 'cmake_clean_cache': False, 'cmake_clean_first': False, 'cmake_force_configure': False, 'cmake_target': None, 'cmake_target_skip_unavailable': False, 'install_base': '/home/ines/tiago_ws/install/pmb2_maps', 'merge_install': False, 'path': '/home/ines/tiago_ws/src/pmb2_navigation/pmb2_maps', 'symlink_install': True, 'test_result_base': None}
[8.140s] Level 5:colcon.colcon_core.verb:set package 'tiago_autonomous_exploration' build argument 'cmake_args' from command line to 'None'
[8.140s] Level 5:colcon.colcon_core.verb:set package 'tiago_autonomous_exploration' build argument 'cmake_target' from command line to 'None'
[8.140s] Level 5:colcon.colcon_core.verb:set package 'tiago_autonomous_exploration' build argument 'cmake_target_skip_unavailable' from command line to 'False'
[8.140s] Level 5:colcon.colcon_core.verb:set package 'tiago_autonomous_exploration' build argument 'cmake_clean_cache' from command line to 'False'
[8.140s] Level 5:colcon.colcon_core.verb:set package 'tiago_autonomous_exploration' build argument 'cmake_clean_first' from command line to 'False'
[8.140s] Level 5:colcon.colcon_core.verb:set package 'tiago_autonomous_exploration' build argument 'cmake_force_configure' from command line to 'False'
[8.140s] Level 5:colcon.colcon_core.verb:set package 'tiago_autonomous_exploration' build argument 'ament_cmake_args' from command line to 'None'
[8.140s] Level 5:colcon.colcon_core.verb:set package 'tiago_autonomous_exploration' build argument 'catkin_cmake_args' from command line to 'None'
[8.140s] Level 5:colcon.colcon_core.verb:set package 'tiago_autonomous_exploration' build argument 'catkin_skip_building_tests' from command line to 'False'
[8.140s] DEBUG:colcon.colcon_core.verb:Building package 'tiago_autonomous_exploration' with the following arguments: {'ament_cmake_args': None, 'build_base': '/home/ines/tiago_ws/build/tiago_autonomous_exploration', 'catkin_cmake_args': None, 'catkin_skip_building_tests': False, 'cmake_args': None, 'cmake_clean_cache': False, 'cmake_clean_first': False, 'cmake_force_configure': False, 'cmake_target': None, 'cmake_target_skip_unavailable': False, 'install_base': '/home/ines/tiago_ws/install/tiago_autonomous_exploration', 'merge_install': False, 'path': '/home/ines/tiago_ws/src/tiago_autonomous_exploration', 'symlink_install': True, 'test_result_base': None}
[8.141s] Level 5:colcon.colcon_core.verb:set package 'tiago_autonomous_navigation' build argument 'cmake_args' from command line to 'None'
[8.142s] Level 5:colcon.colcon_core.verb:set package 'tiago_autonomous_navigation' build argument 'cmake_target' from command line to 'None'
[8.142s] Level 5:colcon.colcon_core.verb:set package 'tiago_autonomous_navigation' build argument 'cmake_target_skip_unavailable' from command line to 'False'
[8.142s] Level 5:colcon.colcon_core.verb:set package 'tiago_autonomous_navigation' build argument 'cmake_clean_cache' from command line to 'False'
[8.142s] Level 5:colcon.colcon_core.verb:set package 'tiago_autonomous_navigation' build argument 'cmake_clean_first' from command line to 'False'
[8.142s] Level 5:colcon.colcon_core.verb:set package 'tiago_autonomous_navigation' build argument 'cmake_force_configure' from command line to 'False'
[8.142s] Level 5:colcon.colcon_core.verb:set package 'tiago_autonomous_navigation' build argument 'ament_cmake_args' from command line to 'None'
[8.142s] Level 5:colcon.colcon_core.verb:set package 'tiago_autonomous_navigation' build argument 'catkin_cmake_args' from command line to 'None'
[8.142s] Level 5:colcon.colcon_core.verb:set package 'tiago_autonomous_navigation' build argument 'catkin_skip_building_tests' from command line to 'False'
[8.142s] DEBUG:colcon.colcon_core.verb:Building package 'tiago_autonomous_navigation' with the following arguments: {'ament_cmake_args': None, 'build_base': '/home/ines/tiago_ws/build/tiago_autonomous_navigation', 'catkin_cmake_args': None, 'catkin_skip_building_tests': False, 'cmake_args': None, 'cmake_clean_cache': False, 'cmake_clean_first': False, 'cmake_force_configure': False, 'cmake_target': None, 'cmake_target_skip_unavailable': False, 'install_base': '/home/ines/tiago_ws/install/tiago_autonomous_navigation', 'merge_install': False, 'path': '/home/ines/tiago_ws/src/tiago_autonomous_navigation', 'symlink_install': True, 'test_result_base': None}
[8.143s] Level 5:colcon.colcon_core.verb:set package 'tiago_exam_worlds' build argument 'cmake_args' from command line to 'None'
[8.143s] Level 5:colcon.colcon_core.verb:set package 'tiago_exam_worlds' build argument 'cmake_target' from command line to 'None'
[8.143s] Level 5:colcon.colcon_core.verb:set package 'tiago_exam_worlds' build argument 'cmake_target_skip_unavailable' from command line to 'False'
[8.143s] Level 5:colcon.colcon_core.verb:set package 'tiago_exam_worlds' build argument 'cmake_clean_cache' from command line to 'False'
[8.143s] Level 5:colcon.colcon_core.verb:set package 'tiago_exam_worlds' build argument 'cmake_clean_first' from command line to 'False'
[8.143s] Level 5:colcon.colcon_core.verb:set package 'tiago_exam_worlds' build argument 'cmake_force_configure' from command line to 'False'
[8.143s] Level 5:colcon.colcon_core.verb:set package 'tiago_exam_worlds' build argument 'ament_cmake_args' from command line to 'None'
[8.143s] Level 5:colcon.colcon_core.verb:set package 'tiago_exam_worlds' build argument 'catkin_cmake_args' from command line to 'None'
[8.143s] Level 5:colcon.colcon_core.verb:set package 'tiago_exam_worlds' build argument 'catkin_skip_building_tests' from command line to 'False'
[8.144s] DEBUG:colcon.colcon_core.verb:Building package 'tiago_exam_worlds' with the following arguments: {'ament_cmake_args': None, 'build_base': '/home/ines/tiago_ws/build/tiago_exam_worlds', 'catkin_cmake_args': None, 'catkin_skip_building_tests': False, 'cmake_args': None, 'cmake_clean_cache': False, 'cmake_clean_first': False, 'cmake_force_configure': False, 'cmake_target': None, 'cmake_target_skip_unavailable': False, 'install_base': '/home/ines/tiago_ws/install/tiago_exam_worlds', 'merge_install': False, 'path': '/home/ines/tiago_ws/src/tiago_exam_worlds', 'symlink_install': True, 'test_result_base': None}
[8.145s] Level 5:colcon.colcon_core.verb:set package 'pal_navigation_cfg_bringup' build argument 'cmake_args' from command line to 'None'
[8.145s] Level 5:colcon.colcon_core.verb:set package 'pal_navigation_cfg_bringup' build argument 'cmake_target' from command line to 'None'
[8.145s] Level 5:colcon.colcon_core.verb:set package 'pal_navigation_cfg_bringup' build argument 'cmake_target_skip_unavailable' from command line to 'False'
[8.145s] Level 5:colcon.colcon_core.verb:set package 'pal_navigation_cfg_bringup' build argument 'cmake_clean_cache' from command line to 'False'
[8.145s] Level 5:colcon.colcon_core.verb:set package 'pal_navigation_cfg_bringup' build argument 'cmake_clean_first' from command line to 'False'
[8.145s] Level 5:colcon.colcon_core.verb:set package 'pal_navigation_cfg_bringup' build argument 'cmake_force_configure' from command line to 'False'
[8.145s] Level 5:colcon.colcon_core.verb:set package 'pal_navigation_cfg_bringup' build argument 'ament_cmake_args' from command line to 'None'
[8.145s] Level 5:colcon.colcon_core.verb:set package 'pal_navigation_cfg_bringup' build argument 'catkin_cmake_args' from command line to 'None'
[8.145s] Level 5:colcon.colcon_core.verb:set package 'pal_navigation_cfg_bringup' build argument 'catkin_skip_building_tests' from command line to 'False'
[8.145s] DEBUG:colcon.colcon_core.verb:Building package 'pal_navigation_cfg_bringup' with the following arguments: {'ament_cmake_args': None, 'build_base': '/home/ines/tiago_ws/build/pal_navigation_cfg_bringup', 'catkin_cmake_args': None, 'catkin_skip_building_tests': False, 'cmake_args': None, 'cmake_clean_cache': False, 'cmake_clean_first': False, 'cmake_force_configure': False, 'cmake_target': None, 'cmake_target_skip_unavailable': False, 'install_base': '/home/ines/tiago_ws/install/pal_navigation_cfg_bringup', 'merge_install': False, 'path': '/home/ines/tiago_ws/src/pal_navigation_cfg_public/pal_navigation_cfg_bringup', 'symlink_install': True, 'test_result_base': None}
[8.146s] Level 5:colcon.colcon_core.verb:set package 'pmb2_2dnav' build argument 'cmake_args' from command line to 'None'
[8.146s] Level 5:colcon.colcon_core.verb:set package 'pmb2_2dnav' build argument 'cmake_target' from command line to 'None'
[8.147s] Level 5:colcon.colcon_core.verb:set package 'pmb2_2dnav' build argument 'cmake_target_skip_unavailable' from command line to 'False'
[8.147s] Level 5:colcon.colcon_core.verb:set package 'pmb2_2dnav' build argument 'cmake_clean_cache' from command line to 'False'
[8.147s] Level 5:colcon.colcon_core.verb:set package 'pmb2_2dnav' build argument 'cmake_clean_first' from command line to 'False'
[8.147s] Level 5:colcon.colcon_core.verb:set package 'pmb2_2dnav' build argument 'cmake_force_configure' from command line to 'False'
[8.147s] Level 5:colcon.colcon_core.verb:set package 'pmb2_2dnav' build argument 'ament_cmake_args' from command line to 'None'
[8.147s] Level 5:colcon.colcon_core.verb:set package 'pmb2_2dnav' build argument 'catkin_cmake_args' from command line to 'None'
[8.147s] Level 5:colcon.colcon_core.verb:set package 'pmb2_2dnav' build argument 'catkin_skip_building_tests' from command line to 'False'
[8.147s] DEBUG:colcon.colcon_core.verb:Building package 'pmb2_2dnav' with the following arguments: {'ament_cmake_args': None, 'build_base': '/home/ines/tiago_ws/build/pmb2_2dnav', 'catkin_cmake_args': None, 'catkin_skip_building_tests': False, 'cmake_args': None, 'cmake_clean_cache': False, 'cmake_clean_first': False, 'cmake_force_configure': False, 'cmake_target': None, 'cmake_target_skip_unavailable': False, 'install_base': '/home/ines/tiago_ws/install/pmb2_2dnav', 'merge_install': False, 'path': '/home/ines/tiago_ws/src/pmb2_navigation/pmb2_2dnav', 'symlink_install': True, 'test_result_base': None}
[8.148s] Level 5:colcon.colcon_core.verb:set package 'pmb2_description' build argument 'cmake_args' from command line to 'None'
[8.148s] Level 5:colcon.colcon_core.verb:set package 'pmb2_description' build argument 'cmake_target' from command line to 'None'
[8.148s] Level 5:colcon.colcon_core.verb:set package 'pmb2_description' build argument 'cmake_target_skip_unavailable' from command line to 'False'
[8.149s] Level 5:colcon.colcon_core.verb:set package 'pmb2_description' build argument 'cmake_clean_cache' from command line to 'False'
[8.149s] Level 5:colcon.colcon_core.verb:set package 'pmb2_description' build argument 'cmake_clean_first' from command line to 'False'
[8.149s] Level 5:colcon.colcon_core.verb:set package 'pmb2_description' build argument 'cmake_force_configure' from command line to 'False'
[8.149s] Level 5:colcon.colcon_core.verb:set package 'pmb2_description' build argument 'ament_cmake_args' from command line to 'None'
[8.149s] Level 5:colcon.colcon_core.verb:set package 'pmb2_description' build argument 'catkin_cmake_args' from command line to 'None'
[8.149s] Level 5:colcon.colcon_core.verb:set package 'pmb2_description' build argument 'catkin_skip_building_tests' from command line to 'False'
[8.149s] DEBUG:colcon.colcon_core.verb:Building package 'pmb2_description' with the following arguments: {'ament_cmake_args': None, 'build_base': '/home/ines/tiago_ws/build/pmb2_description', 'catkin_cmake_args': None, 'catkin_skip_building_tests': False, 'cmake_args': None, 'cmake_clean_cache': False, 'cmake_clean_first': False, 'cmake_force_configure': False, 'cmake_target': None, 'cmake_target_skip_unavailable': False, 'install_base': '/home/ines/tiago_ws/install/pmb2_description', 'merge_install': False, 'path': '/home/ines/tiago_ws/src/pmb2_robot/pmb2_description', 'symlink_install': True, 'test_result_base': None}
[8.150s] Level 5:colcon.colcon_core.verb:set package 'tiago_2dnav' build argument 'cmake_args' from command line to 'None'
[8.150s] Level 5:colcon.colcon_core.verb:set package 'tiago_2dnav' build argument 'cmake_target' from command line to 'None'
[8.151s] Level 5:colcon.colcon_core.verb:set package 'tiago_2dnav' build argument 'cmake_target_skip_unavailable' from command line to 'False'
[8.151s] Level 5:colcon.colcon_core.verb:set package 'tiago_2dnav' build argument 'cmake_clean_cache' from command line to 'False'
[8.151s] Level 5:colcon.colcon_core.verb:set package 'tiago_2dnav' build argument 'cmake_clean_first' from command line to 'False'
[8.151s] Level 5:colcon.colcon_core.verb:set package 'tiago_2dnav' build argument 'cmake_force_configure' from command line to 'False'
[8.151s] Level 5:colcon.colcon_core.verb:set package 'tiago_2dnav' build argument 'ament_cmake_args' from command line to 'None'
[8.151s] Level 5:colcon.colcon_core.verb:set package 'tiago_2dnav' build argument 'catkin_cmake_args' from command line to 'None'
[8.151s] Level 5:colcon.colcon_core.verb:set package 'tiago_2dnav' build argument 'catkin_skip_building_tests' from command line to 'False'
[8.151s] DEBUG:colcon.colcon_core.verb:Building package 'tiago_2dnav' with the following arguments: {'ament_cmake_args': None, 'build_base': '/home/ines/tiago_ws/build/tiago_2dnav', 'catkin_cmake_args': None, 'catkin_skip_building_tests': False, 'cmake_args': None, 'cmake_clean_cache': False, 'cmake_clean_first': False, 'cmake_force_configure': False, 'cmake_target': None, 'cmake_target_skip_unavailable': False, 'install_base': '/home/ines/tiago_ws/install/tiago_2dnav', 'merge_install': False, 'path': '/home/ines/tiago_ws/src/tiago_navigation.bak/tiago_2dnav', 'symlink_install': True, 'test_result_base': None}
[8.152s] Level 5:colcon.colcon_core.verb:set package 'tiago_controller_configuration' build argument 'cmake_args' from command line to 'None'
[8.152s] Level 5:colcon.colcon_core.verb:set package 'tiago_controller_configuration' build argument 'cmake_target' from command line to 'None'
[8.153s] Level 5:colcon.colcon_core.verb:set package 'tiago_controller_configuration' build argument 'cmake_target_skip_unavailable' from command line to 'False'
[8.153s] Level 5:colcon.colcon_core.verb:set package 'tiago_controller_configuration' build argument 'cmake_clean_cache' from command line to 'False'
[8.153s] Level 5:colcon.colcon_core.verb:set package 'tiago_controller_configuration' build argument 'cmake_clean_first' from command line to 'False'
[8.153s] Level 5:colcon.colcon_core.verb:set package 'tiago_controller_configuration' build argument 'cmake_force_configure' from command line to 'False'
[8.153s] Level 5:colcon.colcon_core.verb:set package 'tiago_controller_configuration' build argument 'ament_cmake_args' from command line to 'None'
[8.153s] Level 5:colcon.colcon_core.verb:set package 'tiago_controller_configuration' build argument 'catkin_cmake_args' from command line to 'None'
[8.153s] Level 5:colcon.colcon_core.verb:set package 'tiago_controller_configuration' build argument 'catkin_skip_building_tests' from command line to 'False'
[8.153s] DEBUG:colcon.colcon_core.verb:Building package 'tiago_controller_configuration' with the following arguments: {'ament_cmake_args': None, 'build_base': '/home/ines/tiago_ws/build/tiago_controller_configuration', 'catkin_cmake_args': None, 'catkin_skip_building_tests': False, 'cmake_args': None, 'cmake_clean_cache': False, 'cmake_clean_first': False, 'cmake_force_configure': False, 'cmake_target': None, 'cmake_target_skip_unavailable': False, 'install_base': '/home/ines/tiago_ws/install/tiago_controller_configuration', 'merge_install': False, 'path': '/home/ines/tiago_ws/src/tiago_controller_configuration', 'symlink_install': True, 'test_result_base': None}
[8.154s] Level 5:colcon.colcon_core.verb:set package 'tiago_laser_sensors' build argument 'cmake_args' from command line to 'None'
[8.154s] Level 5:colcon.colcon_core.verb:set package 'tiago_laser_sensors' build argument 'cmake_target' from command line to 'None'
[8.154s] Level 5:colcon.colcon_core.verb:set package 'tiago_laser_sensors' build argument 'cmake_target_skip_unavailable' from command line to 'False'
[8.154s] Level 5:colcon.colcon_core.verb:set package 'tiago_laser_sensors' build argument 'cmake_clean_cache' from command line to 'False'
[8.154s] Level 5:colcon.colcon_core.verb:set package 'tiago_laser_sensors' build argument 'cmake_clean_first' from command line to 'False'
[8.154s] Level 5:colcon.colcon_core.verb:set package 'tiago_laser_sensors' build argument 'cmake_force_configure' from command line to 'False'
[8.154s] Level 5:colcon.colcon_core.verb:set package 'tiago_laser_sensors' build argument 'ament_cmake_args' from command line to 'None'
[8.155s] Level 5:colcon.colcon_core.verb:set package 'tiago_laser_sensors' build argument 'catkin_cmake_args' from command line to 'None'
[8.155s] Level 5:colcon.colcon_core.verb:set package 'tiago_laser_sensors' build argument 'catkin_skip_building_tests' from command line to 'False'
[8.155s] DEBUG:colcon.colcon_core.verb:Building package 'tiago_laser_sensors' with the following arguments: {'ament_cmake_args': None, 'build_base': '/home/ines/tiago_ws/build/tiago_laser_sensors', 'catkin_cmake_args': None, 'catkin_skip_building_tests': False, 'cmake_args': None, 'cmake_clean_cache': False, 'cmake_clean_first': False, 'cmake_force_configure': False, 'cmake_target': None, 'cmake_target_skip_unavailable': False, 'install_base': '/home/ines/tiago_ws/install/tiago_laser_sensors', 'merge_install': False, 'path': '/home/ines/tiago_ws/src/tiago_navigation.bak/tiago_laser_sensors', 'symlink_install': True, 'test_result_base': None}
[8.156s] Level 5:colcon.colcon_core.verb:set package 'pal_navigation_cfg' build argument 'cmake_args' from command line to 'None'
[8.156s] Level 5:colcon.colcon_core.verb:set package 'pal_navigation_cfg' build argument 'cmake_target' from command line to 'None'
[8.156s] Level 5:colcon.colcon_core.verb:set package 'pal_navigation_cfg' build argument 'cmake_target_skip_unavailable' from command line to 'False'
[8.156s] Level 5:colcon.colcon_core.verb:set package 'pal_navigation_cfg' build argument 'cmake_clean_cache' from command line to 'False'
[8.156s] Level 5:colcon.colcon_core.verb:set package 'pal_navigation_cfg' build argument 'cmake_clean_first' from command line to 'False'
[8.156s] Level 5:colcon.colcon_core.verb:set package 'pal_navigation_cfg' build argument 'cmake_force_configure' from command line to 'False'
[8.156s] Level 5:colcon.colcon_core.verb:set package 'pal_navigation_cfg' build argument 'ament_cmake_args' from command line to 'None'
[8.156s] Level 5:colcon.colcon_core.verb:set package 'pal_navigation_cfg' build argument 'catkin_cmake_args' from command line to 'None'
[8.156s] Level 5:colcon.colcon_core.verb:set package 'pal_navigation_cfg' build argument 'catkin_skip_building_tests' from command line to 'False'
[8.156s] DEBUG:colcon.colcon_core.verb:Building package 'pal_navigation_cfg' with the following arguments: {'ament_cmake_args': None, 'build_base': '/home/ines/tiago_ws/build/pal_navigation_cfg', 'catkin_cmake_args': None, 'catkin_skip_building_tests': False, 'cmake_args': None, 'cmake_clean_cache': False, 'cmake_clean_first': False, 'cmake_force_configure': False, 'cmake_target': None, 'cmake_target_skip_unavailable': False, 'install_base': '/home/ines/tiago_ws/install/pal_navigation_cfg', 'merge_install': False, 'path': '/home/ines/tiago_ws/src/pal_navigation_cfg_public/pal_navigation_cfg_public', 'symlink_install': True, 'test_result_base': None}
[8.157s] Level 5:colcon.colcon_core.verb:set package 'pmb2_bringup' build argument 'cmake_args' from command line to 'None'
[8.158s] Level 5:colcon.colcon_core.verb:set package 'pmb2_bringup' build argument 'cmake_target' from command line to 'None'
[8.158s] Level 5:colcon.colcon_core.verb:set package 'pmb2_bringup' build argument 'cmake_target_skip_unavailable' from command line to 'False'
[8.158s] Level 5:colcon.colcon_core.verb:set package 'pmb2_bringup' build argument 'cmake_clean_cache' from command line to 'False'
[8.158s] Level 5:colcon.colcon_core.verb:set package 'pmb2_bringup' build argument 'cmake_clean_first' from command line to 'False'
[8.158s] Level 5:colcon.colcon_core.verb:set package 'pmb2_bringup' build argument 'cmake_force_configure' from command line to 'False'
[8.158s] Level 5:colcon.colcon_core.verb:set package 'pmb2_bringup' build argument 'ament_cmake_args' from command line to 'None'
[8.158s] Level 5:colcon.colcon_core.verb:set package 'pmb2_bringup' build argument 'catkin_cmake_args' from command line to 'None'
[8.158s] Level 5:colcon.colcon_core.verb:set package 'pmb2_bringup' build argument 'catkin_skip_building_tests' from command line to 'False'
[8.158s] DEBUG:colcon.colcon_core.verb:Building package 'pmb2_bringup' with the following arguments: {'ament_cmake_args': None, 'build_base': '/home/ines/tiago_ws/build/pmb2_bringup', 'catkin_cmake_args': None, 'catkin_skip_building_tests': False, 'cmake_args': None, 'cmake_clean_cache': False, 'cmake_clean_first': False, 'cmake_force_configure': False, 'cmake_target': None, 'cmake_target_skip_unavailable': False, 'install_base': '/home/ines/tiago_ws/install/pmb2_bringup', 'merge_install': False, 'path': '/home/ines/tiago_ws/src/pmb2_robot/pmb2_bringup', 'symlink_install': True, 'test_result_base': None}
[8.159s] Level 5:colcon.colcon_core.verb:set package 'pmb2_navigation' build argument 'cmake_args' from command line to 'None'
[8.159s] Level 5:colcon.colcon_core.verb:set package 'pmb2_navigation' build argument 'cmake_target' from command line to 'None'
[8.159s] Level 5:colcon.colcon_core.verb:set package 'pmb2_navigation' build argument 'cmake_target_skip_unavailable' from command line to 'False'
[8.159s] Level 5:colcon.colcon_core.verb:set package 'pmb2_navigation' build argument 'cmake_clean_cache' from command line to 'False'
[8.159s] Level 5:colcon.colcon_core.verb:set package 'pmb2_navigation' build argument 'cmake_clean_first' from command line to 'False'
[8.159s] Level 5:colcon.colcon_core.verb:set package 'pmb2_navigation' build argument 'cmake_force_configure' from command line to 'False'
[8.159s] Level 5:colcon.colcon_core.verb:set package 'pmb2_navigation' build argument 'ament_cmake_args' from command line to 'None'
[8.160s] Level 5:colcon.colcon_core.verb:set package 'pmb2_navigation' build argument 'catkin_cmake_args' from command line to 'None'
[8.160s] Level 5:colcon.colcon_core.verb:set package 'pmb2_navigation' build argument 'catkin_skip_building_tests' from command line to 'False'
[8.160s] DEBUG:colcon.colcon_core.verb:Building package 'pmb2_navigation' with the following arguments: {'ament_cmake_args': None, 'build_base': '/home/ines/tiago_ws/build/pmb2_navigation', 'catkin_cmake_args': None, 'catkin_skip_building_tests': False, 'cmake_args': None, 'cmake_clean_cache': False, 'cmake_clean_first': False, 'cmake_force_configure': False, 'cmake_target': None, 'cmake_target_skip_unavailable': False, 'install_base': '/home/ines/tiago_ws/install/pmb2_navigation', 'merge_install': False, 'path': '/home/ines/tiago_ws/src/pmb2_navigation/pmb2_navigation', 'symlink_install': True, 'test_result_base': None}
[8.161s] Level 5:colcon.colcon_core.verb:set package 'tiago_exam' build argument 'cmake_args' from command line to 'None'
[8.161s] Level 5:colcon.colcon_core.verb:set package 'tiago_exam' build argument 'cmake_target' from command line to 'None'
[8.161s] Level 5:colcon.colcon_core.verb:set package 'tiago_exam' build argument 'cmake_target_skip_unavailable' from command line to 'False'
[8.161s] Level 5:colcon.colcon_core.verb:set package 'tiago_exam' build argument 'cmake_clean_cache' from command line to 'False'
[8.161s] Level 5:colcon.colcon_core.verb:set package 'tiago_exam' build argument 'cmake_clean_first' from command line to 'False'
[8.161s] Level 5:colcon.colcon_core.verb:set package 'tiago_exam' build argument 'cmake_force_configure' from command line to 'False'
[8.161s] Level 5:colcon.colcon_core.verb:set package 'tiago_exam' build argument 'ament_cmake_args' from command line to 'None'
[8.161s] Level 5:colcon.colcon_core.verb:set package 'tiago_exam' build argument 'catkin_cmake_args' from command line to 'None'
[8.161s] Level 5:colcon.colcon_core.verb:set package 'tiago_exam' build argument 'catkin_skip_building_tests' from command line to 'False'
[8.161s] DEBUG:colcon.colcon_core.verb:Building package 'tiago_exam' with the following arguments: {'ament_cmake_args': None, 'build_base': '/home/ines/tiago_ws/build/tiago_exam', 'catkin_cmake_args': None, 'catkin_skip_building_tests': False, 'cmake_args': None, 'cmake_clean_cache': False, 'cmake_clean_first': False, 'cmake_force_configure': False, 'cmake_target': None, 'cmake_target_skip_unavailable': False, 'install_base': '/home/ines/tiago_ws/install/tiago_exam', 'merge_install': False, 'path': '/home/ines/tiago_ws/src/tiago_exam', 'symlink_install': True, 'test_result_base': None}
[8.163s] Level 5:colcon.colcon_core.verb:set package 'tiago_navigation' build argument 'cmake_args' from command line to 'None'
[8.163s] Level 5:colcon.colcon_core.verb:set package 'tiago_navigation' build argument 'cmake_target' from command line to 'None'
[8.163s] Level 5:colcon.colcon_core.verb:set package 'tiago_navigation' build argument 'cmake_target_skip_unavailable' from command line to 'False'
[8.163s] Level 5:colcon.colcon_core.verb:set package 'tiago_navigation' build argument 'cmake_clean_cache' from command line to 'False'
[8.163s] Level 5:colcon.colcon_core.verb:set package 'tiago_navigation' build argument 'cmake_clean_first' from command line to 'False'
[8.163s] Level 5:colcon.colcon_core.verb:set package 'tiago_navigation' build argument 'cmake_force_configure' from command line to 'False'
[8.163s] Level 5:colcon.colcon_core.verb:set package 'tiago_navigation' build argument 'ament_cmake_args' from command line to 'None'
[8.163s] Level 5:colcon.colcon_core.verb:set package 'tiago_navigation' build argument 'catkin_cmake_args' from command line to 'None'
[8.163s] Level 5:colcon.colcon_core.verb:set package 'tiago_navigation' build argument 'catkin_skip_building_tests' from command line to 'False'
[8.163s] DEBUG:colcon.colcon_core.verb:Building package 'tiago_navigation' with the following arguments: {'ament_cmake_args': None, 'build_base': '/home/ines/tiago_ws/build/tiago_navigation', 'catkin_cmake_args': None, 'catkin_skip_building_tests': False, 'cmake_args': None, 'cmake_clean_cache': False, 'cmake_clean_first': False, 'cmake_force_configure': False, 'cmake_target': None, 'cmake_target_skip_unavailable': False, 'install_base': '/home/ines/tiago_ws/install/tiago_navigation', 'merge_install': False, 'path': '/home/ines/tiago_ws/src/tiago_navigation.bak/tiago_navigation', 'symlink_install': True, 'test_result_base': None}
[8.165s] Level 5:colcon.colcon_core.verb:set package 'pmb2_robot' build argument 'cmake_args' from command line to 'None'
[8.165s] Level 5:colcon.colcon_core.verb:set package 'pmb2_robot' build argument 'cmake_target' from command line to 'None'
[8.165s] Level 5:colcon.colcon_core.verb:set package 'pmb2_robot' build argument 'cmake_target_skip_unavailable' from command line to 'False'
[8.165s] Level 5:colcon.colcon_core.verb:set package 'pmb2_robot' build argument 'cmake_clean_cache' from command line to 'False'
[8.165s] Level 5:colcon.colcon_core.verb:set package 'pmb2_robot' build argument 'cmake_clean_first' from command line to 'False'
[8.165s] Level 5:colcon.colcon_core.verb:set package 'pmb2_robot' build argument 'cmake_force_configure' from command line to 'False'
[8.165s] Level 5:colcon.colcon_core.verb:set package 'pmb2_robot' build argument 'ament_cmake_args' from command line to 'None'
[8.165s] Level 5:colcon.colcon_core.verb:set package 'pmb2_robot' build argument 'catkin_cmake_args' from command line to 'None'
[8.165s] Level 5:colcon.colcon_core.verb:set package 'pmb2_robot' build argument 'catkin_skip_building_tests' from command line to 'False'
[8.165s] DEBUG:colcon.colcon_core.verb:Building package 'pmb2_robot' with the following arguments: {'ament_cmake_args': None, 'build_base': '/home/ines/tiago_ws/build/pmb2_robot', 'catkin_cmake_args': None, 'catkin_skip_building_tests': False, 'cmake_args': None, 'cmake_clean_cache': False, 'cmake_clean_first': False, 'cmake_force_configure': False, 'cmake_target': None, 'cmake_target_skip_unavailable': False, 'install_base': '/home/ines/tiago_ws/install/pmb2_robot', 'merge_install': False, 'path': '/home/ines/tiago_ws/src/pmb2_robot/pmb2_robot', 'symlink_install': True, 'test_result_base': None}
[8.166s] INFO:colcon.colcon_core.executor:Executing jobs using 'parallel' executor
[8.168s] DEBUG:colcon.colcon_parallel_executor.executor.parallel:run_until_complete
[8.169s] INFO:colcon.colcon_ros.task.ament_cmake.build:Building ROS package in '/home/ines/tiago_ws/src/pmb2_navigation/pmb2_maps' with build type 'ament_cmake'
[8.170s] INFO:colcon.colcon_cmake.task.cmake.build:Building CMake package in '/home/ines/tiago_ws/src/pmb2_navigation/pmb2_maps'
[8.236s] INFO:colcon.colcon_core.plugin_system:Skipping extension 'colcon_core.shell.bat': Not used on non-Windows systems
[8.236s] INFO:colcon.colcon_core.shell:Skip shell extension 'powershell' for command environment: Not usable outside of PowerShell
[8.237s] DEBUG:colcon.colcon_core.shell:Skip shell extension 'dsv' for command environment
[8.312s] INFO:colcon.colcon_ros.task.ament_cmake.build:Building ROS package in '/home/ines/tiago_ws/src/pmb2_robot/pmb2_controller_configuration' with build type 'ament_cmake'
[8.313s] INFO:colcon.colcon_cmake.task.cmake.build:Building CMake package in '/home/ines/tiago_ws/src/pmb2_robot/pmb2_controller_configuration'
[8.313s] INFO:colcon.colcon_core.shell:Skip shell extension 'powershell' for command environment: Not usable outside of PowerShell
[8.314s] DEBUG:colcon.colcon_core.shell:Skip shell extension 'dsv' for command environment
[8.333s] INFO:colcon.colcon_ros.task.ament_cmake.build:Building ROS package in '/home/ines/tiago_ws/src/pmb2_navigation/pmb2_laser_sensors' with build type 'ament_cmake'
[8.333s] INFO:colcon.colcon_cmake.task.cmake.build:Building CMake package in '/home/ines/tiago_ws/src/pmb2_navigation/pmb2_laser_sensors'
[8.334s] INFO:colcon.colcon_core.shell:Skip shell extension 'powershell' for command environment: Not usable outside of PowerShell
[8.334s] DEBUG:colcon.colcon_core.shell:Skip shell extension 'dsv' for command environment
[8.351s] INFO:colcon.colcon_ros.task.ament_cmake.build:Building ROS package in '/home/ines/tiago_ws/src/pal_navigation_cfg_public/pal_navigation_cfg_params' with build type 'ament_cmake'
[8.352s] INFO:colcon.colcon_cmake.task.cmake.build:Building CMake package in '/home/ines/tiago_ws/src/pal_navigation_cfg_public/pal_navigation_cfg_params'
[8.352s] INFO:colcon.colcon_core.shell:Skip shell extension 'powershell' for command environment: Not usable outside of PowerShell
[8.353s] DEBUG:colcon.colcon_core.shell:Skip shell extension 'dsv' for command environment
[8.371s] INFO:colcon.colcon_ros.task.ament_cmake.build:Building ROS package in '/home/ines/tiago_ws/src/m-explore-ros2/m-explore-ros2-main/explore' with build type 'ament_cmake'
[8.371s] INFO:colcon.colcon_cmake.task.cmake.build:Building CMake package in '/home/ines/tiago_ws/src/m-explore-ros2/m-explore-ros2-main/explore'
[8.372s] INFO:colcon.colcon_core.shell:Skip shell extension 'powershell' for command environment: Not usable outside of PowerShell
[8.372s] DEBUG:colcon.colcon_core.shell:Skip shell extension 'dsv' for command environment
[8.391s] INFO:colcon.colcon_ros.task.ament_cmake.build:Building ROS package in '/home/ines/tiago_ws/src/m-explore-ros2/m-explore-ros2-main/map_merge' with build type 'ament_cmake'
[8.391s] INFO:colcon.colcon_cmake.task.cmake.build:Building CMake package in '/home/ines/tiago_ws/src/m-explore-ros2/m-explore-ros2-main/map_merge'
[8.392s] INFO:colcon.colcon_core.shell:Skip shell extension 'powershell' for command environment: Not usable outside of PowerShell
[8.393s] DEBUG:colcon.colcon_core.shell:Skip shell extension 'dsv' for command environment
[8.414s] INFO:colcon.colcon_ros.task.ament_python.build:Building ROS package in '/home/ines/tiago_ws/src/tiago_autonomous_exploration' with build type 'ament_python'
[8.414s] Level 1:colcon.colcon_core.shell:create_environment_hook('tiago_autonomous_exploration', 'ament_prefix_path')
[8.415s] INFO:colcon.colcon_core.shell:Creating environment hook '/home/ines/tiago_ws/install/tiago_autonomous_exploration/share/tiago_autonomous_exploration/hook/ament_prefix_path.ps1'
[8.417s] INFO:colcon.colcon_core.shell:Creating environment descriptor '/home/ines/tiago_ws/install/tiago_autonomous_exploration/share/tiago_autonomous_exploration/hook/ament_prefix_path.dsv'
[8.419s] INFO:colcon.colcon_core.shell:Creating environment hook '/home/ines/tiago_ws/install/tiago_autonomous_exploration/share/tiago_autonomous_exploration/hook/ament_prefix_path.sh'
[8.421s] INFO:colcon.colcon_core.shell:Skip shell extension 'powershell' for command environment: Not usable outside of PowerShell
[8.421s] DEBUG:colcon.colcon_core.shell:Skip shell extension 'dsv' for command environment
[8.440s] INFO:colcon.colcon_ros.task.ament_python.build:Building ROS package in '/home/ines/tiago_ws/src/tiago_autonomous_navigation' with build type 'ament_python'
[8.440s] Level 1:colcon.colcon_core.shell:create_environment_hook('tiago_autonomous_navigation', 'ament_prefix_path')
[8.441s] INFO:colcon.colcon_core.shell:Creating environment hook '/home/ines/tiago_ws/install/tiago_autonomous_navigation/share/tiago_autonomous_navigation/hook/ament_prefix_path.ps1'
[8.479s] INFO:colcon.colcon_core.shell:Creating environment descriptor '/home/ines/tiago_ws/install/tiago_autonomous_navigation/share/tiago_autonomous_navigation/hook/ament_prefix_path.dsv'
[8.480s] INFO:colcon.colcon_core.shell:Creating environment hook '/home/ines/tiago_ws/install/tiago_autonomous_navigation/share/tiago_autonomous_navigation/hook/ament_prefix_path.sh'
[8.482s] INFO:colcon.colcon_core.shell:Skip shell extension 'powershell' for command environment: Not usable outside of PowerShell
[8.482s] DEBUG:colcon.colcon_core.shell:Skip shell extension 'dsv' for command environment
[8.553s] DEBUG:colcon.colcon_core.event_handler.log_command:Invoking command in '/home/ines/tiago_ws/build/pmb2_maps': CMAKE_PREFIX_PATH=${CMAKE_PREFIX_PATH}:/home/ines/tiago_ws/install/tiago_autonomous_navigation:/home/ines/tiago_ws/install/tiago_autonomous_exploration:/home/ines/ros2_ws/install/scripts:/home/ines/ros2_ws/install/acrobat:/opt/ros/humble /usr/bin/cmake --build /home/ines/tiago_ws/build/pmb2_maps -- -j8 -l8
[8.567s] DEBUG:colcon.colcon_core.event_handler.log_command:Invoking command in '/home/ines/tiago_ws/build/pmb2_controller_configuration': CMAKE_PREFIX_PATH=${CMAKE_PREFIX_PATH}:/home/ines/tiago_ws/install/tiago_autonomous_navigation:/home/ines/tiago_ws/install/tiago_autonomous_exploration:/home/ines/ros2_ws/install/scripts:/home/ines/ros2_ws/install/acrobat:/opt/ros/humble /usr/bin/cmake /home/ines/tiago_ws/src/pmb2_robot/pmb2_controller_configuration -DAMENT_CMAKE_SYMLINK_INSTALL=1 -DCMAKE_INSTALL_PREFIX=/home/ines/tiago_ws/install/pmb2_controller_configuration
[8.577s] DEBUG:colcon.colcon_core.event_handler.log_command:Invoking command in '/home/ines/tiago_ws/build/pmb2_laser_sensors': CMAKE_PREFIX_PATH=${CMAKE_PREFIX_PATH}:/home/ines/tiago_ws/install/tiago_autonomous_navigation:/home/ines/tiago_ws/install/tiago_autonomous_exploration:/home/ines/ros2_ws/install/scripts:/home/ines/ros2_ws/install/acrobat:/opt/ros/humble /usr/bin/cmake --build /home/ines/tiago_ws/build/pmb2_laser_sensors -- -j8 -l8
[8.619s] DEBUG:colcon.colcon_core.event_handler.log_command:Invoking command in '/home/ines/tiago_ws/build/pal_navigation_cfg_params': CMAKE_PREFIX_PATH=${CMAKE_PREFIX_PATH}:/home/ines/tiago_ws/install/tiago_autonomous_navigation:/home/ines/tiago_ws/install/tiago_autonomous_exploration:/home/ines/ros2_ws/install/scripts:/home/ines/ros2_ws/install/acrobat:/opt/ros/humble /usr/bin/cmake --build /home/ines/tiago_ws/build/pal_navigation_cfg_params -- -j8 -l8
[8.646s] DEBUG:colcon.colcon_core.event_handler.log_command:Invoking command in '/home/ines/tiago_ws/build/explore_lite': CMAKE_PREFIX_PATH=${CMAKE_PREFIX_PATH}:/home/ines/tiago_ws/install/tiago_autonomous_navigation:/home/ines/tiago_ws/install/tiago_autonomous_exploration:/home/ines/ros2_ws/install/scripts:/home/ines/ros2_ws/install/acrobat:/opt/ros/humble /usr/bin/cmake --build /home/ines/tiago_ws/build/explore_lite -- -j8 -l8
[8.741s] DEBUG:colcon.colcon_core.event_handler.log_command:Invoking command in '/home/ines/tiago_ws/build/multirobot_map_merge': CMAKE_PREFIX_PATH=${CMAKE_PREFIX_PATH}:/home/ines/tiago_ws/install/tiago_autonomous_navigation:/home/ines/tiago_ws/install/tiago_autonomous_exploration:/home/ines/ros2_ws/install/scripts:/home/ines/ros2_ws/install/acrobat:/opt/ros/humble /usr/bin/cmake --build /home/ines/tiago_ws/build/multirobot_map_merge -- -j8 -l8
[9.936s] INFO:colcon.colcon_core.task.python.build:Building Python package in '/home/ines/tiago_ws/src/tiago_autonomous_exploration'
[9.937s] INFO:colcon.colcon_core.shell:Skip shell extension 'powershell' for command environment: Not usable outside of PowerShell
[9.937s] DEBUG:colcon.colcon_core.shell:Skip shell extension 'dsv' for command environment
[11.063s] INFO:colcon.colcon_core.task.python.build:Building Python package in '/home/ines/tiago_ws/src/tiago_autonomous_navigation'
[11.064s] INFO:colcon.colcon_core.shell:Skip shell extension 'powershell' for command environment: Not usable outside of PowerShell
[11.064s] DEBUG:colcon.colcon_core.shell:Skip shell extension 'dsv' for command environment
[11.088s] DEBUG:colcon.colcon_core.event_handler.log_command:Invoked command in '/home/ines/tiago_ws/build/pmb2_maps' returned '0': CMAKE_PREFIX_PATH=${CMAKE_PREFIX_PATH}:/home/ines/tiago_ws/install/tiago_autonomous_navigation:/home/ines/tiago_ws/install/tiago_autonomous_exploration:/home/ines/ros2_ws/install/scripts:/home/ines/ros2_ws/install/acrobat:/opt/ros/humble /usr/bin/cmake --build /home/ines/tiago_ws/build/pmb2_maps -- -j8 -l8
[11.090s] DEBUG:colcon.colcon_core.event_handler.log_command:Invoked command in '/home/ines/tiago_ws/build/pal_navigation_cfg_params' returned '0': CMAKE_PREFIX_PATH=${CMAKE_PREFIX_PATH}:/home/ines/tiago_ws/install/tiago_autonomous_navigation:/home/ines/tiago_ws/install/tiago_autonomous_exploration:/home/ines/ros2_ws/install/scripts:/home/ines/ros2_ws/install/acrobat:/opt/ros/humble /usr/bin/cmake --build /home/ines/tiago_ws/build/pal_navigation_cfg_params -- -j8 -l8
[11.093s] DEBUG:colcon.colcon_core.event_handler.log_command:Invoked command in '/home/ines/tiago_ws/build/multirobot_map_merge' returned '0': CMAKE_PREFIX_PATH=${CMAKE_PREFIX_PATH}:/home/ines/tiago_ws/install/tiago_autonomous_navigation:/home/ines/tiago_ws/install/tiago_autonomous_exploration:/home/ines/ros2_ws/install/scripts:/home/ines/ros2_ws/install/acrobat:/opt/ros/humble /usr/bin/cmake --build /home/ines/tiago_ws/build/multirobot_map_merge -- -j8 -l8
[11.104s] DEBUG:colcon.colcon_core.event_handler.log_command:Invoked command in '/home/ines/tiago_ws/build/pmb2_laser_sensors' returned '0': CMAKE_PREFIX_PATH=${CMAKE_PREFIX_PATH}:/home/ines/tiago_ws/install/tiago_autonomous_navigation:/home/ines/tiago_ws/install/tiago_autonomous_exploration:/home/ines/ros2_ws/install/scripts:/home/ines/ros2_ws/install/acrobat:/opt/ros/humble /usr/bin/cmake --build /home/ines/tiago_ws/build/pmb2_laser_sensors -- -j8 -l8
[11.112s] DEBUG:colcon.colcon_core.event_handler.log_command:Invoked command in '/home/ines/tiago_ws/build/explore_lite' returned '0': CMAKE_PREFIX_PATH=${CMAKE_PREFIX_PATH}:/home/ines/tiago_ws/install/tiago_autonomous_navigation:/home/ines/tiago_ws/install/tiago_autonomous_exploration:/home/ines/ros2_ws/install/scripts:/home/ines/ros2_ws/install/acrobat:/opt/ros/humble /usr/bin/cmake --build /home/ines/tiago_ws/build/explore_lite -- -j8 -l8
[11.235s] DEBUG:colcon.colcon_core.event_handler.log_command:Invoking command in '/home/ines/tiago_ws/build/pmb2_maps': CMAKE_PREFIX_PATH=${CMAKE_PREFIX_PATH}:/home/ines/tiago_ws/install/tiago_autonomous_navigation:/home/ines/tiago_ws/install/tiago_autonomous_exploration:/home/ines/ros2_ws/install/scripts:/home/ines/ros2_ws/install/acrobat:/opt/ros/humble /usr/bin/cmake --install /home/ines/tiago_ws/build/pmb2_maps
[11.251s] DEBUG:colcon.colcon_core.event_handler.log_command:Invoking command in '/home/ines/tiago_ws/build/pal_navigation_cfg_params': CMAKE_PREFIX_PATH=${CMAKE_PREFIX_PATH}:/home/ines/tiago_ws/install/tiago_autonomous_navigation:/home/ines/tiago_ws/install/tiago_autonomous_exploration:/home/ines/ros2_ws/install/scripts:/home/ines/ros2_ws/install/acrobat:/opt/ros/humble /usr/bin/cmake --install /home/ines/tiago_ws/build/pal_navigation_cfg_params
[11.259s] DEBUG:colcon.colcon_core.event_handler.log_command:Invoking command in '/home/ines/tiago_ws/build/pmb2_laser_sensors': CMAKE_PREFIX_PATH=${CMAKE_PREFIX_PATH}:/home/ines/tiago_ws/install/tiago_autonomous_navigation:/home/ines/tiago_ws/install/tiago_autonomous_exploration:/home/ines/ros2_ws/install/scripts:/home/ines/ros2_ws/install/acrobat:/opt/ros/humble /usr/bin/cmake --install /home/ines/tiago_ws/build/pmb2_laser_sensors
[11.279s] DEBUG:colcon.colcon_core.event_handler.log_command:Invoking command in '/home/ines/tiago_ws/build/multirobot_map_merge': CMAKE_PREFIX_PATH=${CMAKE_PREFIX_PATH}:/home/ines/tiago_ws/install/tiago_autonomous_navigation:/home/ines/tiago_ws/install/tiago_autonomous_exploration:/home/ines/ros2_ws/install/scripts:/home/ines/ros2_ws/install/acrobat:/opt/ros/humble /usr/bin/cmake --install /home/ines/tiago_ws/build/multirobot_map_merge
[11.290s] DEBUG:colcon.colcon_core.event_handler.log_command:Invoking command in '/home/ines/tiago_ws/build/explore_lite': CMAKE_PREFIX_PATH=${CMAKE_PREFIX_PATH}:/home/ines/tiago_ws/install/tiago_autonomous_navigation:/home/ines/tiago_ws/install/tiago_autonomous_exploration:/home/ines/ros2_ws/install/scripts:/home/ines/ros2_ws/install/acrobat:/opt/ros/humble /usr/bin/cmake --install /home/ines/tiago_ws/build/explore_lite
[11.475s] Level 1:colcon.colcon_core.environment:create_environment_scripts_only(multirobot_map_merge)
[11.479s] DEBUG:colcon.colcon_core.event_handler.log_command:Invoked command in '/home/ines/tiago_ws/build/multirobot_map_merge' returned '0': CMAKE_PREFIX_PATH=${CMAKE_PREFIX_PATH}:/home/ines/tiago_ws/install/tiago_autonomous_navigation:/home/ines/tiago_ws/install/tiago_autonomous_exploration:/home/ines/ros2_ws/install/scripts:/home/ines/ros2_ws/install/acrobat:/opt/ros/humble /usr/bin/cmake --install /home/ines/tiago_ws/build/multirobot_map_merge
[11.747s] Level 1:colcon.colcon_core.environment:checking '/home/ines/tiago_ws/install/multirobot_map_merge' for CMake module files
[11.749s] Level 1:colcon.colcon_core.environment:checking '/home/ines/tiago_ws/install/multirobot_map_merge' for CMake config files
[11.750s] Level 1:colcon.colcon_core.shell:create_environment_hook('multirobot_map_merge', 'cmake_prefix_path')
[11.752s] INFO:colcon.colcon_core.shell:Creating environment hook '/home/ines/tiago_ws/install/multirobot_map_merge/share/multirobot_map_merge/hook/cmake_prefix_path.ps1'
[11.753s] INFO:colcon.colcon_core.shell:Creating environment descriptor '/home/ines/tiago_ws/install/multirobot_map_merge/share/multirobot_map_merge/hook/cmake_prefix_path.dsv'
[11.755s] INFO:colcon.colcon_core.shell:Creating environment hook '/home/ines/tiago_ws/install/multirobot_map_merge/share/multirobot_map_merge/hook/cmake_prefix_path.sh'
[11.760s] Level 1:colcon.colcon_core.environment:checking '/home/ines/tiago_ws/install/multirobot_map_merge/lib'
[11.760s] Level 1:colcon.colcon_core.environment:checking '/home/ines/tiago_ws/install/multirobot_map_merge/bin'
[11.761s] Level 1:colcon.colcon_core.environment:checking '/home/ines/tiago_ws/install/multirobot_map_merge/lib/pkgconfig/multirobot_map_merge.pc'
[11.761s] Level 1:colcon.colcon_core.environment:checking '/home/ines/tiago_ws/install/multirobot_map_merge/lib/python3.10/site-packages'
[11.762s] Level 1:colcon.colcon_core.environment:checking '/home/ines/tiago_ws/install/multirobot_map_merge/bin'
[11.764s] INFO:colcon.colcon_core.shell:Creating package script '/home/ines/tiago_ws/install/multirobot_map_merge/share/multirobot_map_merge/package.ps1'
[11.767s] INFO:colcon.colcon_core.shell:Creating package descriptor '/home/ines/tiago_ws/install/multirobot_map_merge/share/multirobot_map_merge/package.dsv'
[11.782s] INFO:colcon.colcon_core.shell:Creating package script '/home/ines/tiago_ws/install/multirobot_map_merge/share/multirobot_map_merge/package.sh'
[11.789s] INFO:colcon.colcon_core.shell:Creating package script '/home/ines/tiago_ws/install/multirobot_map_merge/share/multirobot_map_merge/package.bash'
[11.802s] INFO:colcon.colcon_core.shell:Creating package script '/home/ines/tiago_ws/install/multirobot_map_merge/share/multirobot_map_merge/package.zsh'
[11.817s] Level 1:colcon.colcon_core.environment:create_file_with_runtime_dependencies(/home/ines/tiago_ws/install/multirobot_map_merge/share/colcon-core/packages/multirobot_map_merge)
[11.833s] Level 1:colcon.colcon_core.environment:create_environment_scripts_only(pmb2_maps)
[11.834s] Level 1:colcon.colcon_core.environment:checking '/home/ines/tiago_ws/install/pmb2_maps' for CMake module files
[11.841s] DEBUG:colcon.colcon_core.event_handler.log_command:Invoked command in '/home/ines/tiago_ws/build/pmb2_maps' returned '0': CMAKE_PREFIX_PATH=${CMAKE_PREFIX_PATH}:/home/ines/tiago_ws/install/tiago_autonomous_navigation:/home/ines/tiago_ws/install/tiago_autonomous_exploration:/home/ines/ros2_ws/install/scripts:/home/ines/ros2_ws/install/acrobat:/opt/ros/humble /usr/bin/cmake --install /home/ines/tiago_ws/build/pmb2_maps
[11.843s] Level 1:colcon.colcon_core.environment:checking '/home/ines/tiago_ws/install/pmb2_maps' for CMake config files
[11.850s] Level 1:colcon.colcon_core.shell:create_environment_hook('pmb2_maps', 'cmake_prefix_path')
[11.851s] INFO:colcon.colcon_core.shell:Creating environment hook '/home/ines/tiago_ws/install/pmb2_maps/share/pmb2_maps/hook/cmake_prefix_path.ps1'
[11.853s] INFO:colcon.colcon_core.shell:Creating environment descriptor '/home/ines/tiago_ws/install/pmb2_maps/share/pmb2_maps/hook/cmake_prefix_path.dsv'
[11.854s] INFO:colcon.colcon_core.shell:Creating environment hook '/home/ines/tiago_ws/install/pmb2_maps/share/pmb2_maps/hook/cmake_prefix_path.sh'
[11.856s] Level 1:colcon.colcon_core.environment:checking '/home/ines/tiago_ws/install/pmb2_maps/bin'
[11.860s] Level 1:colcon.colcon_core.environment:checking '/home/ines/tiago_ws/install/pmb2_maps/lib/pkgconfig/pmb2_maps.pc'
[11.860s] Level 1:colcon.colcon_core.environment:checking '/home/ines/tiago_ws/install/pmb2_maps/lib/python3.10/site-packages'
[11.861s] Level 1:colcon.colcon_core.environment:checking '/home/ines/tiago_ws/install/pmb2_maps/bin'
[11.865s] INFO:colcon.colcon_core.shell:Creating package script '/home/ines/tiago_ws/install/pmb2_maps/share/pmb2_maps/package.ps1'
[11.867s] INFO:colcon.colcon_core.shell:Creating package descriptor '/home/ines/tiago_ws/install/pmb2_maps/share/pmb2_maps/package.dsv'
[11.869s] INFO:colcon.colcon_core.shell:Creating package script '/home/ines/tiago_ws/install/pmb2_maps/share/pmb2_maps/package.sh'
[11.870s] INFO:colcon.colcon_core.shell:Creating package script '/home/ines/tiago_ws/install/pmb2_maps/share/pmb2_maps/package.bash'
[11.871s] INFO:colcon.colcon_core.shell:Creating package script '/home/ines/tiago_ws/install/pmb2_maps/share/pmb2_maps/package.zsh'
[11.873s] Level 1:colcon.colcon_core.environment:create_file_with_runtime_dependencies(/home/ines/tiago_ws/install/pmb2_maps/share/colcon-core/packages/pmb2_maps)
[11.880s] Level 1:colcon.colcon_core.environment:create_environment_scripts_only(pmb2_laser_sensors)
[11.881s] Level 1:colcon.colcon_core.environment:checking '/home/ines/tiago_ws/install/pmb2_laser_sensors' for CMake module files
[11.883s] DEBUG:colcon.colcon_core.event_handler.log_command:Invoked command in '/home/ines/tiago_ws/build/pmb2_laser_sensors' returned '0': CMAKE_PREFIX_PATH=${CMAKE_PREFIX_PATH}:/home/ines/tiago_ws/install/tiago_autonomous_navigation:/home/ines/tiago_ws/install/tiago_autonomous_exploration:/home/ines/ros2_ws/install/scripts:/home/ines/ros2_ws/install/acrobat:/opt/ros/humble /usr/bin/cmake --install /home/ines/tiago_ws/build/pmb2_laser_sensors
[11.885s] Level 1:colcon.colcon_core.environment:checking '/home/ines/tiago_ws/install/pmb2_laser_sensors' for CMake config files
[12.053s] Level 1:colcon.colcon_core.shell:create_environment_hook('pmb2_laser_sensors', 'cmake_prefix_path')
[12.055s] INFO:colcon.colcon_core.shell:Creating environment hook '/home/ines/tiago_ws/install/pmb2_laser_sensors/share/pmb2_laser_sensors/hook/cmake_prefix_path.ps1'
[12.057s] INFO:colcon.colcon_core.shell:Creating environment descriptor '/home/ines/tiago_ws/install/pmb2_laser_sensors/share/pmb2_laser_sensors/hook/cmake_prefix_path.dsv'
[12.059s] INFO:colcon.colcon_core.shell:Creating environment hook '/home/ines/tiago_ws/install/pmb2_laser_sensors/share/pmb2_laser_sensors/hook/cmake_prefix_path.sh'
[12.061s] Level 1:colcon.colcon_core.environment:checking '/home/ines/tiago_ws/install/pmb2_laser_sensors/bin'
[12.062s] Level 1:colcon.colcon_core.environment:checking '/home/ines/tiago_ws/install/pmb2_laser_sensors/lib/pkgconfig/pmb2_laser_sensors.pc'
[12.062s] Level 1:colcon.colcon_core.environment:checking '/home/ines/tiago_ws/install/pmb2_laser_sensors/lib/python3.10/site-packages'
[12.064s] Level 1:colcon.colcon_core.environment:checking '/home/ines/tiago_ws/install/pmb2_laser_sensors/bin'
[12.066s] INFO:colcon.colcon_core.shell:Creating package script '/home/ines/tiago_ws/install/pmb2_laser_sensors/share/pmb2_laser_sensors/package.ps1'
[12.067s] INFO:colcon.colcon_core.shell:Creating package descriptor '/home/ines/tiago_ws/install/pmb2_laser_sensors/share/pmb2_laser_sensors/package.dsv'
[12.069s] INFO:colcon.colcon_core.shell:Creating package script '/home/ines/tiago_ws/install/pmb2_laser_sensors/share/pmb2_laser_sensors/package.sh'
[12.071s] INFO:colcon.colcon_core.shell:Creating package script '/home/ines/tiago_ws/install/pmb2_laser_sensors/share/pmb2_laser_sensors/package.bash'
[12.072s] INFO:colcon.colcon_core.shell:Creating package script '/home/ines/tiago_ws/install/pmb2_laser_sensors/share/pmb2_laser_sensors/package.zsh'
[12.074s] Level 1:colcon.colcon_core.environment:create_file_with_runtime_dependencies(/home/ines/tiago_ws/install/pmb2_laser_sensors/share/colcon-core/packages/pmb2_laser_sensors)
[12.078s] Level 1:colcon.colcon_core.environment:create_environment_scripts_only(pal_navigation_cfg_params)
[12.079s] Level 1:colcon.colcon_core.environment:checking '/home/ines/tiago_ws/install/pal_navigation_cfg_params' for CMake module files
[12.084s] DEBUG:colcon.colcon_core.event_handler.log_command:Invoked command in '/home/ines/tiago_ws/build/pal_navigation_cfg_params' returned '0': CMAKE_PREFIX_PATH=${CMAKE_PREFIX_PATH}:/home/ines/tiago_ws/install/tiago_autonomous_navigation:/home/ines/tiago_ws/install/tiago_autonomous_exploration:/home/ines/ros2_ws/install/scripts:/home/ines/ros2_ws/install/acrobat:/opt/ros/humble /usr/bin/cmake --install /home/ines/tiago_ws/build/pal_navigation_cfg_params
[12.086s] Level 1:colcon.colcon_core.environment:checking '/home/ines/tiago_ws/install/pal_navigation_cfg_params' for CMake config files
[12.123s] Level 1:colcon.colcon_core.shell:create_environment_hook('pal_navigation_cfg_params', 'cmake_prefix_path')
[12.124s] INFO:colcon.colcon_core.shell:Creating environment hook '/home/ines/tiago_ws/install/pal_navigation_cfg_params/share/pal_navigation_cfg_params/hook/cmake_prefix_path.ps1'
[12.126s] INFO:colcon.colcon_core.shell:Creating environment descriptor '/home/ines/tiago_ws/install/pal_navigation_cfg_params/share/pal_navigation_cfg_params/hook/cmake_prefix_path.dsv'
[12.127s] INFO:colcon.colcon_core.shell:Creating environment hook '/home/ines/tiago_ws/install/pal_navigation_cfg_params/share/pal_navigation_cfg_params/hook/cmake_prefix_path.sh'
[12.129s] Level 1:colcon.colcon_core.environment:checking '/home/ines/tiago_ws/install/pal_navigation_cfg_params/bin'
[12.130s] Level 1:colcon.colcon_core.environment:checking '/home/ines/tiago_ws/install/pal_navigation_cfg_params/lib/pkgconfig/pal_navigation_cfg_params.pc'
[12.130s] Level 1:colcon.colcon_core.environment:checking '/home/ines/tiago_ws/install/pal_navigation_cfg_params/lib/python3.10/site-packages'
[12.131s] Level 1:colcon.colcon_core.environment:checking '/home/ines/tiago_ws/install/pal_navigation_cfg_params/bin'
[12.137s] INFO:colcon.colcon_core.shell:Creating package script '/home/ines/tiago_ws/install/pal_navigation_cfg_params/share/pal_navigation_cfg_params/package.ps1'
[12.139s] INFO:colcon.colcon_core.shell:Creating package descriptor '/home/ines/tiago_ws/install/pal_navigation_cfg_params/share/pal_navigation_cfg_params/package.dsv'
[12.140s] INFO:colcon.colcon_core.shell:Creating package script '/home/ines/tiago_ws/install/pal_navigation_cfg_params/share/pal_navigation_cfg_params/package.sh'
[12.142s] INFO:colcon.colcon_core.shell:Creating package script '/home/ines/tiago_ws/install/pal_navigation_cfg_params/share/pal_navigation_cfg_params/package.bash'
[12.144s] INFO:colcon.colcon_core.shell:Creating package script '/home/ines/tiago_ws/install/pal_navigation_cfg_params/share/pal_navigation_cfg_params/package.zsh'
[12.146s] Level 1:colcon.colcon_core.environment:create_file_with_runtime_dependencies(/home/ines/tiago_ws/install/pal_navigation_cfg_params/share/colcon-core/packages/pal_navigation_cfg_params)
[12.151s] Level 1:colcon.colcon_core.environment:create_environment_scripts_only(explore_lite)
[12.152s] Level 1:colcon.colcon_core.environment:checking '/home/ines/tiago_ws/install/explore_lite' for CMake module files
[12.154s] Level 1:colcon.colcon_core.environment:checking '/home/ines/tiago_ws/install/explore_lite' for CMake config files
[12.155s] DEBUG:colcon.colcon_core.event_handler.log_command:Invoked command in '/home/ines/tiago_ws/build/explore_lite' returned '0': CMAKE_PREFIX_PATH=${CMAKE_PREFIX_PATH}:/home/ines/tiago_ws/install/tiago_autonomous_navigation:/home/ines/tiago_ws/install/tiago_autonomous_exploration:/home/ines/ros2_ws/install/scripts:/home/ines/ros2_ws/install/acrobat:/opt/ros/humble /usr/bin/cmake --install /home/ines/tiago_ws/build/explore_lite
[12.265s] Level 1:colcon.colcon_core.shell:create_environment_hook('explore_lite', 'cmake_prefix_path')
[12.266s] INFO:colcon.colcon_core.shell:Creating environment hook '/home/ines/tiago_ws/install/explore_lite/share/explore_lite/hook/cmake_prefix_path.ps1'
[12.268s] INFO:colcon.colcon_core.shell:Creating environment descriptor '/home/ines/tiago_ws/install/explore_lite/share/explore_lite/hook/cmake_prefix_path.dsv'
[12.269s] INFO:colcon.colcon_core.shell:Creating environment hook '/home/ines/tiago_ws/install/explore_lite/share/explore_lite/hook/cmake_prefix_path.sh'
[12.271s] Level 1:colcon.colcon_core.environment:checking '/home/ines/tiago_ws/install/explore_lite/lib'
[12.272s] Level 1:colcon.colcon_core.environment:checking '/home/ines/tiago_ws/install/explore_lite/bin'
[12.272s] Level 1:colcon.colcon_core.environment:checking '/home/ines/tiago_ws/install/explore_lite/lib/pkgconfig/explore_lite.pc'
[12.273s] Level 1:colcon.colcon_core.environment:checking '/home/ines/tiago_ws/install/explore_lite/lib/python3.10/site-packages'
[12.273s] Level 1:colcon.colcon_core.environment:checking '/home/ines/tiago_ws/install/explore_lite/bin'
[12.275s] INFO:colcon.colcon_core.shell:Creating package script '/home/ines/tiago_ws/install/explore_lite/share/explore_lite/package.ps1'
[12.277s] INFO:colcon.colcon_core.shell:Creating package descriptor '/home/ines/tiago_ws/install/explore_lite/share/explore_lite/package.dsv'
[12.278s] INFO:colcon.colcon_core.shell:Creating package script '/home/ines/tiago_ws/install/explore_lite/share/explore_lite/package.sh'
[12.280s] INFO:colcon.colcon_core.shell:Creating package script '/home/ines/tiago_ws/install/explore_lite/share/explore_lite/package.bash'
[12.281s] INFO:colcon.colcon_core.shell:Creating package script '/home/ines/tiago_ws/install/explore_lite/share/explore_lite/package.zsh'
[12.283s] Level 1:colcon.colcon_core.environment:create_file_with_runtime_dependencies(/home/ines/tiago_ws/install/explore_lite/share/colcon-core/packages/explore_lite)
[12.299s] Level 1:colcon.colcon_core.environment:create_environment_scripts_only(multirobot_map_merge)
[12.300s] Level 1:colcon.colcon_core.environment:checking '/home/ines/tiago_ws/install/multirobot_map_merge' for CMake module files
[12.303s] Level 1:colcon.colcon_core.environment:checking '/home/ines/tiago_ws/install/multirobot_map_merge' for CMake config files
[12.305s] Level 1:colcon.colcon_core.shell:create_environment_hook('multirobot_map_merge', 'cmake_prefix_path')
[12.307s] INFO:colcon.colcon_core.shell:Creating environment hook '/home/ines/tiago_ws/install/multirobot_map_merge/share/multirobot_map_merge/hook/cmake_prefix_path.ps1'
[12.308s] INFO:colcon.colcon_core.shell:Creating environment descriptor '/home/ines/tiago_ws/install/multirobot_map_merge/share/multirobot_map_merge/hook/cmake_prefix_path.dsv'
[12.310s] INFO:colcon.colcon_core.shell:Creating environment hook '/home/ines/tiago_ws/install/multirobot_map_merge/share/multirobot_map_merge/hook/cmake_prefix_path.sh'
[12.312s] Level 1:colcon.colcon_core.environment:checking '/home/ines/tiago_ws/install/multirobot_map_merge/lib'
[12.313s] Level 1:colcon.colcon_core.environment:checking '/home/ines/tiago_ws/install/multirobot_map_merge/bin'
[12.313s] Level 1:colcon.colcon_core.environment:checking '/home/ines/tiago_ws/install/multirobot_map_merge/lib/pkgconfig/multirobot_map_merge.pc'
[12.314s] Level 1:colcon.colcon_core.environment:checking '/home/ines/tiago_ws/install/multirobot_map_merge/lib/python3.10/site-packages'
[12.315s] Level 1:colcon.colcon_core.environment:checking '/home/ines/tiago_ws/install/multirobot_map_merge/bin'
[12.317s] INFO:colcon.colcon_core.shell:Creating package script '/home/ines/tiago_ws/install/multirobot_map_merge/share/multirobot_map_merge/package.ps1'
[12.318s] INFO:colcon.colcon_core.shell:Creating package descriptor '/home/ines/tiago_ws/install/multirobot_map_merge/share/multirobot_map_merge/package.dsv'
[12.320s] INFO:colcon.colcon_core.shell:Creating package script '/home/ines/tiago_ws/install/multirobot_map_merge/share/multirobot_map_merge/package.sh'
[12.322s] INFO:colcon.colcon_core.shell:Creating package script '/home/ines/tiago_ws/install/multirobot_map_merge/share/multirobot_map_merge/package.bash'
[12.324s] INFO:colcon.colcon_core.shell:Creating package script '/home/ines/tiago_ws/install/multirobot_map_merge/share/multirobot_map_merge/package.zsh'
[12.325s] Level 1:colcon.colcon_core.environment:create_file_with_runtime_dependencies(/home/ines/tiago_ws/install/multirobot_map_merge/share/colcon-core/packages/multirobot_map_merge)
[12.329s] Level 1:colcon.colcon_core.environment:create_environment_scripts_only(pmb2_maps)
[12.330s] Level 1:colcon.colcon_core.environment:checking '/home/ines/tiago_ws/install/pmb2_maps' for CMake module files
[12.332s] Level 1:colcon.colcon_core.environment:checking '/home/ines/tiago_ws/install/pmb2_maps' for CMake config files
[12.334s] Level 1:colcon.colcon_core.shell:create_environment_hook('pmb2_maps', 'cmake_prefix_path')
[12.335s] INFO:colcon.colcon_core.shell:Creating environment hook '/home/ines/tiago_ws/install/pmb2_maps/share/pmb2_maps/hook/cmake_prefix_path.ps1'
[12.336s] INFO:colcon.colcon_core.shell:Creating environment descriptor '/home/ines/tiago_ws/install/pmb2_maps/share/pmb2_maps/hook/cmake_prefix_path.dsv'
[12.338s] INFO:colcon.colcon_core.shell:Creating environment hook '/home/ines/tiago_ws/install/pmb2_maps/share/pmb2_maps/hook/cmake_prefix_path.sh'
[12.340s] Level 1:colcon.colcon_core.environment:checking '/home/ines/tiago_ws/install/pmb2_maps/bin'
[12.340s] Level 1:colcon.colcon_core.environment:checking '/home/ines/tiago_ws/install/pmb2_maps/lib/pkgconfig/pmb2_maps.pc'
[12.341s] Level 1:colcon.colcon_core.environment:checking '/home/ines/tiago_ws/install/pmb2_maps/lib/python3.10/site-packages'
[12.342s] Level 1:colcon.colcon_core.environment:checking '/home/ines/tiago_ws/install/pmb2_maps/bin'
[12.343s] INFO:colcon.colcon_core.shell:Creating package script '/home/ines/tiago_ws/install/pmb2_maps/share/pmb2_maps/package.ps1'
[12.345s] INFO:colcon.colcon_core.shell:Creating package descriptor '/home/ines/tiago_ws/install/pmb2_maps/share/pmb2_maps/package.dsv'
[12.347s] INFO:colcon.colcon_core.shell:Creating package script '/home/ines/tiago_ws/install/pmb2_maps/share/pmb2_maps/package.sh'
[12.349s] INFO:colcon.colcon_core.shell:Creating package script '/home/ines/tiago_ws/install/pmb2_maps/share/pmb2_maps/package.bash'
[12.351s] INFO:colcon.colcon_core.shell:Creating package script '/home/ines/tiago_ws/install/pmb2_maps/share/pmb2_maps/package.zsh'
[12.354s] Level 1:colcon.colcon_core.environment:create_file_with_runtime_dependencies(/home/ines/tiago_ws/install/pmb2_maps/share/colcon-core/packages/pmb2_maps)
[12.356s] INFO:colcon.colcon_ros.task.ament_cmake.build:Building ROS package in '/home/ines/tiago_ws/src/tiago_exam_worlds' with build type 'ament_cmake'
[12.359s] INFO:colcon.colcon_cmake.task.cmake.build:Building CMake package in '/home/ines/tiago_ws/src/tiago_exam_worlds'
[12.360s] INFO:colcon.colcon_core.shell:Skip shell extension 'powershell' for command environment: Not usable outside of PowerShell
[12.360s] DEBUG:colcon.colcon_core.shell:Skip shell extension 'dsv' for command environment
[12.389s] Level 1:colcon.colcon_core.environment:create_environment_scripts_only(pmb2_laser_sensors)
[12.390s] Level 1:colcon.colcon_core.environment:checking '/home/ines/tiago_ws/install/pmb2_laser_sensors' for CMake module files
[12.395s] Level 1:colcon.colcon_core.environment:checking '/home/ines/tiago_ws/install/pmb2_laser_sensors' for CMake config files
[12.396s] Level 1:colcon.colcon_core.shell:create_environment_hook('pmb2_laser_sensors', 'cmake_prefix_path')
[12.397s] INFO:colcon.colcon_core.shell:Creating environment hook '/home/ines/tiago_ws/install/pmb2_laser_sensors/share/pmb2_laser_sensors/hook/cmake_prefix_path.ps1'
[12.399s] INFO:colcon.colcon_core.shell:Creating environment descriptor '/home/ines/tiago_ws/install/pmb2_laser_sensors/share/pmb2_laser_sensors/hook/cmake_prefix_path.dsv'
[12.400s] INFO:colcon.colcon_core.shell:Creating environment hook '/home/ines/tiago_ws/install/pmb2_laser_sensors/share/pmb2_laser_sensors/hook/cmake_prefix_path.sh'
[12.402s] Level 1:colcon.colcon_core.environment:checking '/home/ines/tiago_ws/install/pmb2_laser_sensors/bin'
[12.402s] Level 1:colcon.colcon_core.environment:checking '/home/ines/tiago_ws/install/pmb2_laser_sensors/lib/pkgconfig/pmb2_laser_sensors.pc'
[12.403s] Level 1:colcon.colcon_core.environment:checking '/home/ines/tiago_ws/install/pmb2_laser_sensors/lib/python3.10/site-packages'
[12.405s] Level 1:colcon.colcon_core.environment:checking '/home/ines/tiago_ws/install/pmb2_laser_sensors/bin'
[12.406s] INFO:colcon.colcon_core.shell:Creating package script '/home/ines/tiago_ws/install/pmb2_laser_sensors/share/pmb2_laser_sensors/package.ps1'
[12.409s] INFO:colcon.colcon_core.shell:Creating package descriptor '/home/ines/tiago_ws/install/pmb2_laser_sensors/share/pmb2_laser_sensors/package.dsv'
[12.410s] INFO:colcon.colcon_core.shell:Creating package script '/home/ines/tiago_ws/install/pmb2_laser_sensors/share/pmb2_laser_sensors/package.sh'
[12.413s] INFO:colcon.colcon_core.shell:Creating package script '/home/ines/tiago_ws/install/pmb2_laser_sensors/share/pmb2_laser_sensors/package.bash'
[12.414s] INFO:colcon.colcon_core.shell:Creating package script '/home/ines/tiago_ws/install/pmb2_laser_sensors/share/pmb2_laser_sensors/package.zsh'
[12.416s] Level 1:colcon.colcon_core.environment:create_file_with_runtime_dependencies(/home/ines/tiago_ws/install/pmb2_laser_sensors/share/colcon-core/packages/pmb2_laser_sensors)
[12.418s] Level 1:colcon.colcon_core.environment:create_environment_scripts_only(pal_navigation_cfg_params)
[12.420s] Level 1:colcon.colcon_core.environment:checking '/home/ines/tiago_ws/install/pal_navigation_cfg_params' for CMake module files
[12.423s] Level 1:colcon.colcon_core.environment:checking '/home/ines/tiago_ws/install/pal_navigation_cfg_params' for CMake config files
[12.424s] Level 1:colcon.colcon_core.shell:create_environment_hook('pal_navigation_cfg_params', 'cmake_prefix_path')
[12.425s] INFO:colcon.colcon_core.shell:Creating environment hook '/home/ines/tiago_ws/install/pal_navigation_cfg_params/share/pal_navigation_cfg_params/hook/cmake_prefix_path.ps1'
[12.426s] INFO:colcon.colcon_core.shell:Creating environment descriptor '/home/ines/tiago_ws/install/pal_navigation_cfg_params/share/pal_navigation_cfg_params/hook/cmake_prefix_path.dsv'
[12.428s] INFO:colcon.colcon_core.shell:Creating environment hook '/home/ines/tiago_ws/install/pal_navigation_cfg_params/share/pal_navigation_cfg_params/hook/cmake_prefix_path.sh'
[12.430s] Level 1:colcon.colcon_core.environment:checking '/home/ines/tiago_ws/install/pal_navigation_cfg_params/bin'
[12.430s] Level 1:colcon.colcon_core.environment:checking '/home/ines/tiago_ws/install/pal_navigation_cfg_params/lib/pkgconfig/pal_navigation_cfg_params.pc'
[12.431s] Level 1:colcon.colcon_core.environment:checking '/home/ines/tiago_ws/install/pal_navigation_cfg_params/lib/python3.10/site-packages'
[12.432s] Level 1:colcon.colcon_core.environment:checking '/home/ines/tiago_ws/install/pal_navigation_cfg_params/bin'
[12.433s] INFO:colcon.colcon_core.shell:Creating package script '/home/ines/tiago_ws/install/pal_navigation_cfg_params/share/pal_navigation_cfg_params/package.ps1'
[12.435s] INFO:colcon.colcon_core.shell:Creating package descriptor '/home/ines/tiago_ws/install/pal_navigation_cfg_params/share/pal_navigation_cfg_params/package.dsv'
[12.437s] INFO:colcon.colcon_core.shell:Creating package script '/home/ines/tiago_ws/install/pal_navigation_cfg_params/share/pal_navigation_cfg_params/package.sh'
[12.438s] INFO:colcon.colcon_core.shell:Creating package script '/home/ines/tiago_ws/install/pal_navigation_cfg_params/share/pal_navigation_cfg_params/package.bash'
[12.440s] INFO:colcon.colcon_core.shell:Creating package script '/home/ines/tiago_ws/install/pal_navigation_cfg_params/share/pal_navigation_cfg_params/package.zsh'
[12.442s] Level 1:colcon.colcon_core.environment:create_file_with_runtime_dependencies(/home/ines/tiago_ws/install/pal_navigation_cfg_params/share/colcon-core/packages/pal_navigation_cfg_params)
[12.443s] INFO:colcon.colcon_ros.task.ament_cmake.build:Building ROS package in '/home/ines/tiago_ws/src/tiago_navigation.bak/tiago_2dnav' with build type 'ament_cmake'
[12.443s] INFO:colcon.colcon_cmake.task.cmake.build:Building CMake package in '/home/ines/tiago_ws/src/tiago_navigation.bak/tiago_2dnav'
[12.444s] INFO:colcon.colcon_core.shell:Skip shell extension 'powershell' for command environment: Not usable outside of PowerShell
[12.444s] DEBUG:colcon.colcon_core.shell:Skip shell extension 'dsv' for command environment
[12.479s] INFO:colcon.colcon_ros.task.ament_cmake.build:Building ROS package in '/home/ines/tiago_ws/src/pmb2_navigation/pmb2_2dnav' with build type 'ament_cmake'
[12.479s] INFO:colcon.colcon_cmake.task.cmake.build:Building CMake package in '/home/ines/tiago_ws/src/pmb2_navigation/pmb2_2dnav'
[12.480s] INFO:colcon.colcon_core.shell:Skip shell extension 'powershell' for command environment: Not usable outside of PowerShell
[12.480s] DEBUG:colcon.colcon_core.shell:Skip shell extension 'dsv' for command environment
[12.531s] INFO:colcon.colcon_ros.task.ament_cmake.build:Building ROS package in '/home/ines/tiago_ws/src/pal_navigation_cfg_public/pal_navigation_cfg_bringup' with build type 'ament_cmake'
[12.532s] INFO:colcon.colcon_cmake.task.cmake.build:Building CMake package in '/home/ines/tiago_ws/src/pal_navigation_cfg_public/pal_navigation_cfg_bringup'
[12.533s] INFO:colcon.colcon_core.shell:Skip shell extension 'powershell' for command environment: Not usable outside of PowerShell
[12.533s] DEBUG:colcon.colcon_core.shell:Skip shell extension 'dsv' for command environment
[12.580s] Level 1:colcon.colcon_core.environment:create_environment_scripts_only(explore_lite)
[12.581s] Level 1:colcon.colcon_core.environment:checking '/home/ines/tiago_ws/install/explore_lite' for CMake module files
[12.584s] Level 1:colcon.colcon_core.environment:checking '/home/ines/tiago_ws/install/explore_lite' for CMake config files
[12.586s] Level 1:colcon.colcon_core.shell:create_environment_hook('explore_lite', 'cmake_prefix_path')
[12.587s] INFO:colcon.colcon_core.shell:Creating environment hook '/home/ines/tiago_ws/install/explore_lite/share/explore_lite/hook/cmake_prefix_path.ps1'
[12.589s] INFO:colcon.colcon_core.shell:Creating environment descriptor '/home/ines/tiago_ws/install/explore_lite/share/explore_lite/hook/cmake_prefix_path.dsv'
[12.590s] INFO:colcon.colcon_core.shell:Creating environment hook '/home/ines/tiago_ws/install/explore_lite/share/explore_lite/hook/cmake_prefix_path.sh'
[12.592s] Level 1:colcon.colcon_core.environment:checking '/home/ines/tiago_ws/install/explore_lite/lib'
[12.593s] Level 1:colcon.colcon_core.environment:checking '/home/ines/tiago_ws/install/explore_lite/bin'
[12.593s] Level 1:colcon.colcon_core.environment:checking '/home/ines/tiago_ws/install/explore_lite/lib/pkgconfig/explore_lite.pc'
[12.595s] Level 1:colcon.colcon_core.environment:checking '/home/ines/tiago_ws/install/explore_lite/lib/python3.10/site-packages'
[12.596s] Level 1:colcon.colcon_core.environment:checking '/home/ines/tiago_ws/install/explore_lite/bin'
[12.597s] INFO:colcon.colcon_core.shell:Creating package script '/home/ines/tiago_ws/install/explore_lite/share/explore_lite/package.ps1'
[12.599s] INFO:colcon.colcon_core.shell:Creating package descriptor '/home/ines/tiago_ws/install/explore_lite/share/explore_lite/package.dsv'
[12.601s] INFO:colcon.colcon_core.shell:Creating package script '/home/ines/tiago_ws/install/explore_lite/share/explore_lite/package.sh'
[12.603s] INFO:colcon.colcon_core.shell:Creating package script '/home/ines/tiago_ws/install/explore_lite/share/explore_lite/package.bash'
[12.605s] INFO:colcon.colcon_core.shell:Creating package script '/home/ines/tiago_ws/install/explore_lite/share/explore_lite/package.zsh'
[12.607s] Level 1:colcon.colcon_core.environment:create_file_with_runtime_dependencies(/home/ines/tiago_ws/install/explore_lite/share/colcon-core/packages/explore_lite)
[12.649s] DEBUG:colcon.colcon_core.event_handler.log_command:Invoking command in '/home/ines/tiago_ws/build/tiago_exam_worlds': CMAKE_PREFIX_PATH=${CMAKE_PREFIX_PATH}:/home/ines/tiago_ws/install/tiago_autonomous_navigation:/home/ines/tiago_ws/install/tiago_autonomous_exploration:/home/ines/ros2_ws/install/scripts:/home/ines/ros2_ws/install/acrobat:/opt/ros/humble /usr/bin/cmake --build /home/ines/tiago_ws/build/tiago_exam_worlds -- -j8 -l8
[12.656s] INFO:colcon.colcon_ros.task.ament_cmake.build:Building ROS package in '/home/ines/tiago_ws/src/tiago_navigation.bak/tiago_laser_sensors' with build type 'ament_cmake'
[12.656s] INFO:colcon.colcon_cmake.task.cmake.build:Building CMake package in '/home/ines/tiago_ws/src/tiago_navigation.bak/tiago_laser_sensors'
[12.657s] INFO:colcon.colcon_core.shell:Skip shell extension 'powershell' for command environment: Not usable outside of PowerShell
[12.658s] DEBUG:colcon.colcon_core.shell:Skip shell extension 'dsv' for command environment
[12.763s] DEBUG:colcon.colcon_core.event_handler.log_command:Invoking command in '/home/ines/tiago_ws/build/tiago_2dnav': CMAKE_PREFIX_PATH=/home/ines/tiago_ws/install/pmb2_maps:/home/ines/tiago_ws/install/tiago_navigation:/home/ines/tiago_ws/install/tiago_laser_sensors:/home/ines/tiago_ws/install/tiago_exam_worlds:/home/ines/tiago_ws/install/tiago_exam:/home/ines/tiago_ws/install/tiago_controller_configuration:/home/ines/tiago_ws/install/tiago_2dnav:/home/ines/tiago_ws/install/pmb2_rgbd_sensors:/home/ines/tiago_ws/install/pmb2_navigation:/home/ines/tiago_ws/install/pmb2_2dnav:/home/ines/tiago_ws/install/pmb2_laser_sensors:/home/ines/tiago_ws/install/pal_navigation_cfg:/home/ines/tiago_ws/install/pal_navigation_cfg_bringup:/home/ines/tiago_ws/install/pal_navigation_cfg_params:/home/ines/tiago_ws/install/multirobot_map_merge:/home/ines/tiago_ws/install/explore_lite:/home/ines/test_ws/install/my_package:/home/ines/tiago_ws/install/tiago_autonomous_navigation:/home/ines/tiago_ws/install/tiago_autonomous_exploration:/home/ines/ros2_ws/install/scripts:/home/ines/ros2_ws/install/acrobat:/opt/ros/humble /usr/bin/cmake --build /home/ines/tiago_ws/build/tiago_2dnav -- -j8 -l8
[12.796s] DEBUG:colcon.colcon_core.event_handler.log_command:Invoking command in '/home/ines/tiago_ws/build/pmb2_2dnav': CMAKE_PREFIX_PATH=/home/ines/tiago_ws/install/pmb2_maps:/home/ines/tiago_ws/install/pmb2_laser_sensors:/home/ines/tiago_ws/install/tiago_navigation:/home/ines/tiago_ws/install/tiago_laser_sensors:/home/ines/tiago_ws/install/tiago_exam_worlds:/home/ines/tiago_ws/install/tiago_exam:/home/ines/tiago_ws/install/tiago_controller_configuration:/home/ines/tiago_ws/install/tiago_2dnav:/home/ines/tiago_ws/install/pmb2_rgbd_sensors:/home/ines/tiago_ws/install/pmb2_navigation:/home/ines/tiago_ws/install/pmb2_2dnav:/home/ines/tiago_ws/install/pal_navigation_cfg:/home/ines/tiago_ws/install/pal_navigation_cfg_bringup:/home/ines/tiago_ws/install/pal_navigation_cfg_params:/home/ines/tiago_ws/install/multirobot_map_merge:/home/ines/tiago_ws/install/explore_lite:/home/ines/test_ws/install/my_package:/home/ines/tiago_ws/install/tiago_autonomous_navigation:/home/ines/tiago_ws/install/tiago_autonomous_exploration:/home/ines/ros2_ws/install/scripts:/home/ines/ros2_ws/install/acrobat:/opt/ros/humble /usr/bin/cmake --build /home/ines/tiago_ws/build/pmb2_2dnav -- -j8 -l8
[12.861s] DEBUG:colcon.colcon_core.event_handler.log_command:Invoking command in '/home/ines/tiago_ws/build/pal_navigation_cfg_bringup': CMAKE_PREFIX_PATH=/home/ines/tiago_ws/install/pal_navigation_cfg_params:/home/ines/tiago_ws/install/tiago_navigation:/home/ines/tiago_ws/install/tiago_laser_sensors:/home/ines/tiago_ws/install/tiago_exam_worlds:/home/ines/tiago_ws/install/tiago_exam:/home/ines/tiago_ws/install/tiago_controller_configuration:/home/ines/tiago_ws/install/tiago_2dnav:/home/ines/tiago_ws/install/pmb2_rgbd_sensors:/home/ines/tiago_ws/install/pmb2_navigation:/home/ines/tiago_ws/install/pmb2_2dnav:/home/ines/tiago_ws/install/pmb2_maps:/home/ines/tiago_ws/install/pmb2_laser_sensors:/home/ines/tiago_ws/install/pal_navigation_cfg:/home/ines/tiago_ws/install/pal_navigation_cfg_bringup:/home/ines/tiago_ws/install/multirobot_map_merge:/home/ines/tiago_ws/install/explore_lite:/home/ines/test_ws/install/my_package:/home/ines/tiago_ws/install/tiago_autonomous_navigation:/home/ines/tiago_ws/install/tiago_autonomous_exploration:/home/ines/ros2_ws/install/scripts:/home/ines/ros2_ws/install/acrobat:/opt/ros/humble /usr/bin/cmake --build /home/ines/tiago_ws/build/pal_navigation_cfg_bringup -- -j8 -l8
[12.881s] DEBUG:colcon.colcon_core.event_handler.log_command:Invoking command in '/home/ines/tiago_ws/build/tiago_laser_sensors': CMAKE_PREFIX_PATH=/home/ines/tiago_ws/install/pmb2_laser_sensors:/home/ines/tiago_ws/install/tiago_navigation:/home/ines/tiago_ws/install/tiago_laser_sensors:/home/ines/tiago_ws/install/tiago_exam_worlds:/home/ines/tiago_ws/install/tiago_exam:/home/ines/tiago_ws/install/tiago_controller_configuration:/home/ines/tiago_ws/install/tiago_2dnav:/home/ines/tiago_ws/install/pmb2_rgbd_sensors:/home/ines/tiago_ws/install/pmb2_navigation:/home/ines/tiago_ws/install/pmb2_2dnav:/home/ines/tiago_ws/install/pmb2_maps:/home/ines/tiago_ws/install/pal_navigation_cfg:/home/ines/tiago_ws/install/pal_navigation_cfg_bringup:/home/ines/tiago_ws/install/pal_navigation_cfg_params:/home/ines/tiago_ws/install/multirobot_map_merge:/home/ines/tiago_ws/install/explore_lite:/home/ines/test_ws/install/my_package:/home/ines/tiago_ws/install/tiago_autonomous_navigation:/home/ines/tiago_ws/install/tiago_autonomous_exploration:/home/ines/ros2_ws/install/scripts:/home/ines/ros2_ws/install/acrobat:/opt/ros/humble /usr/bin/cmake --build /home/ines/tiago_ws/build/tiago_laser_sensors -- -j8 -l8
[12.986s] DEBUG:colcon.colcon_core.event_handler.log_command:Invoked command in '/home/ines/tiago_ws/build/pmb2_2dnav' returned '0': CMAKE_PREFIX_PATH=/home/ines/tiago_ws/install/pmb2_maps:/home/ines/tiago_ws/install/pmb2_laser_sensors:/home/ines/tiago_ws/install/tiago_navigation:/home/ines/tiago_ws/install/tiago_laser_sensors:/home/ines/tiago_ws/install/tiago_exam_worlds:/home/ines/tiago_ws/install/tiago_exam:/home/ines/tiago_ws/install/tiago_controller_configuration:/home/ines/tiago_ws/install/tiago_2dnav:/home/ines/tiago_ws/install/pmb2_rgbd_sensors:/home/ines/tiago_ws/install/pmb2_navigation:/home/ines/tiago_ws/install/pmb2_2dnav:/home/ines/tiago_ws/install/pal_navigation_cfg:/home/ines/tiago_ws/install/pal_navigation_cfg_bringup:/home/ines/tiago_ws/install/pal_navigation_cfg_params:/home/ines/tiago_ws/install/multirobot_map_merge:/home/ines/tiago_ws/install/explore_lite:/home/ines/test_ws/install/my_package:/home/ines/tiago_ws/install/tiago_autonomous_navigation:/home/ines/tiago_ws/install/tiago_autonomous_exploration:/home/ines/ros2_ws/install/scripts:/home/ines/ros2_ws/install/acrobat:/opt/ros/humble /usr/bin/cmake --build /home/ines/tiago_ws/build/pmb2_2dnav -- -j8 -l8
[13.082s] DEBUG:colcon.colcon_core.event_handler.log_command:Invoking command in '/home/ines/tiago_ws/build/pmb2_2dnav': CMAKE_PREFIX_PATH=/home/ines/tiago_ws/install/pmb2_maps:/home/ines/tiago_ws/install/pmb2_laser_sensors:/home/ines/tiago_ws/install/tiago_navigation:/home/ines/tiago_ws/install/tiago_laser_sensors:/home/ines/tiago_ws/install/tiago_exam_worlds:/home/ines/tiago_ws/install/tiago_exam:/home/ines/tiago_ws/install/tiago_controller_configuration:/home/ines/tiago_ws/install/tiago_2dnav:/home/ines/tiago_ws/install/pmb2_rgbd_sensors:/home/ines/tiago_ws/install/pmb2_navigation:/home/ines/tiago_ws/install/pmb2_2dnav:/home/ines/tiago_ws/install/pal_navigation_cfg:/home/ines/tiago_ws/install/pal_navigation_cfg_bringup:/home/ines/tiago_ws/install/pal_navigation_cfg_params:/home/ines/tiago_ws/install/multirobot_map_merge:/home/ines/tiago_ws/install/explore_lite:/home/ines/test_ws/install/my_package:/home/ines/tiago_ws/install/tiago_autonomous_navigation:/home/ines/tiago_ws/install/tiago_autonomous_exploration:/home/ines/ros2_ws/install/scripts:/home/ines/ros2_ws/install/acrobat:/opt/ros/humble /usr/bin/cmake --install /home/ines/tiago_ws/build/pmb2_2dnav
[13.089s] DEBUG:colcon.colcon_core.event_handler.log_command:Invoked command in '/home/ines/tiago_ws/build/tiago_exam_worlds' returned '0': CMAKE_PREFIX_PATH=${CMAKE_PREFIX_PATH}:/home/ines/tiago_ws/install/tiago_autonomous_navigation:/home/ines/tiago_ws/install/tiago_autonomous_exploration:/home/ines/ros2_ws/install/scripts:/home/ines/ros2_ws/install/acrobat:/opt/ros/humble /usr/bin/cmake --build /home/ines/tiago_ws/build/tiago_exam_worlds -- -j8 -l8
[13.159s] DEBUG:colcon.colcon_core.event_handler.log_command:Invoked command in '/home/ines/tiago_ws/build/pal_navigation_cfg_bringup' returned '0': CMAKE_PREFIX_PATH=/home/ines/tiago_ws/install/pal_navigation_cfg_params:/home/ines/tiago_ws/install/tiago_navigation:/home/ines/tiago_ws/install/tiago_laser_sensors:/home/ines/tiago_ws/install/tiago_exam_worlds:/home/ines/tiago_ws/install/tiago_exam:/home/ines/tiago_ws/install/tiago_controller_configuration:/home/ines/tiago_ws/install/tiago_2dnav:/home/ines/tiago_ws/install/pmb2_rgbd_sensors:/home/ines/tiago_ws/install/pmb2_navigation:/home/ines/tiago_ws/install/pmb2_2dnav:/home/ines/tiago_ws/install/pmb2_maps:/home/ines/tiago_ws/install/pmb2_laser_sensors:/home/ines/tiago_ws/install/pal_navigation_cfg:/home/ines/tiago_ws/install/pal_navigation_cfg_bringup:/home/ines/tiago_ws/install/multirobot_map_merge:/home/ines/tiago_ws/install/explore_lite:/home/ines/test_ws/install/my_package:/home/ines/tiago_ws/install/tiago_autonomous_navigation:/home/ines/tiago_ws/install/tiago_autonomous_exploration:/home/ines/ros2_ws/install/scripts:/home/ines/ros2_ws/install/acrobat:/opt/ros/humble /usr/bin/cmake --build /home/ines/tiago_ws/build/pal_navigation_cfg_bringup -- -j8 -l8
[13.174s] DEBUG:colcon.colcon_core.event_handler.log_command:Invoked command in '/home/ines/tiago_ws/build/tiago_laser_sensors' returned '0': CMAKE_PREFIX_PATH=/home/ines/tiago_ws/install/pmb2_laser_sensors:/home/ines/tiago_ws/install/tiago_navigation:/home/ines/tiago_ws/install/tiago_laser_sensors:/home/ines/tiago_ws/install/tiago_exam_worlds:/home/ines/tiago_ws/install/tiago_exam:/home/ines/tiago_ws/install/tiago_controller_configuration:/home/ines/tiago_ws/install/tiago_2dnav:/home/ines/tiago_ws/install/pmb2_rgbd_sensors:/home/ines/tiago_ws/install/pmb2_navigation:/home/ines/tiago_ws/install/pmb2_2dnav:/home/ines/tiago_ws/install/pmb2_maps:/home/ines/tiago_ws/install/pal_navigation_cfg:/home/ines/tiago_ws/install/pal_navigation_cfg_bringup:/home/ines/tiago_ws/install/pal_navigation_cfg_params:/home/ines/tiago_ws/install/multirobot_map_merge:/home/ines/tiago_ws/install/explore_lite:/home/ines/test_ws/install/my_package:/home/ines/tiago_ws/install/tiago_autonomous_navigation:/home/ines/tiago_ws/install/tiago_autonomous_exploration:/home/ines/ros2_ws/install/scripts:/home/ines/ros2_ws/install/acrobat:/opt/ros/humble /usr/bin/cmake --build /home/ines/tiago_ws/build/tiago_laser_sensors -- -j8 -l8
[13.183s] DEBUG:colcon.colcon_core.event_handler.log_command:Invoked command in '/home/ines/tiago_ws/build/tiago_2dnav' returned '0': CMAKE_PREFIX_PATH=/home/ines/tiago_ws/install/pmb2_maps:/home/ines/tiago_ws/install/tiago_navigation:/home/ines/tiago_ws/install/tiago_laser_sensors:/home/ines/tiago_ws/install/tiago_exam_worlds:/home/ines/tiago_ws/install/tiago_exam:/home/ines/tiago_ws/install/tiago_controller_configuration:/home/ines/tiago_ws/install/tiago_2dnav:/home/ines/tiago_ws/install/pmb2_rgbd_sensors:/home/ines/tiago_ws/install/pmb2_navigation:/home/ines/tiago_ws/install/pmb2_2dnav:/home/ines/tiago_ws/install/pmb2_laser_sensors:/home/ines/tiago_ws/install/pal_navigation_cfg:/home/ines/tiago_ws/install/pal_navigation_cfg_bringup:/home/ines/tiago_ws/install/pal_navigation_cfg_params:/home/ines/tiago_ws/install/multirobot_map_merge:/home/ines/tiago_ws/install/explore_lite:/home/ines/test_ws/install/my_package:/home/ines/tiago_ws/install/tiago_autonomous_navigation:/home/ines/tiago_ws/install/tiago_autonomous_exploration:/home/ines/ros2_ws/install/scripts:/home/ines/ros2_ws/install/acrobat:/opt/ros/humble /usr/bin/cmake --build /home/ines/tiago_ws/build/tiago_2dnav -- -j8 -l8
[13.222s] DEBUG:colcon.colcon_core.event_handler.log_command:Invoking command in '/home/ines/tiago_ws/build/tiago_exam_worlds': CMAKE_PREFIX_PATH=${CMAKE_PREFIX_PATH}:/home/ines/tiago_ws/install/tiago_autonomous_navigation:/home/ines/tiago_ws/install/tiago_autonomous_exploration:/home/ines/ros2_ws/install/scripts:/home/ines/ros2_ws/install/acrobat:/opt/ros/humble /usr/bin/cmake --install /home/ines/tiago_ws/build/tiago_exam_worlds
[13.278s] DEBUG:colcon.colcon_core.event_handler.log_command:Invoking command in '/home/ines/tiago_ws/build/pal_navigation_cfg_bringup': CMAKE_PREFIX_PATH=/home/ines/tiago_ws/install/pal_navigation_cfg_params:/home/ines/tiago_ws/install/tiago_navigation:/home/ines/tiago_ws/install/tiago_laser_sensors:/home/ines/tiago_ws/install/tiago_exam_worlds:/home/ines/tiago_ws/install/tiago_exam:/home/ines/tiago_ws/install/tiago_controller_configuration:/home/ines/tiago_ws/install/tiago_2dnav:/home/ines/tiago_ws/install/pmb2_rgbd_sensors:/home/ines/tiago_ws/install/pmb2_navigation:/home/ines/tiago_ws/install/pmb2_2dnav:/home/ines/tiago_ws/install/pmb2_maps:/home/ines/tiago_ws/install/pmb2_laser_sensors:/home/ines/tiago_ws/install/pal_navigation_cfg:/home/ines/tiago_ws/install/pal_navigation_cfg_bringup:/home/ines/tiago_ws/install/multirobot_map_merge:/home/ines/tiago_ws/install/explore_lite:/home/ines/test_ws/install/my_package:/home/ines/tiago_ws/install/tiago_autonomous_navigation:/home/ines/tiago_ws/install/tiago_autonomous_exploration:/home/ines/ros2_ws/install/scripts:/home/ines/ros2_ws/install/acrobat:/opt/ros/humble /usr/bin/cmake --install /home/ines/tiago_ws/build/pal_navigation_cfg_bringup
[13.289s] DEBUG:colcon.colcon_core.event_handler.log_command:Invoking command in '/home/ines/tiago_ws/build/tiago_laser_sensors': CMAKE_PREFIX_PATH=/home/ines/tiago_ws/install/pmb2_laser_sensors:/home/ines/tiago_ws/install/tiago_navigation:/home/ines/tiago_ws/install/tiago_laser_sensors:/home/ines/tiago_ws/install/tiago_exam_worlds:/home/ines/tiago_ws/install/tiago_exam:/home/ines/tiago_ws/install/tiago_controller_configuration:/home/ines/tiago_ws/install/tiago_2dnav:/home/ines/tiago_ws/install/pmb2_rgbd_sensors:/home/ines/tiago_ws/install/pmb2_navigation:/home/ines/tiago_ws/install/pmb2_2dnav:/home/ines/tiago_ws/install/pmb2_maps:/home/ines/tiago_ws/install/pal_navigation_cfg:/home/ines/tiago_ws/install/pal_navigation_cfg_bringup:/home/ines/tiago_ws/install/pal_navigation_cfg_params:/home/ines/tiago_ws/install/multirobot_map_merge:/home/ines/tiago_ws/install/explore_lite:/home/ines/test_ws/install/my_package:/home/ines/tiago_ws/install/tiago_autonomous_navigation:/home/ines/tiago_ws/install/tiago_autonomous_exploration:/home/ines/ros2_ws/install/scripts:/home/ines/ros2_ws/install/acrobat:/opt/ros/humble /usr/bin/cmake --install /home/ines/tiago_ws/build/tiago_laser_sensors
[13.304s] DEBUG:colcon.colcon_core.event_handler.log_command:Invoking command in '/home/ines/tiago_ws/build/tiago_2dnav': CMAKE_PREFIX_PATH=/home/ines/tiago_ws/install/pmb2_maps:/home/ines/tiago_ws/install/tiago_navigation:/home/ines/tiago_ws/install/tiago_laser_sensors:/home/ines/tiago_ws/install/tiago_exam_worlds:/home/ines/tiago_ws/install/tiago_exam:/home/ines/tiago_ws/install/tiago_controller_configuration:/home/ines/tiago_ws/install/tiago_2dnav:/home/ines/tiago_ws/install/pmb2_rgbd_sensors:/home/ines/tiago_ws/install/pmb2_navigation:/home/ines/tiago_ws/install/pmb2_2dnav:/home/ines/tiago_ws/install/pmb2_laser_sensors:/home/ines/tiago_ws/install/pal_navigation_cfg:/home/ines/tiago_ws/install/pal_navigation_cfg_bringup:/home/ines/tiago_ws/install/pal_navigation_cfg_params:/home/ines/tiago_ws/install/multirobot_map_merge:/home/ines/tiago_ws/install/explore_lite:/home/ines/test_ws/install/my_package:/home/ines/tiago_ws/install/tiago_autonomous_navigation:/home/ines/tiago_ws/install/tiago_autonomous_exploration:/home/ines/ros2_ws/install/scripts:/home/ines/ros2_ws/install/acrobat:/opt/ros/humble /usr/bin/cmake --install /home/ines/tiago_ws/build/tiago_2dnav
[13.440s] Level 1:colcon.colcon_core.environment:create_environment_scripts_only(pmb2_2dnav)
[13.441s] Level 1:colcon.colcon_core.environment:checking '/home/ines/tiago_ws/install/pmb2_2dnav' for CMake module files
[13.444s] DEBUG:colcon.colcon_core.event_handler.log_command:Invoked command in '/home/ines/tiago_ws/build/pmb2_2dnav' returned '0': CMAKE_PREFIX_PATH=/home/ines/tiago_ws/install/pmb2_maps:/home/ines/tiago_ws/install/pmb2_laser_sensors:/home/ines/tiago_ws/install/tiago_navigation:/home/ines/tiago_ws/install/tiago_laser_sensors:/home/ines/tiago_ws/install/tiago_exam_worlds:/home/ines/tiago_ws/install/tiago_exam:/home/ines/tiago_ws/install/tiago_controller_configuration:/home/ines/tiago_ws/install/tiago_2dnav:/home/ines/tiago_ws/install/pmb2_rgbd_sensors:/home/ines/tiago_ws/install/pmb2_navigation:/home/ines/tiago_ws/install/pmb2_2dnav:/home/ines/tiago_ws/install/pal_navigation_cfg:/home/ines/tiago_ws/install/pal_navigation_cfg_bringup:/home/ines/tiago_ws/install/pal_navigation_cfg_params:/home/ines/tiago_ws/install/multirobot_map_merge:/home/ines/tiago_ws/install/explore_lite:/home/ines/test_ws/install/my_package:/home/ines/tiago_ws/install/tiago_autonomous_navigation:/home/ines/tiago_ws/install/tiago_autonomous_exploration:/home/ines/ros2_ws/install/scripts:/home/ines/ros2_ws/install/acrobat:/opt/ros/humble /usr/bin/cmake --install /home/ines/tiago_ws/build/pmb2_2dnav
[13.446s] Level 1:colcon.colcon_core.environment:checking '/home/ines/tiago_ws/install/pmb2_2dnav' for CMake config files
[13.547s] Level 1:colcon.colcon_core.shell:create_environment_hook('pmb2_2dnav', 'cmake_prefix_path')
[13.548s] INFO:colcon.colcon_core.shell:Creating environment hook '/home/ines/tiago_ws/install/pmb2_2dnav/share/pmb2_2dnav/hook/cmake_prefix_path.ps1'
[13.549s] INFO:colcon.colcon_core.shell:Creating environment descriptor '/home/ines/tiago_ws/install/pmb2_2dnav/share/pmb2_2dnav/hook/cmake_prefix_path.dsv'
[13.550s] INFO:colcon.colcon_core.shell:Creating environment hook '/home/ines/tiago_ws/install/pmb2_2dnav/share/pmb2_2dnav/hook/cmake_prefix_path.sh'
[13.552s] Level 1:colcon.colcon_core.environment:checking '/home/ines/tiago_ws/install/pmb2_2dnav/bin'
[13.553s] Level 1:colcon.colcon_core.environment:checking '/home/ines/tiago_ws/install/pmb2_2dnav/lib/pkgconfig/pmb2_2dnav.pc'
[13.553s] Level 1:colcon.colcon_core.environment:checking '/home/ines/tiago_ws/install/pmb2_2dnav/lib/python3.10/site-packages'
[13.554s] Level 1:colcon.colcon_core.environment:checking '/home/ines/tiago_ws/install/pmb2_2dnav/bin'
[13.555s] INFO:colcon.colcon_core.shell:Creating package script '/home/ines/tiago_ws/install/pmb2_2dnav/share/pmb2_2dnav/package.ps1'
[13.557s] INFO:colcon.colcon_core.shell:Creating package descriptor '/home/ines/tiago_ws/install/pmb2_2dnav/share/pmb2_2dnav/package.dsv'
[13.558s] INFO:colcon.colcon_core.shell:Creating package script '/home/ines/tiago_ws/install/pmb2_2dnav/share/pmb2_2dnav/package.sh'
[13.560s] INFO:colcon.colcon_core.shell:Creating package script '/home/ines/tiago_ws/install/pmb2_2dnav/share/pmb2_2dnav/package.bash'
[13.561s] INFO:colcon.colcon_core.shell:Creating package script '/home/ines/tiago_ws/install/pmb2_2dnav/share/pmb2_2dnav/package.zsh'
[13.563s] Level 1:colcon.colcon_core.environment:create_file_with_runtime_dependencies(/home/ines/tiago_ws/install/pmb2_2dnav/share/colcon-core/packages/pmb2_2dnav)
[13.569s] Level 1:colcon.colcon_core.environment:create_environment_scripts_only(tiago_laser_sensors)
[13.570s] Level 1:colcon.colcon_core.environment:checking '/home/ines/tiago_ws/install/tiago_laser_sensors' for CMake module files
[13.573s] DEBUG:colcon.colcon_core.event_handler.log_command:Invoked command in '/home/ines/tiago_ws/build/tiago_laser_sensors' returned '0': CMAKE_PREFIX_PATH=/home/ines/tiago_ws/install/pmb2_laser_sensors:/home/ines/tiago_ws/install/tiago_navigation:/home/ines/tiago_ws/install/tiago_laser_sensors:/home/ines/tiago_ws/install/tiago_exam_worlds:/home/ines/tiago_ws/install/tiago_exam:/home/ines/tiago_ws/install/tiago_controller_configuration:/home/ines/tiago_ws/install/tiago_2dnav:/home/ines/tiago_ws/install/pmb2_rgbd_sensors:/home/ines/tiago_ws/install/pmb2_navigation:/home/ines/tiago_ws/install/pmb2_2dnav:/home/ines/tiago_ws/install/pmb2_maps:/home/ines/tiago_ws/install/pal_navigation_cfg:/home/ines/tiago_ws/install/pal_navigation_cfg_bringup:/home/ines/tiago_ws/install/pal_navigation_cfg_params:/home/ines/tiago_ws/install/multirobot_map_merge:/home/ines/tiago_ws/install/explore_lite:/home/ines/test_ws/install/my_package:/home/ines/tiago_ws/install/tiago_autonomous_navigation:/home/ines/tiago_ws/install/tiago_autonomous_exploration:/home/ines/ros2_ws/install/scripts:/home/ines/ros2_ws/install/acrobat:/opt/ros/humble /usr/bin/cmake --install /home/ines/tiago_ws/build/tiago_laser_sensors
[13.576s] Level 1:colcon.colcon_core.environment:checking '/home/ines/tiago_ws/install/tiago_laser_sensors' for CMake config files
[13.581s] Level 1:colcon.colcon_core.shell:create_environment_hook('tiago_laser_sensors', 'cmake_prefix_path')
[13.581s] INFO:colcon.colcon_core.shell:Creating environment hook '/home/ines/tiago_ws/install/tiago_laser_sensors/share/tiago_laser_sensors/hook/cmake_prefix_path.ps1'
[13.587s] INFO:colcon.colcon_core.shell:Creating environment descriptor '/home/ines/tiago_ws/install/tiago_laser_sensors/share/tiago_laser_sensors/hook/cmake_prefix_path.dsv'
[13.591s] INFO:colcon.colcon_core.shell:Creating environment hook '/home/ines/tiago_ws/install/tiago_laser_sensors/share/tiago_laser_sensors/hook/cmake_prefix_path.sh'
[13.596s] Level 1:colcon.colcon_core.environment:checking '/home/ines/tiago_ws/install/tiago_laser_sensors/bin'
[13.596s] Level 1:colcon.colcon_core.environment:checking '/home/ines/tiago_ws/install/tiago_laser_sensors/lib/pkgconfig/tiago_laser_sensors.pc'
[13.597s] Level 1:colcon.colcon_core.environment:checking '/home/ines/tiago_ws/install/tiago_laser_sensors/lib/python3.10/site-packages'
[13.598s] Level 1:colcon.colcon_core.environment:checking '/home/ines/tiago_ws/install/tiago_laser_sensors/bin'
[13.599s] INFO:colcon.colcon_core.shell:Creating package script '/home/ines/tiago_ws/install/tiago_laser_sensors/share/tiago_laser_sensors/package.ps1'
[13.602s] INFO:colcon.colcon_core.shell:Creating package descriptor '/home/ines/tiago_ws/install/tiago_laser_sensors/share/tiago_laser_sensors/package.dsv'
[13.603s] INFO:colcon.colcon_core.shell:Creating package script '/home/ines/tiago_ws/install/tiago_laser_sensors/share/tiago_laser_sensors/package.sh'
[13.607s] INFO:colcon.colcon_core.shell:Creating package script '/home/ines/tiago_ws/install/tiago_laser_sensors/share/tiago_laser_sensors/package.bash'
[13.609s] INFO:colcon.colcon_core.shell:Creating package script '/home/ines/tiago_ws/install/tiago_laser_sensors/share/tiago_laser_sensors/package.zsh'
[13.610s] Level 1:colcon.colcon_core.environment:create_file_with_runtime_dependencies(/home/ines/tiago_ws/install/tiago_laser_sensors/share/colcon-core/packages/tiago_laser_sensors)
[13.621s] Level 1:colcon.colcon_core.environment:create_environment_scripts_only(pal_navigation_cfg_bringup)
[13.623s] Level 1:colcon.colcon_core.environment:checking '/home/ines/tiago_ws/install/pal_navigation_cfg_bringup' for CMake module files
[13.626s] DEBUG:colcon.colcon_core.event_handler.log_command:Invoked command in '/home/ines/tiago_ws/build/pal_navigation_cfg_bringup' returned '0': CMAKE_PREFIX_PATH=/home/ines/tiago_ws/install/pal_navigation_cfg_params:/home/ines/tiago_ws/install/tiago_navigation:/home/ines/tiago_ws/install/tiago_laser_sensors:/home/ines/tiago_ws/install/tiago_exam_worlds:/home/ines/tiago_ws/install/tiago_exam:/home/ines/tiago_ws/install/tiago_controller_configuration:/home/ines/tiago_ws/install/tiago_2dnav:/home/ines/tiago_ws/install/pmb2_rgbd_sensors:/home/ines/tiago_ws/install/pmb2_navigation:/home/ines/tiago_ws/install/pmb2_2dnav:/home/ines/tiago_ws/install/pmb2_maps:/home/ines/tiago_ws/install/pmb2_laser_sensors:/home/ines/tiago_ws/install/pal_navigation_cfg:/home/ines/tiago_ws/install/pal_navigation_cfg_bringup:/home/ines/tiago_ws/install/multirobot_map_merge:/home/ines/tiago_ws/install/explore_lite:/home/ines/test_ws/install/my_package:/home/ines/tiago_ws/install/tiago_autonomous_navigation:/home/ines/tiago_ws/install/tiago_autonomous_exploration:/home/ines/ros2_ws/install/scripts:/home/ines/ros2_ws/install/acrobat:/opt/ros/humble /usr/bin/cmake --install /home/ines/tiago_ws/build/pal_navigation_cfg_bringup
[13.634s] Level 1:colcon.colcon_core.environment:checking '/home/ines/tiago_ws/install/pal_navigation_cfg_bringup' for CMake config files
[13.664s] Level 1:colcon.colcon_core.shell:create_environment_hook('pal_navigation_cfg_bringup', 'cmake_prefix_path')
[13.665s] INFO:colcon.colcon_core.shell:Creating environment hook '/home/ines/tiago_ws/install/pal_navigation_cfg_bringup/share/pal_navigation_cfg_bringup/hook/cmake_prefix_path.ps1'
[13.666s] INFO:colcon.colcon_core.shell:Creating environment descriptor '/home/ines/tiago_ws/install/pal_navigation_cfg_bringup/share/pal_navigation_cfg_bringup/hook/cmake_prefix_path.dsv'
[13.668s] INFO:colcon.colcon_core.shell:Creating environment hook '/home/ines/tiago_ws/install/pal_navigation_cfg_bringup/share/pal_navigation_cfg_bringup/hook/cmake_prefix_path.sh'
[13.670s] Level 1:colcon.colcon_core.environment:checking '/home/ines/tiago_ws/install/pal_navigation_cfg_bringup/bin'
[13.670s] Level 1:colcon.colcon_core.environment:checking '/home/ines/tiago_ws/install/pal_navigation_cfg_bringup/lib/pkgconfig/pal_navigation_cfg_bringup.pc'
[13.671s] Level 1:colcon.colcon_core.environment:checking '/home/ines/tiago_ws/install/pal_navigation_cfg_bringup/lib/python3.10/site-packages'
[13.671s] Level 1:colcon.colcon_core.environment:checking '/home/ines/tiago_ws/install/pal_navigation_cfg_bringup/bin'
[13.672s] INFO:colcon.colcon_core.shell:Creating package script '/home/ines/tiago_ws/install/pal_navigation_cfg_bringup/share/pal_navigation_cfg_bringup/package.ps1'
[13.675s] INFO:colcon.colcon_core.shell:Creating package descriptor '/home/ines/tiago_ws/install/pal_navigation_cfg_bringup/share/pal_navigation_cfg_bringup/package.dsv'
[13.676s] INFO:colcon.colcon_core.shell:Creating package script '/home/ines/tiago_ws/install/pal_navigation_cfg_bringup/share/pal_navigation_cfg_bringup/package.sh'
[13.678s] INFO:colcon.colcon_core.shell:Creating package script '/home/ines/tiago_ws/install/pal_navigation_cfg_bringup/share/pal_navigation_cfg_bringup/package.bash'
[13.679s] INFO:colcon.colcon_core.shell:Creating package script '/home/ines/tiago_ws/install/pal_navigation_cfg_bringup/share/pal_navigation_cfg_bringup/package.zsh'
[13.680s] Level 1:colcon.colcon_core.environment:create_file_with_runtime_dependencies(/home/ines/tiago_ws/install/pal_navigation_cfg_bringup/share/colcon-core/packages/pal_navigation_cfg_bringup)
[13.685s] Level 1:colcon.colcon_core.environment:create_environment_scripts_only(pmb2_2dnav)
[13.689s] Level 1:colcon.colcon_core.environment:checking '/home/ines/tiago_ws/install/pmb2_2dnav' for CMake module files
[13.691s] Level 1:colcon.colcon_core.environment:checking '/home/ines/tiago_ws/install/pmb2_2dnav' for CMake config files
[13.695s] Level 1:colcon.colcon_core.shell:create_environment_hook('pmb2_2dnav', 'cmake_prefix_path')
[13.696s] INFO:colcon.colcon_core.shell:Creating environment hook '/home/ines/tiago_ws/install/pmb2_2dnav/share/pmb2_2dnav/hook/cmake_prefix_path.ps1'
[13.697s] INFO:colcon.colcon_core.shell:Creating environment descriptor '/home/ines/tiago_ws/install/pmb2_2dnav/share/pmb2_2dnav/hook/cmake_prefix_path.dsv'
[13.698s] INFO:colcon.colcon_core.shell:Creating environment hook '/home/ines/tiago_ws/install/pmb2_2dnav/share/pmb2_2dnav/hook/cmake_prefix_path.sh'
[13.700s] Level 1:colcon.colcon_core.environment:checking '/home/ines/tiago_ws/install/pmb2_2dnav/bin'
[13.702s] Level 1:colcon.colcon_core.environment:checking '/home/ines/tiago_ws/install/pmb2_2dnav/lib/pkgconfig/pmb2_2dnav.pc'
[13.703s] Level 1:colcon.colcon_core.environment:checking '/home/ines/tiago_ws/install/pmb2_2dnav/lib/python3.10/site-packages'
[13.704s] Level 1:colcon.colcon_core.environment:checking '/home/ines/tiago_ws/install/pmb2_2dnav/bin'
[13.710s] INFO:colcon.colcon_core.shell:Creating package script '/home/ines/tiago_ws/install/pmb2_2dnav/share/pmb2_2dnav/package.ps1'
[13.712s] INFO:colcon.colcon_core.shell:Creating package descriptor '/home/ines/tiago_ws/install/pmb2_2dnav/share/pmb2_2dnav/package.dsv'
[13.715s] INFO:colcon.colcon_core.shell:Creating package script '/home/ines/tiago_ws/install/pmb2_2dnav/share/pmb2_2dnav/package.sh'
[13.717s] INFO:colcon.colcon_core.shell:Creating package script '/home/ines/tiago_ws/install/pmb2_2dnav/share/pmb2_2dnav/package.bash'
[13.720s] INFO:colcon.colcon_core.shell:Creating package script '/home/ines/tiago_ws/install/pmb2_2dnav/share/pmb2_2dnav/package.zsh'
[13.721s] Level 1:colcon.colcon_core.environment:create_file_with_runtime_dependencies(/home/ines/tiago_ws/install/pmb2_2dnav/share/colcon-core/packages/pmb2_2dnav)
[13.723s] INFO:colcon.colcon_ros.task.ament_cmake.build:Building ROS package in '/home/ines/tiago_ws/src/pmb2_navigation/pmb2_navigation' with build type 'ament_cmake'
[13.723s] INFO:colcon.colcon_cmake.task.cmake.build:Building CMake package in '/home/ines/tiago_ws/src/pmb2_navigation/pmb2_navigation'
[13.724s] INFO:colcon.colcon_core.shell:Skip shell extension 'powershell' for command environment: Not usable outside of PowerShell
[13.726s] DEBUG:colcon.colcon_core.shell:Skip shell extension 'dsv' for command environment
[13.762s] Level 1:colcon.colcon_core.environment:create_environment_scripts_only(tiago_2dnav)
[13.764s] Level 1:colcon.colcon_core.environment:checking '/home/ines/tiago_ws/install/tiago_2dnav' for CMake module files
[13.768s] Level 1:colcon.colcon_core.environment:checking '/home/ines/tiago_ws/install/tiago_2dnav' for CMake config files
[13.770s] DEBUG:colcon.colcon_core.event_handler.log_command:Invoked command in '/home/ines/tiago_ws/build/tiago_2dnav' returned '0': CMAKE_PREFIX_PATH=/home/ines/tiago_ws/install/pmb2_maps:/home/ines/tiago_ws/install/tiago_navigation:/home/ines/tiago_ws/install/tiago_laser_sensors:/home/ines/tiago_ws/install/tiago_exam_worlds:/home/ines/tiago_ws/install/tiago_exam:/home/ines/tiago_ws/install/tiago_controller_configuration:/home/ines/tiago_ws/install/tiago_2dnav:/home/ines/tiago_ws/install/pmb2_rgbd_sensors:/home/ines/tiago_ws/install/pmb2_navigation:/home/ines/tiago_ws/install/pmb2_2dnav:/home/ines/tiago_ws/install/pmb2_laser_sensors:/home/ines/tiago_ws/install/pal_navigation_cfg:/home/ines/tiago_ws/install/pal_navigation_cfg_bringup:/home/ines/tiago_ws/install/pal_navigation_cfg_params:/home/ines/tiago_ws/install/multirobot_map_merge:/home/ines/tiago_ws/install/explore_lite:/home/ines/test_ws/install/my_package:/home/ines/tiago_ws/install/tiago_autonomous_navigation:/home/ines/tiago_ws/install/tiago_autonomous_exploration:/home/ines/ros2_ws/install/scripts:/home/ines/ros2_ws/install/acrobat:/opt/ros/humble /usr/bin/cmake --install /home/ines/tiago_ws/build/tiago_2dnav
[14.794s] Level 1:colcon.colcon_core.shell:create_environment_hook('tiago_2dnav', 'cmake_prefix_path')
[14.795s] INFO:colcon.colcon_core.shell:Creating environment hook '/home/ines/tiago_ws/install/tiago_2dnav/share/tiago_2dnav/hook/cmake_prefix_path.ps1'
[14.796s] INFO:colcon.colcon_core.shell:Creating environment descriptor '/home/ines/tiago_ws/install/tiago_2dnav/share/tiago_2dnav/hook/cmake_prefix_path.dsv'
[14.797s] INFO:colcon.colcon_core.shell:Creating environment hook '/home/ines/tiago_ws/install/tiago_2dnav/share/tiago_2dnav/hook/cmake_prefix_path.sh'
[14.799s] Level 1:colcon.colcon_core.environment:checking '/home/ines/tiago_ws/install/tiago_2dnav/bin'
[14.799s] Level 1:colcon.colcon_core.environment:checking '/home/ines/tiago_ws/install/tiago_2dnav/lib/pkgconfig/tiago_2dnav.pc'
[14.800s] Level 1:colcon.colcon_core.environment:checking '/home/ines/tiago_ws/install/tiago_2dnav/lib/python3.10/site-packages'
[14.801s] Level 1:colcon.colcon_core.environment:checking '/home/ines/tiago_ws/install/tiago_2dnav/bin'
[14.802s] INFO:colcon.colcon_core.shell:Creating package script '/home/ines/tiago_ws/install/tiago_2dnav/share/tiago_2dnav/package.ps1'
[14.803s] INFO:colcon.colcon_core.shell:Creating package descriptor '/home/ines/tiago_ws/install/tiago_2dnav/share/tiago_2dnav/package.dsv'
[14.805s] INFO:colcon.colcon_core.shell:Creating package script '/home/ines/tiago_ws/install/tiago_2dnav/share/tiago_2dnav/package.sh'
[14.806s] INFO:colcon.colcon_core.shell:Creating package script '/home/ines/tiago_ws/install/tiago_2dnav/share/tiago_2dnav/package.bash'
[14.807s] INFO:colcon.colcon_core.shell:Creating package script '/home/ines/tiago_ws/install/tiago_2dnav/share/tiago_2dnav/package.zsh'
[14.808s] Level 1:colcon.colcon_core.environment:create_file_with_runtime_dependencies(/home/ines/tiago_ws/install/tiago_2dnav/share/colcon-core/packages/tiago_2dnav)
[14.814s] Level 1:colcon.colcon_core.environment:create_environment_scripts_only(tiago_laser_sensors)
[14.815s] Level 1:colcon.colcon_core.environment:checking '/home/ines/tiago_ws/install/tiago_laser_sensors' for CMake module files
[14.817s] Level 1:colcon.colcon_core.environment:checking '/home/ines/tiago_ws/install/tiago_laser_sensors' for CMake config files
[14.817s] Level 1:colcon.colcon_core.shell:create_environment_hook('tiago_laser_sensors', 'cmake_prefix_path')
[14.818s] INFO:colcon.colcon_core.shell:Creating environment hook '/home/ines/tiago_ws/install/tiago_laser_sensors/share/tiago_laser_sensors/hook/cmake_prefix_path.ps1'
[14.819s] INFO:colcon.colcon_core.shell:Creating environment descriptor '/home/ines/tiago_ws/install/tiago_laser_sensors/share/tiago_laser_sensors/hook/cmake_prefix_path.dsv'
[14.820s] INFO:colcon.colcon_core.shell:Creating environment hook '/home/ines/tiago_ws/install/tiago_laser_sensors/share/tiago_laser_sensors/hook/cmake_prefix_path.sh'
[14.822s] Level 1:colcon.colcon_core.environment:checking '/home/ines/tiago_ws/install/tiago_laser_sensors/bin'
[14.822s] Level 1:colcon.colcon_core.environment:checking '/home/ines/tiago_ws/install/tiago_laser_sensors/lib/pkgconfig/tiago_laser_sensors.pc'
[14.823s] Level 1:colcon.colcon_core.environment:checking '/home/ines/tiago_ws/install/tiago_laser_sensors/lib/python3.10/site-packages'
[14.824s] Level 1:colcon.colcon_core.environment:checking '/home/ines/tiago_ws/install/tiago_laser_sensors/bin'
[14.825s] INFO:colcon.colcon_core.shell:Creating package script '/home/ines/tiago_ws/install/tiago_laser_sensors/share/tiago_laser_sensors/package.ps1'
[14.827s] INFO:colcon.colcon_core.shell:Creating package descriptor '/home/ines/tiago_ws/install/tiago_laser_sensors/share/tiago_laser_sensors/package.dsv'
[14.828s] INFO:colcon.colcon_core.shell:Creating package script '/home/ines/tiago_ws/install/tiago_laser_sensors/share/tiago_laser_sensors/package.sh'
[14.830s] INFO:colcon.colcon_core.shell:Creating package script '/home/ines/tiago_ws/install/tiago_laser_sensors/share/tiago_laser_sensors/package.bash'
[14.831s] INFO:colcon.colcon_core.shell:Creating package script '/home/ines/tiago_ws/install/tiago_laser_sensors/share/tiago_laser_sensors/package.zsh'
[14.832s] Level 1:colcon.colcon_core.environment:create_file_with_runtime_dependencies(/home/ines/tiago_ws/install/tiago_laser_sensors/share/colcon-core/packages/tiago_laser_sensors)
[14.835s] Level 1:colcon.colcon_core.environment:create_environment_scripts_only(pal_navigation_cfg_bringup)
[14.837s] Level 1:colcon.colcon_core.environment:checking '/home/ines/tiago_ws/install/pal_navigation_cfg_bringup' for CMake module files
[14.838s] Level 1:colcon.colcon_core.environment:checking '/home/ines/tiago_ws/install/pal_navigation_cfg_bringup' for CMake config files
[14.839s] Level 1:colcon.colcon_core.shell:create_environment_hook('pal_navigation_cfg_bringup', 'cmake_prefix_path')
[14.840s] INFO:colcon.colcon_core.shell:Creating environment hook '/home/ines/tiago_ws/install/pal_navigation_cfg_bringup/share/pal_navigation_cfg_bringup/hook/cmake_prefix_path.ps1'
[14.841s] INFO:colcon.colcon_core.shell:Creating environment descriptor '/home/ines/tiago_ws/install/pal_navigation_cfg_bringup/share/pal_navigation_cfg_bringup/hook/cmake_prefix_path.dsv'
[14.842s] INFO:colcon.colcon_core.shell:Creating environment hook '/home/ines/tiago_ws/install/pal_navigation_cfg_bringup/share/pal_navigation_cfg_bringup/hook/cmake_prefix_path.sh'
[14.844s] Level 1:colcon.colcon_core.environment:checking '/home/ines/tiago_ws/install/pal_navigation_cfg_bringup/bin'
[14.844s] Level 1:colcon.colcon_core.environment:checking '/home/ines/tiago_ws/install/pal_navigation_cfg_bringup/lib/pkgconfig/pal_navigation_cfg_bringup.pc'
[14.845s] Level 1:colcon.colcon_core.environment:checking '/home/ines/tiago_ws/install/pal_navigation_cfg_bringup/lib/python3.10/site-packages'
[14.846s] Level 1:colcon.colcon_core.environment:checking '/home/ines/tiago_ws/install/pal_navigation_cfg_bringup/bin'
[14.847s] INFO:colcon.colcon_core.shell:Creating package script '/home/ines/tiago_ws/install/pal_navigation_cfg_bringup/share/pal_navigation_cfg_bringup/package.ps1'
[14.848s] INFO:colcon.colcon_core.shell:Creating package descriptor '/home/ines/tiago_ws/install/pal_navigation_cfg_bringup/share/pal_navigation_cfg_bringup/package.dsv'
[14.850s] INFO:colcon.colcon_core.shell:Creating package script '/home/ines/tiago_ws/install/pal_navigation_cfg_bringup/share/pal_navigation_cfg_bringup/package.sh'
[14.852s] INFO:colcon.colcon_core.shell:Creating package script '/home/ines/tiago_ws/install/pal_navigation_cfg_bringup/share/pal_navigation_cfg_bringup/package.bash'
[14.854s] INFO:colcon.colcon_core.shell:Creating package script '/home/ines/tiago_ws/install/pal_navigation_cfg_bringup/share/pal_navigation_cfg_bringup/package.zsh'
[14.855s] Level 1:colcon.colcon_core.environment:create_file_with_runtime_dependencies(/home/ines/tiago_ws/install/pal_navigation_cfg_bringup/share/colcon-core/packages/pal_navigation_cfg_bringup)
[14.857s] Level 1:colcon.colcon_core.environment:create_environment_scripts_only(tiago_exam_worlds)
[14.858s] Level 1:colcon.colcon_core.environment:checking '/home/ines/tiago_ws/install/tiago_exam_worlds' for CMake module files
[14.860s] DEBUG:colcon.colcon_core.event_handler.log_command:Invoked command in '/home/ines/tiago_ws/build/tiago_exam_worlds' returned '0': CMAKE_PREFIX_PATH=${CMAKE_PREFIX_PATH}:/home/ines/tiago_ws/install/tiago_autonomous_navigation:/home/ines/tiago_ws/install/tiago_autonomous_exploration:/home/ines/ros2_ws/install/scripts:/home/ines/ros2_ws/install/acrobat:/opt/ros/humble /usr/bin/cmake --install /home/ines/tiago_ws/build/tiago_exam_worlds
[14.862s] Level 1:colcon.colcon_core.environment:checking '/home/ines/tiago_ws/install/tiago_exam_worlds' for CMake config files
[14.928s] Level 1:colcon.colcon_core.shell:create_environment_hook('tiago_exam_worlds', 'cmake_prefix_path')
[14.929s] INFO:colcon.colcon_core.shell:Creating environment hook '/home/ines/tiago_ws/install/tiago_exam_worlds/share/tiago_exam_worlds/hook/cmake_prefix_path.ps1'
[14.931s] INFO:colcon.colcon_core.shell:Creating environment descriptor '/home/ines/tiago_ws/install/tiago_exam_worlds/share/tiago_exam_worlds/hook/cmake_prefix_path.dsv'
[14.932s] INFO:colcon.colcon_core.shell:Creating environment hook '/home/ines/tiago_ws/install/tiago_exam_worlds/share/tiago_exam_worlds/hook/cmake_prefix_path.sh'
[14.933s] Level 1:colcon.colcon_core.environment:checking '/home/ines/tiago_ws/install/tiago_exam_worlds/bin'
[14.934s] Level 1:colcon.colcon_core.environment:checking '/home/ines/tiago_ws/install/tiago_exam_worlds/lib/pkgconfig/tiago_exam_worlds.pc'
[14.934s] Level 1:colcon.colcon_core.environment:checking '/home/ines/tiago_ws/install/tiago_exam_worlds/lib/python3.10/site-packages'
[14.935s] Level 1:colcon.colcon_core.environment:checking '/home/ines/tiago_ws/install/tiago_exam_worlds/bin'
[14.936s] INFO:colcon.colcon_core.shell:Creating package script '/home/ines/tiago_ws/install/tiago_exam_worlds/share/tiago_exam_worlds/package.ps1'
[14.937s] INFO:colcon.colcon_core.shell:Creating package descriptor '/home/ines/tiago_ws/install/tiago_exam_worlds/share/tiago_exam_worlds/package.dsv'
[14.938s] INFO:colcon.colcon_core.shell:Creating package script '/home/ines/tiago_ws/install/tiago_exam_worlds/share/tiago_exam_worlds/package.sh'
[14.939s] INFO:colcon.colcon_core.shell:Creating package script '/home/ines/tiago_ws/install/tiago_exam_worlds/share/tiago_exam_worlds/package.bash'
[14.940s] INFO:colcon.colcon_core.shell:Creating package script '/home/ines/tiago_ws/install/tiago_exam_worlds/share/tiago_exam_worlds/package.zsh'
[14.941s] Level 1:colcon.colcon_core.environment:create_file_with_runtime_dependencies(/home/ines/tiago_ws/install/tiago_exam_worlds/share/colcon-core/packages/tiago_exam_worlds)
[14.970s] DEBUG:colcon.colcon_core.event_handler.log_command:Invoking command in '/home/ines/tiago_ws/build/pmb2_navigation': CMAKE_PREFIX_PATH=/home/ines/tiago_ws/install/pmb2_2dnav:/home/ines/tiago_ws/install/pmb2_maps:/home/ines/tiago_ws/install/pmb2_laser_sensors:/home/ines/tiago_ws/install/tiago_navigation:/home/ines/tiago_ws/install/tiago_laser_sensors:/home/ines/tiago_ws/install/tiago_exam_worlds:/home/ines/tiago_ws/install/tiago_exam:/home/ines/tiago_ws/install/tiago_controller_configuration:/home/ines/tiago_ws/install/tiago_2dnav:/home/ines/tiago_ws/install/pmb2_rgbd_sensors:/home/ines/tiago_ws/install/pmb2_navigation:/home/ines/tiago_ws/install/pal_navigation_cfg:/home/ines/tiago_ws/install/pal_navigation_cfg_bringup:/home/ines/tiago_ws/install/pal_navigation_cfg_params:/home/ines/tiago_ws/install/multirobot_map_merge:/home/ines/tiago_ws/install/explore_lite:/home/ines/test_ws/install/my_package:/home/ines/tiago_ws/install/tiago_autonomous_navigation:/home/ines/tiago_ws/install/tiago_autonomous_exploration:/home/ines/ros2_ws/install/scripts:/home/ines/ros2_ws/install/acrobat:/opt/ros/humble /usr/bin/cmake --build /home/ines/tiago_ws/build/pmb2_navigation -- -j8 -l8
[14.971s] INFO:colcon.colcon_ros.task.ament_cmake.build:Building ROS package in '/home/ines/tiago_ws/src/pal_navigation_cfg_public/pal_navigation_cfg_public' with build type 'ament_cmake'
[14.971s] INFO:colcon.colcon_cmake.task.cmake.build:Building CMake package in '/home/ines/tiago_ws/src/pal_navigation_cfg_public/pal_navigation_cfg_public'
[14.972s] INFO:colcon.colcon_core.shell:Skip shell extension 'powershell' for command environment: Not usable outside of PowerShell
[14.972s] DEBUG:colcon.colcon_core.shell:Skip shell extension 'dsv' for command environment
[15.012s] Level 1:colcon.colcon_core.environment:create_environment_scripts_only(tiago_2dnav)
[15.013s] Level 1:colcon.colcon_core.environment:checking '/home/ines/tiago_ws/install/tiago_2dnav' for CMake module files
[15.014s] Level 1:colcon.colcon_core.environment:checking '/home/ines/tiago_ws/install/tiago_2dnav' for CMake config files
[15.016s] Level 1:colcon.colcon_core.shell:create_environment_hook('tiago_2dnav', 'cmake_prefix_path')
[15.016s] INFO:colcon.colcon_core.shell:Creating environment hook '/home/ines/tiago_ws/install/tiago_2dnav/share/tiago_2dnav/hook/cmake_prefix_path.ps1'
[15.018s] INFO:colcon.colcon_core.shell:Creating environment descriptor '/home/ines/tiago_ws/install/tiago_2dnav/share/tiago_2dnav/hook/cmake_prefix_path.dsv'
[15.019s] INFO:colcon.colcon_core.shell:Creating environment hook '/home/ines/tiago_ws/install/tiago_2dnav/share/tiago_2dnav/hook/cmake_prefix_path.sh'
[15.021s] Level 1:colcon.colcon_core.environment:checking '/home/ines/tiago_ws/install/tiago_2dnav/bin'
[15.021s] Level 1:colcon.colcon_core.environment:checking '/home/ines/tiago_ws/install/tiago_2dnav/lib/pkgconfig/tiago_2dnav.pc'
[15.022s] Level 1:colcon.colcon_core.environment:checking '/home/ines/tiago_ws/install/tiago_2dnav/lib/python3.10/site-packages'
[15.022s] Level 1:colcon.colcon_core.environment:checking '/home/ines/tiago_ws/install/tiago_2dnav/bin'
[15.023s] INFO:colcon.colcon_core.shell:Creating package script '/home/ines/tiago_ws/install/tiago_2dnav/share/tiago_2dnav/package.ps1'
[15.024s] INFO:colcon.colcon_core.shell:Creating package descriptor '/home/ines/tiago_ws/install/tiago_2dnav/share/tiago_2dnav/package.dsv'
[15.026s] INFO:colcon.colcon_core.shell:Creating package script '/home/ines/tiago_ws/install/tiago_2dnav/share/tiago_2dnav/package.sh'
[15.027s] INFO:colcon.colcon_core.shell:Creating package script '/home/ines/tiago_ws/install/tiago_2dnav/share/tiago_2dnav/package.bash'
[15.028s] INFO:colcon.colcon_core.shell:Creating package script '/home/ines/tiago_ws/install/tiago_2dnav/share/tiago_2dnav/package.zsh'
[15.029s] Level 1:colcon.colcon_core.environment:create_file_with_runtime_dependencies(/home/ines/tiago_ws/install/tiago_2dnav/share/colcon-core/packages/tiago_2dnav)
[15.032s] INFO:colcon.colcon_ros.task.ament_cmake.build:Building ROS package in '/home/ines/tiago_ws/src/tiago_exam' with build type 'ament_cmake'
[15.032s] INFO:colcon.colcon_cmake.task.cmake.build:Building CMake package in '/home/ines/tiago_ws/src/tiago_exam'
[15.033s] INFO:colcon.colcon_core.shell:Skip shell extension 'powershell' for command environment: Not usable outside of PowerShell
[15.033s] DEBUG:colcon.colcon_core.shell:Skip shell extension 'dsv' for command environment
[15.052s] INFO:colcon.colcon_ros.task.ament_cmake.build:Building ROS package in '/home/ines/tiago_ws/src/tiago_navigation.bak/tiago_navigation' with build type 'ament_cmake'
[15.052s] INFO:colcon.colcon_cmake.task.cmake.build:Building CMake package in '/home/ines/tiago_ws/src/tiago_navigation.bak/tiago_navigation'
[15.053s] INFO:colcon.colcon_core.shell:Skip shell extension 'powershell' for command environment: Not usable outside of PowerShell
[15.053s] DEBUG:colcon.colcon_core.shell:Skip shell extension 'dsv' for command environment
[15.078s] DEBUG:colcon.colcon_core.event_handler.log_command:Invoked command in '/home/ines/tiago_ws/build/pmb2_controller_configuration' returned '0': CMAKE_PREFIX_PATH=${CMAKE_PREFIX_PATH}:/home/ines/tiago_ws/install/tiago_autonomous_navigation:/home/ines/tiago_ws/install/tiago_autonomous_exploration:/home/ines/ros2_ws/install/scripts:/home/ines/ros2_ws/install/acrobat:/opt/ros/humble /usr/bin/cmake /home/ines/tiago_ws/src/pmb2_robot/pmb2_controller_configuration -DAMENT_CMAKE_SYMLINK_INSTALL=1 -DCMAKE_INSTALL_PREFIX=/home/ines/tiago_ws/install/pmb2_controller_configuration
[15.080s] DEBUG:colcon.colcon_core.event_handler.log_command:Invoking command in '/home/ines/tiago_ws/build/pmb2_controller_configuration': CMAKE_PREFIX_PATH=${CMAKE_PREFIX_PATH}:/home/ines/tiago_ws/install/tiago_autonomous_navigation:/home/ines/tiago_ws/install/tiago_autonomous_exploration:/home/ines/ros2_ws/install/scripts:/home/ines/ros2_ws/install/acrobat:/opt/ros/humble /usr/bin/cmake --build /home/ines/tiago_ws/build/pmb2_controller_configuration -- -j8 -l8
[15.085s] Level 1:colcon.colcon_core.environment:create_environment_scripts_only(tiago_exam_worlds)
[15.086s] Level 1:colcon.colcon_core.environment:checking '/home/ines/tiago_ws/install/tiago_exam_worlds' for CMake module files
[15.088s] Level 1:colcon.colcon_core.environment:checking '/home/ines/tiago_ws/install/tiago_exam_worlds' for CMake config files
[15.089s] Level 1:colcon.colcon_core.shell:create_environment_hook('tiago_exam_worlds', 'cmake_prefix_path')
[15.090s] INFO:colcon.colcon_core.shell:Creating environment hook '/home/ines/tiago_ws/install/tiago_exam_worlds/share/tiago_exam_worlds/hook/cmake_prefix_path.ps1'
[15.091s] INFO:colcon.colcon_core.shell:Creating environment descriptor '/home/ines/tiago_ws/install/tiago_exam_worlds/share/tiago_exam_worlds/hook/cmake_prefix_path.dsv'
[15.092s] INFO:colcon.colcon_core.shell:Creating environment hook '/home/ines/tiago_ws/install/tiago_exam_worlds/share/tiago_exam_worlds/hook/cmake_prefix_path.sh'
[15.095s] Level 1:colcon.colcon_core.environment:checking '/home/ines/tiago_ws/install/tiago_exam_worlds/bin'
[15.095s] Level 1:colcon.colcon_core.environment:checking '/home/ines/tiago_ws/install/tiago_exam_worlds/lib/pkgconfig/tiago_exam_worlds.pc'
[15.096s] Level 1:colcon.colcon_core.environment:checking '/home/ines/tiago_ws/install/tiago_exam_worlds/lib/python3.10/site-packages'
[15.096s] Level 1:colcon.colcon_core.environment:checking '/home/ines/tiago_ws/install/tiago_exam_worlds/bin'
[15.097s] INFO:colcon.colcon_core.shell:Creating package script '/home/ines/tiago_ws/install/tiago_exam_worlds/share/tiago_exam_worlds/package.ps1'
[15.099s] INFO:colcon.colcon_core.shell:Creating package descriptor '/home/ines/tiago_ws/install/tiago_exam_worlds/share/tiago_exam_worlds/package.dsv'
[15.101s] INFO:colcon.colcon_core.shell:Creating package script '/home/ines/tiago_ws/install/tiago_exam_worlds/share/tiago_exam_worlds/package.sh'
[15.104s] INFO:colcon.colcon_core.shell:Creating package script '/home/ines/tiago_ws/install/tiago_exam_worlds/share/tiago_exam_worlds/package.bash'
[15.105s] INFO:colcon.colcon_core.shell:Creating package script '/home/ines/tiago_ws/install/tiago_exam_worlds/share/tiago_exam_worlds/package.zsh'
[15.107s] Level 1:colcon.colcon_core.environment:create_file_with_runtime_dependencies(/home/ines/tiago_ws/install/tiago_exam_worlds/share/colcon-core/packages/tiago_exam_worlds)
[15.163s] DEBUG:colcon.colcon_core.event_handler.log_command:Invoking command in '/home/ines/tiago_ws/build/pal_navigation_cfg': CMAKE_PREFIX_PATH=/home/ines/tiago_ws/install/pal_navigation_cfg_bringup:/home/ines/tiago_ws/install/pal_navigation_cfg_params:/home/ines/tiago_ws/install/tiago_navigation:/home/ines/tiago_ws/install/tiago_laser_sensors:/home/ines/tiago_ws/install/tiago_exam_worlds:/home/ines/tiago_ws/install/tiago_exam:/home/ines/tiago_ws/install/tiago_controller_configuration:/home/ines/tiago_ws/install/tiago_2dnav:/home/ines/tiago_ws/install/pmb2_rgbd_sensors:/home/ines/tiago_ws/install/pmb2_navigation:/home/ines/tiago_ws/install/pmb2_2dnav:/home/ines/tiago_ws/install/pmb2_maps:/home/ines/tiago_ws/install/pmb2_laser_sensors:/home/ines/tiago_ws/install/pal_navigation_cfg:/home/ines/tiago_ws/install/multirobot_map_merge:/home/ines/tiago_ws/install/explore_lite:/home/ines/test_ws/install/my_package:/home/ines/tiago_ws/install/tiago_autonomous_navigation:/home/ines/tiago_ws/install/tiago_autonomous_exploration:/home/ines/ros2_ws/install/scripts:/home/ines/ros2_ws/install/acrobat:/opt/ros/humble /usr/bin/cmake --build /home/ines/tiago_ws/build/pal_navigation_cfg -- -j8 -l8
[15.246s] DEBUG:colcon.colcon_core.event_handler.log_command:Invoking command in '/home/ines/tiago_ws/build/tiago_exam': CMAKE_PREFIX_PATH=/home/ines/tiago_ws/install/tiago_2dnav:/home/ines/tiago_ws/install/pmb2_maps:/home/ines/tiago_ws/install/tiago_navigation:/home/ines/tiago_ws/install/tiago_laser_sensors:/home/ines/tiago_ws/install/tiago_exam_worlds:/home/ines/tiago_ws/install/tiago_exam:/home/ines/tiago_ws/install/tiago_controller_configuration:/home/ines/tiago_ws/install/pmb2_rgbd_sensors:/home/ines/tiago_ws/install/pmb2_navigation:/home/ines/tiago_ws/install/pmb2_2dnav:/home/ines/tiago_ws/install/pmb2_laser_sensors:/home/ines/tiago_ws/install/pal_navigation_cfg:/home/ines/tiago_ws/install/pal_navigation_cfg_bringup:/home/ines/tiago_ws/install/pal_navigation_cfg_params:/home/ines/tiago_ws/install/multirobot_map_merge:/home/ines/tiago_ws/install/explore_lite:/home/ines/test_ws/install/my_package:/home/ines/tiago_ws/install/tiago_autonomous_navigation:/home/ines/tiago_ws/install/tiago_autonomous_exploration:/home/ines/ros2_ws/install/scripts:/home/ines/ros2_ws/install/acrobat:/opt/ros/humble /usr/bin/cmake --build /home/ines/tiago_ws/build/tiago_exam -- -j8 -l8
[15.254s] DEBUG:colcon.colcon_core.event_handler.log_command:Invoking command in '/home/ines/tiago_ws/build/tiago_navigation': CMAKE_PREFIX_PATH=/home/ines/tiago_ws/install/tiago_laser_sensors:/home/ines/tiago_ws/install/tiago_2dnav:/home/ines/tiago_ws/install/pmb2_maps:/home/ines/tiago_ws/install/pmb2_laser_sensors:/home/ines/tiago_ws/install/tiago_navigation:/home/ines/tiago_ws/install/tiago_exam_worlds:/home/ines/tiago_ws/install/tiago_exam:/home/ines/tiago_ws/install/tiago_controller_configuration:/home/ines/tiago_ws/install/pmb2_rgbd_sensors:/home/ines/tiago_ws/install/pmb2_navigation:/home/ines/tiago_ws/install/pmb2_2dnav:/home/ines/tiago_ws/install/pal_navigation_cfg:/home/ines/tiago_ws/install/pal_navigation_cfg_bringup:/home/ines/tiago_ws/install/pal_navigation_cfg_params:/home/ines/tiago_ws/install/multirobot_map_merge:/home/ines/tiago_ws/install/explore_lite:/home/ines/test_ws/install/my_package:/home/ines/tiago_ws/install/tiago_autonomous_navigation:/home/ines/tiago_ws/install/tiago_autonomous_exploration:/home/ines/ros2_ws/install/scripts:/home/ines/ros2_ws/install/acrobat:/opt/ros/humble /usr/bin/cmake --build /home/ines/tiago_ws/build/tiago_navigation -- -j8 -l8
[15.265s] DEBUG:colcon.colcon_core.event_handler.log_command:Invoked command in '/home/ines/tiago_ws/build/pmb2_navigation' returned '0': CMAKE_PREFIX_PATH=/home/ines/tiago_ws/install/pmb2_2dnav:/home/ines/tiago_ws/install/pmb2_maps:/home/ines/tiago_ws/install/pmb2_laser_sensors:/home/ines/tiago_ws/install/tiago_navigation:/home/ines/tiago_ws/install/tiago_laser_sensors:/home/ines/tiago_ws/install/tiago_exam_worlds:/home/ines/tiago_ws/install/tiago_exam:/home/ines/tiago_ws/install/tiago_controller_configuration:/home/ines/tiago_ws/install/tiago_2dnav:/home/ines/tiago_ws/install/pmb2_rgbd_sensors:/home/ines/tiago_ws/install/pmb2_navigation:/home/ines/tiago_ws/install/pal_navigation_cfg:/home/ines/tiago_ws/install/pal_navigation_cfg_bringup:/home/ines/tiago_ws/install/pal_navigation_cfg_params:/home/ines/tiago_ws/install/multirobot_map_merge:/home/ines/tiago_ws/install/explore_lite:/home/ines/test_ws/install/my_package:/home/ines/tiago_ws/install/tiago_autonomous_navigation:/home/ines/tiago_ws/install/tiago_autonomous_exploration:/home/ines/ros2_ws/install/scripts:/home/ines/ros2_ws/install/acrobat:/opt/ros/humble /usr/bin/cmake --build /home/ines/tiago_ws/build/pmb2_navigation -- -j8 -l8
[15.277s] DEBUG:colcon.colcon_core.event_handler.log_command:Invoked command in '/home/ines/tiago_ws/build/pmb2_controller_configuration' returned '0': CMAKE_PREFIX_PATH=${CMAKE_PREFIX_PATH}:/home/ines/tiago_ws/install/tiago_autonomous_navigation:/home/ines/tiago_ws/install/tiago_autonomous_exploration:/home/ines/ros2_ws/install/scripts:/home/ines/ros2_ws/install/acrobat:/opt/ros/humble /usr/bin/cmake --build /home/ines/tiago_ws/build/pmb2_controller_configuration -- -j8 -l8
[15.292s] DEBUG:colcon.colcon_core.event_handler.log_command:Invoked command in '/home/ines/tiago_ws/build/pal_navigation_cfg' returned '0': CMAKE_PREFIX_PATH=/home/ines/tiago_ws/install/pal_navigation_cfg_bringup:/home/ines/tiago_ws/install/pal_navigation_cfg_params:/home/ines/tiago_ws/install/tiago_navigation:/home/ines/tiago_ws/install/tiago_laser_sensors:/home/ines/tiago_ws/install/tiago_exam_worlds:/home/ines/tiago_ws/install/tiago_exam:/home/ines/tiago_ws/install/tiago_controller_configuration:/home/ines/tiago_ws/install/tiago_2dnav:/home/ines/tiago_ws/install/pmb2_rgbd_sensors:/home/ines/tiago_ws/install/pmb2_navigation:/home/ines/tiago_ws/install/pmb2_2dnav:/home/ines/tiago_ws/install/pmb2_maps:/home/ines/tiago_ws/install/pmb2_laser_sensors:/home/ines/tiago_ws/install/pal_navigation_cfg:/home/ines/tiago_ws/install/multirobot_map_merge:/home/ines/tiago_ws/install/explore_lite:/home/ines/test_ws/install/my_package:/home/ines/tiago_ws/install/tiago_autonomous_navigation:/home/ines/tiago_ws/install/tiago_autonomous_exploration:/home/ines/ros2_ws/install/scripts:/home/ines/ros2_ws/install/acrobat:/opt/ros/humble /usr/bin/cmake --build /home/ines/tiago_ws/build/pal_navigation_cfg -- -j8 -l8
[15.363s] DEBUG:colcon.colcon_core.event_handler.log_command:Invoking command in '/home/ines/tiago_ws/build/pmb2_navigation': CMAKE_PREFIX_PATH=/home/ines/tiago_ws/install/pmb2_2dnav:/home/ines/tiago_ws/install/pmb2_maps:/home/ines/tiago_ws/install/pmb2_laser_sensors:/home/ines/tiago_ws/install/tiago_navigation:/home/ines/tiago_ws/install/tiago_laser_sensors:/home/ines/tiago_ws/install/tiago_exam_worlds:/home/ines/tiago_ws/install/tiago_exam:/home/ines/tiago_ws/install/tiago_controller_configuration:/home/ines/tiago_ws/install/tiago_2dnav:/home/ines/tiago_ws/install/pmb2_rgbd_sensors:/home/ines/tiago_ws/install/pmb2_navigation:/home/ines/tiago_ws/install/pal_navigation_cfg:/home/ines/tiago_ws/install/pal_navigation_cfg_bringup:/home/ines/tiago_ws/install/pal_navigation_cfg_params:/home/ines/tiago_ws/install/multirobot_map_merge:/home/ines/tiago_ws/install/explore_lite:/home/ines/test_ws/install/my_package:/home/ines/tiago_ws/install/tiago_autonomous_navigation:/home/ines/tiago_ws/install/tiago_autonomous_exploration:/home/ines/ros2_ws/install/scripts:/home/ines/ros2_ws/install/acrobat:/opt/ros/humble /usr/bin/cmake --install /home/ines/tiago_ws/build/pmb2_navigation
[15.382s] DEBUG:colcon.colcon_core.event_handler.log_command:Invoking command in '/home/ines/tiago_ws/build/pmb2_controller_configuration': CMAKE_PREFIX_PATH=${CMAKE_PREFIX_PATH}:/home/ines/tiago_ws/install/tiago_autonomous_navigation:/home/ines/tiago_ws/install/tiago_autonomous_exploration:/home/ines/ros2_ws/install/scripts:/home/ines/ros2_ws/install/acrobat:/opt/ros/humble /usr/bin/cmake --install /home/ines/tiago_ws/build/pmb2_controller_configuration
[15.399s] DEBUG:colcon.colcon_core.event_handler.log_command:Invoking command in '/home/ines/tiago_ws/build/pal_navigation_cfg': CMAKE_PREFIX_PATH=/home/ines/tiago_ws/install/pal_navigation_cfg_bringup:/home/ines/tiago_ws/install/pal_navigation_cfg_params:/home/ines/tiago_ws/install/tiago_navigation:/home/ines/tiago_ws/install/tiago_laser_sensors:/home/ines/tiago_ws/install/tiago_exam_worlds:/home/ines/tiago_ws/install/tiago_exam:/home/ines/tiago_ws/install/tiago_controller_configuration:/home/ines/tiago_ws/install/tiago_2dnav:/home/ines/tiago_ws/install/pmb2_rgbd_sensors:/home/ines/tiago_ws/install/pmb2_navigation:/home/ines/tiago_ws/install/pmb2_2dnav:/home/ines/tiago_ws/install/pmb2_maps:/home/ines/tiago_ws/install/pmb2_laser_sensors:/home/ines/tiago_ws/install/pal_navigation_cfg:/home/ines/tiago_ws/install/multirobot_map_merge:/home/ines/tiago_ws/install/explore_lite:/home/ines/test_ws/install/my_package:/home/ines/tiago_ws/install/tiago_autonomous_navigation:/home/ines/tiago_ws/install/tiago_autonomous_exploration:/home/ines/ros2_ws/install/scripts:/home/ines/ros2_ws/install/acrobat:/opt/ros/humble /usr/bin/cmake --install /home/ines/tiago_ws/build/pal_navigation_cfg
[15.416s] DEBUG:colcon.colcon_core.event_handler.log_command:Invoked command in '/home/ines/tiago_ws/build/tiago_navigation' returned '0': CMAKE_PREFIX_PATH=/home/ines/tiago_ws/install/tiago_laser_sensors:/home/ines/tiago_ws/install/tiago_2dnav:/home/ines/tiago_ws/install/pmb2_maps:/home/ines/tiago_ws/install/pmb2_laser_sensors:/home/ines/tiago_ws/install/tiago_navigation:/home/ines/tiago_ws/install/tiago_exam_worlds:/home/ines/tiago_ws/install/tiago_exam:/home/ines/tiago_ws/install/tiago_controller_configuration:/home/ines/tiago_ws/install/pmb2_rgbd_sensors:/home/ines/tiago_ws/install/pmb2_navigation:/home/ines/tiago_ws/install/pmb2_2dnav:/home/ines/tiago_ws/install/pal_navigation_cfg:/home/ines/tiago_ws/install/pal_navigation_cfg_bringup:/home/ines/tiago_ws/install/pal_navigation_cfg_params:/home/ines/tiago_ws/install/multirobot_map_merge:/home/ines/tiago_ws/install/explore_lite:/home/ines/test_ws/install/my_package:/home/ines/tiago_ws/install/tiago_autonomous_navigation:/home/ines/tiago_ws/install/tiago_autonomous_exploration:/home/ines/ros2_ws/install/scripts:/home/ines/ros2_ws/install/acrobat:/opt/ros/humble /usr/bin/cmake --build /home/ines/tiago_ws/build/tiago_navigation -- -j8 -l8
[15.476s] DEBUG:colcon.colcon_core.event_handler.log_command:Invoked command in '/home/ines/tiago_ws/build/tiago_exam' returned '0': CMAKE_PREFIX_PATH=/home/ines/tiago_ws/install/tiago_2dnav:/home/ines/tiago_ws/install/pmb2_maps:/home/ines/tiago_ws/install/tiago_navigation:/home/ines/tiago_ws/install/tiago_laser_sensors:/home/ines/tiago_ws/install/tiago_exam_worlds:/home/ines/tiago_ws/install/tiago_exam:/home/ines/tiago_ws/install/tiago_controller_configuration:/home/ines/tiago_ws/install/pmb2_rgbd_sensors:/home/ines/tiago_ws/install/pmb2_navigation:/home/ines/tiago_ws/install/pmb2_2dnav:/home/ines/tiago_ws/install/pmb2_laser_sensors:/home/ines/tiago_ws/install/pal_navigation_cfg:/home/ines/tiago_ws/install/pal_navigation_cfg_bringup:/home/ines/tiago_ws/install/pal_navigation_cfg_params:/home/ines/tiago_ws/install/multirobot_map_merge:/home/ines/tiago_ws/install/explore_lite:/home/ines/test_ws/install/my_package:/home/ines/tiago_ws/install/tiago_autonomous_navigation:/home/ines/tiago_ws/install/tiago_autonomous_exploration:/home/ines/ros2_ws/install/scripts:/home/ines/ros2_ws/install/acrobat:/opt/ros/humble /usr/bin/cmake --build /home/ines/tiago_ws/build/tiago_exam -- -j8 -l8
[15.528s] DEBUG:colcon.colcon_core.event_handler.log_command:Invoking command in '/home/ines/tiago_ws/build/tiago_navigation': CMAKE_PREFIX_PATH=/home/ines/tiago_ws/install/tiago_laser_sensors:/home/ines/tiago_ws/install/tiago_2dnav:/home/ines/tiago_ws/install/pmb2_maps:/home/ines/tiago_ws/install/pmb2_laser_sensors:/home/ines/tiago_ws/install/tiago_navigation:/home/ines/tiago_ws/install/tiago_exam_worlds:/home/ines/tiago_ws/install/tiago_exam:/home/ines/tiago_ws/install/tiago_controller_configuration:/home/ines/tiago_ws/install/pmb2_rgbd_sensors:/home/ines/tiago_ws/install/pmb2_navigation:/home/ines/tiago_ws/install/pmb2_2dnav:/home/ines/tiago_ws/install/pal_navigation_cfg:/home/ines/tiago_ws/install/pal_navigation_cfg_bringup:/home/ines/tiago_ws/install/pal_navigation_cfg_params:/home/ines/tiago_ws/install/multirobot_map_merge:/home/ines/tiago_ws/install/explore_lite:/home/ines/test_ws/install/my_package:/home/ines/tiago_ws/install/tiago_autonomous_navigation:/home/ines/tiago_ws/install/tiago_autonomous_exploration:/home/ines/ros2_ws/install/scripts:/home/ines/ros2_ws/install/acrobat:/opt/ros/humble /usr/bin/cmake --install /home/ines/tiago_ws/build/tiago_navigation
[15.555s] Level 1:colcon.colcon_core.environment:create_environment_scripts_only(pal_navigation_cfg)
[15.556s] Level 1:colcon.colcon_core.environment:checking '/home/ines/tiago_ws/install/pal_navigation_cfg' for CMake module files
[15.559s] Level 1:colcon.colcon_core.environment:checking '/home/ines/tiago_ws/install/pal_navigation_cfg' for CMake config files
[15.562s] DEBUG:colcon.colcon_core.event_handler.log_command:Invoked command in '/home/ines/tiago_ws/build/pal_navigation_cfg' returned '0': CMAKE_PREFIX_PATH=/home/ines/tiago_ws/install/pal_navigation_cfg_bringup:/home/ines/tiago_ws/install/pal_navigation_cfg_params:/home/ines/tiago_ws/install/tiago_navigation:/home/ines/tiago_ws/install/tiago_laser_sensors:/home/ines/tiago_ws/install/tiago_exam_worlds:/home/ines/tiago_ws/install/tiago_exam:/home/ines/tiago_ws/install/tiago_controller_configuration:/home/ines/tiago_ws/install/tiago_2dnav:/home/ines/tiago_ws/install/pmb2_rgbd_sensors:/home/ines/tiago_ws/install/pmb2_navigation:/home/ines/tiago_ws/install/pmb2_2dnav:/home/ines/tiago_ws/install/pmb2_maps:/home/ines/tiago_ws/install/pmb2_laser_sensors:/home/ines/tiago_ws/install/pal_navigation_cfg:/home/ines/tiago_ws/install/multirobot_map_merge:/home/ines/tiago_ws/install/explore_lite:/home/ines/test_ws/install/my_package:/home/ines/tiago_ws/install/tiago_autonomous_navigation:/home/ines/tiago_ws/install/tiago_autonomous_exploration:/home/ines/ros2_ws/install/scripts:/home/ines/ros2_ws/install/acrobat:/opt/ros/humble /usr/bin/cmake --install /home/ines/tiago_ws/build/pal_navigation_cfg
[15.564s] Level 1:colcon.colcon_core.shell:create_environment_hook('pal_navigation_cfg', 'cmake_prefix_path')
[15.565s] INFO:colcon.colcon_core.shell:Creating environment hook '/home/ines/tiago_ws/install/pal_navigation_cfg/share/pal_navigation_cfg/hook/cmake_prefix_path.ps1'
[15.567s] INFO:colcon.colcon_core.shell:Creating environment descriptor '/home/ines/tiago_ws/install/pal_navigation_cfg/share/pal_navigation_cfg/hook/cmake_prefix_path.dsv'
[15.569s] INFO:colcon.colcon_core.shell:Creating environment hook '/home/ines/tiago_ws/install/pal_navigation_cfg/share/pal_navigation_cfg/hook/cmake_prefix_path.sh'
[15.572s] Level 1:colcon.colcon_core.environment:checking '/home/ines/tiago_ws/install/pal_navigation_cfg/bin'
[15.573s] Level 1:colcon.colcon_core.environment:checking '/home/ines/tiago_ws/install/pal_navigation_cfg/lib/pkgconfig/pal_navigation_cfg.pc'
[15.574s] Level 1:colcon.colcon_core.environment:checking '/home/ines/tiago_ws/install/pal_navigation_cfg/lib/python3.10/site-packages'
[15.575s] Level 1:colcon.colcon_core.environment:checking '/home/ines/tiago_ws/install/pal_navigation_cfg/bin'
[15.576s] INFO:colcon.colcon_core.shell:Creating package script '/home/ines/tiago_ws/install/pal_navigation_cfg/share/pal_navigation_cfg/package.ps1'
[15.581s] INFO:colcon.colcon_core.shell:Creating package descriptor '/home/ines/tiago_ws/install/pal_navigation_cfg/share/pal_navigation_cfg/package.dsv'
[15.583s] INFO:colcon.colcon_core.shell:Creating package script '/home/ines/tiago_ws/install/pal_navigation_cfg/share/pal_navigation_cfg/package.sh'
[15.588s] INFO:colcon.colcon_core.shell:Creating package script '/home/ines/tiago_ws/install/pal_navigation_cfg/share/pal_navigation_cfg/package.bash'
[15.590s] INFO:colcon.colcon_core.shell:Creating package script '/home/ines/tiago_ws/install/pal_navigation_cfg/share/pal_navigation_cfg/package.zsh'
[15.593s] Level 1:colcon.colcon_core.environment:create_file_with_runtime_dependencies(/home/ines/tiago_ws/install/pal_navigation_cfg/share/colcon-core/packages/pal_navigation_cfg)
[15.619s] DEBUG:colcon.colcon_core.event_handler.log_command:Invoking command in '/home/ines/tiago_ws/build/tiago_exam': CMAKE_PREFIX_PATH=/home/ines/tiago_ws/install/tiago_2dnav:/home/ines/tiago_ws/install/pmb2_maps:/home/ines/tiago_ws/install/tiago_navigation:/home/ines/tiago_ws/install/tiago_laser_sensors:/home/ines/tiago_ws/install/tiago_exam_worlds:/home/ines/tiago_ws/install/tiago_exam:/home/ines/tiago_ws/install/tiago_controller_configuration:/home/ines/tiago_ws/install/pmb2_rgbd_sensors:/home/ines/tiago_ws/install/pmb2_navigation:/home/ines/tiago_ws/install/pmb2_2dnav:/home/ines/tiago_ws/install/pmb2_laser_sensors:/home/ines/tiago_ws/install/pal_navigation_cfg:/home/ines/tiago_ws/install/pal_navigation_cfg_bringup:/home/ines/tiago_ws/install/pal_navigation_cfg_params:/home/ines/tiago_ws/install/multirobot_map_merge:/home/ines/tiago_ws/install/explore_lite:/home/ines/test_ws/install/my_package:/home/ines/tiago_ws/install/tiago_autonomous_navigation:/home/ines/tiago_ws/install/tiago_autonomous_exploration:/home/ines/ros2_ws/install/scripts:/home/ines/ros2_ws/install/acrobat:/opt/ros/humble /usr/bin/cmake --install /home/ines/tiago_ws/build/tiago_exam
[15.621s] Level 1:colcon.colcon_core.environment:create_environment_scripts_only(pmb2_navigation)
[15.622s] Level 1:colcon.colcon_core.environment:checking '/home/ines/tiago_ws/install/pmb2_navigation' for CMake module files
[15.625s] DEBUG:colcon.colcon_core.event_handler.log_command:Invoked command in '/home/ines/tiago_ws/build/pmb2_navigation' returned '0': CMAKE_PREFIX_PATH=/home/ines/tiago_ws/install/pmb2_2dnav:/home/ines/tiago_ws/install/pmb2_maps:/home/ines/tiago_ws/install/pmb2_laser_sensors:/home/ines/tiago_ws/install/tiago_navigation:/home/ines/tiago_ws/install/tiago_laser_sensors:/home/ines/tiago_ws/install/tiago_exam_worlds:/home/ines/tiago_ws/install/tiago_exam:/home/ines/tiago_ws/install/tiago_controller_configuration:/home/ines/tiago_ws/install/tiago_2dnav:/home/ines/tiago_ws/install/pmb2_rgbd_sensors:/home/ines/tiago_ws/install/pmb2_navigation:/home/ines/tiago_ws/install/pal_navigation_cfg:/home/ines/tiago_ws/install/pal_navigation_cfg_bringup:/home/ines/tiago_ws/install/pal_navigation_cfg_params:/home/ines/tiago_ws/install/multirobot_map_merge:/home/ines/tiago_ws/install/explore_lite:/home/ines/test_ws/install/my_package:/home/ines/tiago_ws/install/tiago_autonomous_navigation:/home/ines/tiago_ws/install/tiago_autonomous_exploration:/home/ines/ros2_ws/install/scripts:/home/ines/ros2_ws/install/acrobat:/opt/ros/humble /usr/bin/cmake --install /home/ines/tiago_ws/build/pmb2_navigation
[15.627s] Level 1:colcon.colcon_core.environment:checking '/home/ines/tiago_ws/install/pmb2_navigation' for CMake config files
[15.636s] Level 1:colcon.colcon_core.shell:create_environment_hook('pmb2_navigation', 'cmake_prefix_path')
[15.637s] INFO:colcon.colcon_core.shell:Creating environment hook '/home/ines/tiago_ws/install/pmb2_navigation/share/pmb2_navigation/hook/cmake_prefix_path.ps1'
[15.645s] INFO:colcon.colcon_core.shell:Creating environment descriptor '/home/ines/tiago_ws/install/pmb2_navigation/share/pmb2_navigation/hook/cmake_prefix_path.dsv'
[15.646s] INFO:colcon.colcon_core.shell:Creating environment hook '/home/ines/tiago_ws/install/pmb2_navigation/share/pmb2_navigation/hook/cmake_prefix_path.sh'
[15.657s] Level 1:colcon.colcon_core.environment:checking '/home/ines/tiago_ws/install/pmb2_navigation/bin'
[15.657s] Level 1:colcon.colcon_core.environment:checking '/home/ines/tiago_ws/install/pmb2_navigation/lib/pkgconfig/pmb2_navigation.pc'
[15.658s] Level 1:colcon.colcon_core.environment:checking '/home/ines/tiago_ws/install/pmb2_navigation/lib/python3.10/site-packages'
[15.659s] Level 1:colcon.colcon_core.environment:checking '/home/ines/tiago_ws/install/pmb2_navigation/bin'
[15.661s] INFO:colcon.colcon_core.shell:Creating package script '/home/ines/tiago_ws/install/pmb2_navigation/share/pmb2_navigation/package.ps1'
[15.665s] INFO:colcon.colcon_core.shell:Creating package descriptor '/home/ines/tiago_ws/install/pmb2_navigation/share/pmb2_navigation/package.dsv'
[15.668s] INFO:colcon.colcon_core.shell:Creating package script '/home/ines/tiago_ws/install/pmb2_navigation/share/pmb2_navigation/package.sh'
[15.670s] INFO:colcon.colcon_core.shell:Creating package script '/home/ines/tiago_ws/install/pmb2_navigation/share/pmb2_navigation/package.bash'
[15.672s] INFO:colcon.colcon_core.shell:Creating package script '/home/ines/tiago_ws/install/pmb2_navigation/share/pmb2_navigation/package.zsh'
[15.674s] Level 1:colcon.colcon_core.environment:create_file_with_runtime_dependencies(/home/ines/tiago_ws/install/pmb2_navigation/share/colcon-core/packages/pmb2_navigation)
[15.685s] Level 1:colcon.colcon_core.environment:create_environment_scripts_only(tiago_navigation)
[15.688s] Level 1:colcon.colcon_core.environment:checking '/home/ines/tiago_ws/install/tiago_navigation' for CMake module files
[15.692s] DEBUG:colcon.colcon_core.event_handler.log_command:Invoked command in '/home/ines/tiago_ws/build/tiago_navigation' returned '0': CMAKE_PREFIX_PATH=/home/ines/tiago_ws/install/tiago_laser_sensors:/home/ines/tiago_ws/install/tiago_2dnav:/home/ines/tiago_ws/install/pmb2_maps:/home/ines/tiago_ws/install/pmb2_laser_sensors:/home/ines/tiago_ws/install/tiago_navigation:/home/ines/tiago_ws/install/tiago_exam_worlds:/home/ines/tiago_ws/install/tiago_exam:/home/ines/tiago_ws/install/tiago_controller_configuration:/home/ines/tiago_ws/install/pmb2_rgbd_sensors:/home/ines/tiago_ws/install/pmb2_navigation:/home/ines/tiago_ws/install/pmb2_2dnav:/home/ines/tiago_ws/install/pal_navigation_cfg:/home/ines/tiago_ws/install/pal_navigation_cfg_bringup:/home/ines/tiago_ws/install/pal_navigation_cfg_params:/home/ines/tiago_ws/install/multirobot_map_merge:/home/ines/tiago_ws/install/explore_lite:/home/ines/test_ws/install/my_package:/home/ines/tiago_ws/install/tiago_autonomous_navigation:/home/ines/tiago_ws/install/tiago_autonomous_exploration:/home/ines/ros2_ws/install/scripts:/home/ines/ros2_ws/install/acrobat:/opt/ros/humble /usr/bin/cmake --install /home/ines/tiago_ws/build/tiago_navigation
[15.705s] Level 1:colcon.colcon_core.environment:checking '/home/ines/tiago_ws/install/tiago_navigation' for CMake config files
[15.770s] Level 1:colcon.colcon_core.shell:create_environment_hook('tiago_navigation', 'cmake_prefix_path')
[15.771s] INFO:colcon.colcon_core.shell:Creating environment hook '/home/ines/tiago_ws/install/tiago_navigation/share/tiago_navigation/hook/cmake_prefix_path.ps1'
[15.773s] INFO:colcon.colcon_core.shell:Creating environment descriptor '/home/ines/tiago_ws/install/tiago_navigation/share/tiago_navigation/hook/cmake_prefix_path.dsv'
[15.775s] INFO:colcon.colcon_core.shell:Creating environment hook '/home/ines/tiago_ws/install/tiago_navigation/share/tiago_navigation/hook/cmake_prefix_path.sh'
[15.776s] Level 1:colcon.colcon_core.environment:checking '/home/ines/tiago_ws/install/tiago_navigation/bin'
[15.777s] Level 1:colcon.colcon_core.environment:checking '/home/ines/tiago_ws/install/tiago_navigation/lib/pkgconfig/tiago_navigation.pc'
[15.777s] Level 1:colcon.colcon_core.environment:checking '/home/ines/tiago_ws/install/tiago_navigation/lib/python3.10/site-packages'
[15.778s] Level 1:colcon.colcon_core.environment:checking '/home/ines/tiago_ws/install/tiago_navigation/bin'
[15.779s] INFO:colcon.colcon_core.shell:Creating package script '/home/ines/tiago_ws/install/tiago_navigation/share/tiago_navigation/package.ps1'
[15.781s] INFO:colcon.colcon_core.shell:Creating package descriptor '/home/ines/tiago_ws/install/tiago_navigation/share/tiago_navigation/package.dsv'
[15.782s] INFO:colcon.colcon_core.shell:Creating package script '/home/ines/tiago_ws/install/tiago_navigation/share/tiago_navigation/package.sh'
[15.784s] INFO:colcon.colcon_core.shell:Creating package script '/home/ines/tiago_ws/install/tiago_navigation/share/tiago_navigation/package.bash'
[15.785s] INFO:colcon.colcon_core.shell:Creating package script '/home/ines/tiago_ws/install/tiago_navigation/share/tiago_navigation/package.zsh'
[15.786s] Level 1:colcon.colcon_core.environment:create_file_with_runtime_dependencies(/home/ines/tiago_ws/install/tiago_navigation/share/colcon-core/packages/tiago_navigation)
[15.802s] Level 1:colcon.colcon_core.environment:create_environment_scripts_only(pal_navigation_cfg)
[15.803s] Level 1:colcon.colcon_core.environment:checking '/home/ines/tiago_ws/install/pal_navigation_cfg' for CMake module files
[15.806s] Level 1:colcon.colcon_core.environment:checking '/home/ines/tiago_ws/install/pal_navigation_cfg' for CMake config files
[15.807s] Level 1:colcon.colcon_core.shell:create_environment_hook('pal_navigation_cfg', 'cmake_prefix_path')
[15.808s] INFO:colcon.colcon_core.shell:Creating environment hook '/home/ines/tiago_ws/install/pal_navigation_cfg/share/pal_navigation_cfg/hook/cmake_prefix_path.ps1'
[15.817s] INFO:colcon.colcon_core.shell:Creating environment descriptor '/home/ines/tiago_ws/install/pal_navigation_cfg/share/pal_navigation_cfg/hook/cmake_prefix_path.dsv'
[15.820s] INFO:colcon.colcon_core.shell:Creating environment hook '/home/ines/tiago_ws/install/pal_navigation_cfg/share/pal_navigation_cfg/hook/cmake_prefix_path.sh'
[15.828s] Level 1:colcon.colcon_core.environment:checking '/home/ines/tiago_ws/install/pal_navigation_cfg/bin'
[15.828s] Level 1:colcon.colcon_core.environment:checking '/home/ines/tiago_ws/install/pal_navigation_cfg/lib/pkgconfig/pal_navigation_cfg.pc'
[15.829s] Level 1:colcon.colcon_core.environment:checking '/home/ines/tiago_ws/install/pal_navigation_cfg/lib/python3.10/site-packages'
[15.830s] Level 1:colcon.colcon_core.environment:checking '/home/ines/tiago_ws/install/pal_navigation_cfg/bin'
[15.831s] INFO:colcon.colcon_core.shell:Creating package script '/home/ines/tiago_ws/install/pal_navigation_cfg/share/pal_navigation_cfg/package.ps1'
[15.833s] INFO:colcon.colcon_core.shell:Creating package descriptor '/home/ines/tiago_ws/install/pal_navigation_cfg/share/pal_navigation_cfg/package.dsv'
[15.835s] INFO:colcon.colcon_core.shell:Creating package script '/home/ines/tiago_ws/install/pal_navigation_cfg/share/pal_navigation_cfg/package.sh'
[15.838s] INFO:colcon.colcon_core.shell:Creating package script '/home/ines/tiago_ws/install/pal_navigation_cfg/share/pal_navigation_cfg/package.bash'
[15.839s] INFO:colcon.colcon_core.shell:Creating package script '/home/ines/tiago_ws/install/pal_navigation_cfg/share/pal_navigation_cfg/package.zsh'
[15.841s] Level 1:colcon.colcon_core.environment:create_file_with_runtime_dependencies(/home/ines/tiago_ws/install/pal_navigation_cfg/share/colcon-core/packages/pal_navigation_cfg)
[15.843s] Level 1:colcon.colcon_core.environment:create_environment_scripts_only(pmb2_navigation)
[15.846s] Level 1:colcon.colcon_core.environment:checking '/home/ines/tiago_ws/install/pmb2_navigation' for CMake module files
[15.848s] Level 1:colcon.colcon_core.environment:checking '/home/ines/tiago_ws/install/pmb2_navigation' for CMake config files
[15.849s] Level 1:colcon.colcon_core.shell:create_environment_hook('pmb2_navigation', 'cmake_prefix_path')
[15.850s] INFO:colcon.colcon_core.shell:Creating environment hook '/home/ines/tiago_ws/install/pmb2_navigation/share/pmb2_navigation/hook/cmake_prefix_path.ps1'
[15.853s] INFO:colcon.colcon_core.shell:Creating environment descriptor '/home/ines/tiago_ws/install/pmb2_navigation/share/pmb2_navigation/hook/cmake_prefix_path.dsv'
[15.854s] INFO:colcon.colcon_core.shell:Creating environment hook '/home/ines/tiago_ws/install/pmb2_navigation/share/pmb2_navigation/hook/cmake_prefix_path.sh'
[15.856s] Level 1:colcon.colcon_core.environment:checking '/home/ines/tiago_ws/install/pmb2_navigation/bin'
[15.856s] Level 1:colcon.colcon_core.environment:checking '/home/ines/tiago_ws/install/pmb2_navigation/lib/pkgconfig/pmb2_navigation.pc'
[15.857s] Level 1:colcon.colcon_core.environment:checking '/home/ines/tiago_ws/install/pmb2_navigation/lib/python3.10/site-packages'
[15.858s] Level 1:colcon.colcon_core.environment:checking '/home/ines/tiago_ws/install/pmb2_navigation/bin'
[15.859s] INFO:colcon.colcon_core.shell:Creating package script '/home/ines/tiago_ws/install/pmb2_navigation/share/pmb2_navigation/package.ps1'
[15.861s] INFO:colcon.colcon_core.shell:Creating package descriptor '/home/ines/tiago_ws/install/pmb2_navigation/share/pmb2_navigation/package.dsv'
[15.863s] INFO:colcon.colcon_core.shell:Creating package script '/home/ines/tiago_ws/install/pmb2_navigation/share/pmb2_navigation/package.sh'
[15.865s] INFO:colcon.colcon_core.shell:Creating package script '/home/ines/tiago_ws/install/pmb2_navigation/share/pmb2_navigation/package.bash'
[15.866s] INFO:colcon.colcon_core.shell:Creating package script '/home/ines/tiago_ws/install/pmb2_navigation/share/pmb2_navigation/package.zsh'
[15.868s] Level 1:colcon.colcon_core.environment:create_file_with_runtime_dependencies(/home/ines/tiago_ws/install/pmb2_navigation/share/colcon-core/packages/pmb2_navigation)
[15.870s] Level 1:colcon.colcon_core.environment:create_environment_scripts_only(tiago_exam)
[15.871s] Level 1:colcon.colcon_core.environment:checking '/home/ines/tiago_ws/install/tiago_exam' for CMake module files
[15.873s] DEBUG:colcon.colcon_core.event_handler.log_command:Invoked command in '/home/ines/tiago_ws/build/tiago_exam' returned '0': CMAKE_PREFIX_PATH=/home/ines/tiago_ws/install/tiago_2dnav:/home/ines/tiago_ws/install/pmb2_maps:/home/ines/tiago_ws/install/tiago_navigation:/home/ines/tiago_ws/install/tiago_laser_sensors:/home/ines/tiago_ws/install/tiago_exam_worlds:/home/ines/tiago_ws/install/tiago_exam:/home/ines/tiago_ws/install/tiago_controller_configuration:/home/ines/tiago_ws/install/pmb2_rgbd_sensors:/home/ines/tiago_ws/install/pmb2_navigation:/home/ines/tiago_ws/install/pmb2_2dnav:/home/ines/tiago_ws/install/pmb2_laser_sensors:/home/ines/tiago_ws/install/pal_navigation_cfg:/home/ines/tiago_ws/install/pal_navigation_cfg_bringup:/home/ines/tiago_ws/install/pal_navigation_cfg_params:/home/ines/tiago_ws/install/multirobot_map_merge:/home/ines/tiago_ws/install/explore_lite:/home/ines/test_ws/install/my_package:/home/ines/tiago_ws/install/tiago_autonomous_navigation:/home/ines/tiago_ws/install/tiago_autonomous_exploration:/home/ines/ros2_ws/install/scripts:/home/ines/ros2_ws/install/acrobat:/opt/ros/humble /usr/bin/cmake --install /home/ines/tiago_ws/build/tiago_exam
[15.876s] Level 1:colcon.colcon_core.environment:checking '/home/ines/tiago_ws/install/tiago_exam' for CMake config files
[15.883s] Level 1:colcon.colcon_core.shell:create_environment_hook('tiago_exam', 'cmake_prefix_path')
[15.884s] INFO:colcon.colcon_core.shell:Creating environment hook '/home/ines/tiago_ws/install/tiago_exam/share/tiago_exam/hook/cmake_prefix_path.ps1'
[15.888s] INFO:colcon.colcon_core.shell:Creating environment descriptor '/home/ines/tiago_ws/install/tiago_exam/share/tiago_exam/hook/cmake_prefix_path.dsv'
[15.890s] INFO:colcon.colcon_core.shell:Creating environment hook '/home/ines/tiago_ws/install/tiago_exam/share/tiago_exam/hook/cmake_prefix_path.sh'
[15.892s] Level 1:colcon.colcon_core.environment:checking '/home/ines/tiago_ws/install/tiago_exam/lib'
[15.893s] Level 1:colcon.colcon_core.environment:checking '/home/ines/tiago_ws/install/tiago_exam/bin'
[15.893s] Level 1:colcon.colcon_core.environment:checking '/home/ines/tiago_ws/install/tiago_exam/lib/pkgconfig/tiago_exam.pc'
[15.894s] Level 1:colcon.colcon_core.environment:checking '/home/ines/tiago_ws/install/tiago_exam/lib/python3.10/site-packages'
[15.895s] Level 1:colcon.colcon_core.environment:checking '/home/ines/tiago_ws/install/tiago_exam/bin'
[15.897s] INFO:colcon.colcon_core.shell:Creating package script '/home/ines/tiago_ws/install/tiago_exam/share/tiago_exam/package.ps1'
[15.899s] INFO:colcon.colcon_core.shell:Creating package descriptor '/home/ines/tiago_ws/install/tiago_exam/share/tiago_exam/package.dsv'
[15.901s] INFO:colcon.colcon_core.shell:Creating package script '/home/ines/tiago_ws/install/tiago_exam/share/tiago_exam/package.sh'
[15.903s] INFO:colcon.colcon_core.shell:Creating package script '/home/ines/tiago_ws/install/tiago_exam/share/tiago_exam/package.bash'
[15.904s] INFO:colcon.colcon_core.shell:Creating package script '/home/ines/tiago_ws/install/tiago_exam/share/tiago_exam/package.zsh'
[15.906s] Level 1:colcon.colcon_core.environment:create_file_with_runtime_dependencies(/home/ines/tiago_ws/install/tiago_exam/share/colcon-core/packages/tiago_exam)
[15.912s] Level 1:colcon.colcon_core.environment:create_environment_scripts_only(tiago_navigation)
[15.913s] Level 1:colcon.colcon_core.environment:checking '/home/ines/tiago_ws/install/tiago_navigation' for CMake module files
[15.915s] Level 1:colcon.colcon_core.environment:checking '/home/ines/tiago_ws/install/tiago_navigation' for CMake config files
[15.916s] Level 1:colcon.colcon_core.shell:create_environment_hook('tiago_navigation', 'cmake_prefix_path')
[15.917s] INFO:colcon.colcon_core.shell:Creating environment hook '/home/ines/tiago_ws/install/tiago_navigation/share/tiago_navigation/hook/cmake_prefix_path.ps1'
[15.919s] INFO:colcon.colcon_core.shell:Creating environment descriptor '/home/ines/tiago_ws/install/tiago_navigation/share/tiago_navigation/hook/cmake_prefix_path.dsv'
[15.920s] INFO:colcon.colcon_core.shell:Creating environment hook '/home/ines/tiago_ws/install/tiago_navigation/share/tiago_navigation/hook/cmake_prefix_path.sh'
[15.922s] Level 1:colcon.colcon_core.environment:checking '/home/ines/tiago_ws/install/tiago_navigation/bin'
[15.923s] Level 1:colcon.colcon_core.environment:checking '/home/ines/tiago_ws/install/tiago_navigation/lib/pkgconfig/tiago_navigation.pc'
[15.924s] Level 1:colcon.colcon_core.environment:checking '/home/ines/tiago_ws/install/tiago_navigation/lib/python3.10/site-packages'
[15.925s] Level 1:colcon.colcon_core.environment:checking '/home/ines/tiago_ws/install/tiago_navigation/bin'
[15.926s] INFO:colcon.colcon_core.shell:Creating package script '/home/ines/tiago_ws/install/tiago_navigation/share/tiago_navigation/package.ps1'
[15.930s] INFO:colcon.colcon_core.shell:Creating package descriptor '/home/ines/tiago_ws/install/tiago_navigation/share/tiago_navigation/package.dsv'
[15.933s] INFO:colcon.colcon_core.shell:Creating package script '/home/ines/tiago_ws/install/tiago_navigation/share/tiago_navigation/package.sh'
[15.934s] INFO:colcon.colcon_core.shell:Creating package script '/home/ines/tiago_ws/install/tiago_navigation/share/tiago_navigation/package.bash'
[15.937s] INFO:colcon.colcon_core.shell:Creating package script '/home/ines/tiago_ws/install/tiago_navigation/share/tiago_navigation/package.zsh'
[15.938s] Level 1:colcon.colcon_core.environment:create_file_with_runtime_dependencies(/home/ines/tiago_ws/install/tiago_navigation/share/colcon-core/packages/tiago_navigation)
[16.017s] Level 1:colcon.colcon_core.environment:create_environment_scripts_only(tiago_exam)
[16.018s] Level 1:colcon.colcon_core.environment:checking '/home/ines/tiago_ws/install/tiago_exam' for CMake module files
[16.021s] Level 1:colcon.colcon_core.environment:checking '/home/ines/tiago_ws/install/tiago_exam' for CMake config files
[16.022s] Level 1:colcon.colcon_core.shell:create_environment_hook('tiago_exam', 'cmake_prefix_path')
[16.023s] INFO:colcon.colcon_core.shell:Creating environment hook '/home/ines/tiago_ws/install/tiago_exam/share/tiago_exam/hook/cmake_prefix_path.ps1'
[16.025s] INFO:colcon.colcon_core.shell:Creating environment descriptor '/home/ines/tiago_ws/install/tiago_exam/share/tiago_exam/hook/cmake_prefix_path.dsv'
[16.027s] INFO:colcon.colcon_core.shell:Creating environment hook '/home/ines/tiago_ws/install/tiago_exam/share/tiago_exam/hook/cmake_prefix_path.sh'
[16.031s] Level 1:colcon.colcon_core.environment:checking '/home/ines/tiago_ws/install/tiago_exam/lib'
[16.031s] Level 1:colcon.colcon_core.environment:checking '/home/ines/tiago_ws/install/tiago_exam/bin'
[16.032s] Level 1:colcon.colcon_core.environment:checking '/home/ines/tiago_ws/install/tiago_exam/lib/pkgconfig/tiago_exam.pc'
[16.033s] Level 1:colcon.colcon_core.environment:checking '/home/ines/tiago_ws/install/tiago_exam/lib/python3.10/site-packages'
[16.037s] Level 1:colcon.colcon_core.environment:checking '/home/ines/tiago_ws/install/tiago_exam/bin'
[16.038s] INFO:colcon.colcon_core.shell:Creating package script '/home/ines/tiago_ws/install/tiago_exam/share/tiago_exam/package.ps1'
[16.042s] INFO:colcon.colcon_core.shell:Creating package descriptor '/home/ines/tiago_ws/install/tiago_exam/share/tiago_exam/package.dsv'
[16.044s] INFO:colcon.colcon_core.shell:Creating package script '/home/ines/tiago_ws/install/tiago_exam/share/tiago_exam/package.sh'
[16.045s] INFO:colcon.colcon_core.shell:Creating package script '/home/ines/tiago_ws/install/tiago_exam/share/tiago_exam/package.bash'
[16.047s] INFO:colcon.colcon_core.shell:Creating package script '/home/ines/tiago_ws/install/tiago_exam/share/tiago_exam/package.zsh'
[16.049s] Level 1:colcon.colcon_core.environment:create_file_with_runtime_dependencies(/home/ines/tiago_ws/install/tiago_exam/share/colcon-core/packages/tiago_exam)
[16.289s] Level 1:colcon.colcon_core.environment:create_environment_scripts_only(pmb2_controller_configuration)
[16.290s] Level 1:colcon.colcon_core.environment:checking '/home/ines/tiago_ws/install/pmb2_controller_configuration' for CMake module files
[16.292s] DEBUG:colcon.colcon_core.event_handler.log_command:Invoked command in '/home/ines/tiago_ws/build/pmb2_controller_configuration' returned '0': CMAKE_PREFIX_PATH=${CMAKE_PREFIX_PATH}:/home/ines/tiago_ws/install/tiago_autonomous_navigation:/home/ines/tiago_ws/install/tiago_autonomous_exploration:/home/ines/ros2_ws/install/scripts:/home/ines/ros2_ws/install/acrobat:/opt/ros/humble /usr/bin/cmake --install /home/ines/tiago_ws/build/pmb2_controller_configuration
[16.293s] Level 1:colcon.colcon_core.environment:checking '/home/ines/tiago_ws/install/pmb2_controller_configuration' for CMake config files
[16.295s] Level 1:colcon.colcon_core.shell:create_environment_hook('pmb2_controller_configuration', 'cmake_prefix_path')
[16.296s] INFO:colcon.colcon_core.shell:Creating environment hook '/home/ines/tiago_ws/install/pmb2_controller_configuration/share/pmb2_controller_configuration/hook/cmake_prefix_path.ps1'
[16.298s] INFO:colcon.colcon_core.shell:Creating environment descriptor '/home/ines/tiago_ws/install/pmb2_controller_configuration/share/pmb2_controller_configuration/hook/cmake_prefix_path.dsv'
[16.299s] INFO:colcon.colcon_core.shell:Creating environment hook '/home/ines/tiago_ws/install/pmb2_controller_configuration/share/pmb2_controller_configuration/hook/cmake_prefix_path.sh'
[16.301s] Level 1:colcon.colcon_core.environment:checking '/home/ines/tiago_ws/install/pmb2_controller_configuration/bin'
[16.302s] Level 1:colcon.colcon_core.environment:checking '/home/ines/tiago_ws/install/pmb2_controller_configuration/lib/pkgconfig/pmb2_controller_configuration.pc'
[16.303s] Level 1:colcon.colcon_core.environment:checking '/home/ines/tiago_ws/install/pmb2_controller_configuration/lib/python3.10/site-packages'
[16.304s] Level 1:colcon.colcon_core.environment:checking '/home/ines/tiago_ws/install/pmb2_controller_configuration/bin'
[16.305s] INFO:colcon.colcon_core.shell:Creating package script '/home/ines/tiago_ws/install/pmb2_controller_configuration/share/pmb2_controller_configuration/package.ps1'
[16.307s] INFO:colcon.colcon_core.shell:Creating package descriptor '/home/ines/tiago_ws/install/pmb2_controller_configuration/share/pmb2_controller_configuration/package.dsv'
[16.308s] INFO:colcon.colcon_core.shell:Creating package script '/home/ines/tiago_ws/install/pmb2_controller_configuration/share/pmb2_controller_configuration/package.sh'
[16.310s] INFO:colcon.colcon_core.shell:Creating package script '/home/ines/tiago_ws/install/pmb2_controller_configuration/share/pmb2_controller_configuration/package.bash'
[16.311s] INFO:colcon.colcon_core.shell:Creating package script '/home/ines/tiago_ws/install/pmb2_controller_configuration/share/pmb2_controller_configuration/package.zsh'
[16.312s] Level 1:colcon.colcon_core.environment:create_file_with_runtime_dependencies(/home/ines/tiago_ws/install/pmb2_controller_configuration/share/colcon-core/packages/pmb2_controller_configuration)
[16.412s] Level 1:colcon.colcon_core.environment:create_environment_scripts_only(pmb2_controller_configuration)
[16.413s] Level 1:colcon.colcon_core.environment:checking '/home/ines/tiago_ws/install/pmb2_controller_configuration' for CMake module files
[16.415s] Level 1:colcon.colcon_core.environment:checking '/home/ines/tiago_ws/install/pmb2_controller_configuration' for CMake config files
[16.417s] Level 1:colcon.colcon_core.shell:create_environment_hook('pmb2_controller_configuration', 'cmake_prefix_path')
[16.418s] INFO:colcon.colcon_core.shell:Creating environment hook '/home/ines/tiago_ws/install/pmb2_controller_configuration/share/pmb2_controller_configuration/hook/cmake_prefix_path.ps1'
[16.420s] INFO:colcon.colcon_core.shell:Creating environment descriptor '/home/ines/tiago_ws/install/pmb2_controller_configuration/share/pmb2_controller_configuration/hook/cmake_prefix_path.dsv'
[16.421s] INFO:colcon.colcon_core.shell:Creating environment hook '/home/ines/tiago_ws/install/pmb2_controller_configuration/share/pmb2_controller_configuration/hook/cmake_prefix_path.sh'
[16.423s] Level 1:colcon.colcon_core.environment:checking '/home/ines/tiago_ws/install/pmb2_controller_configuration/bin'
[16.423s] Level 1:colcon.colcon_core.environment:checking '/home/ines/tiago_ws/install/pmb2_controller_configuration/lib/pkgconfig/pmb2_controller_configuration.pc'
[16.424s] Level 1:colcon.colcon_core.environment:checking '/home/ines/tiago_ws/install/pmb2_controller_configuration/lib/python3.10/site-packages'
[16.425s] Level 1:colcon.colcon_core.environment:checking '/home/ines/tiago_ws/install/pmb2_controller_configuration/bin'
[16.426s] INFO:colcon.colcon_core.shell:Creating package script '/home/ines/tiago_ws/install/pmb2_controller_configuration/share/pmb2_controller_configuration/package.ps1'
[16.428s] INFO:colcon.colcon_core.shell:Creating package descriptor '/home/ines/tiago_ws/install/pmb2_controller_configuration/share/pmb2_controller_configuration/package.dsv'
[16.430s] INFO:colcon.colcon_core.shell:Creating package script '/home/ines/tiago_ws/install/pmb2_controller_configuration/share/pmb2_controller_configuration/package.sh'
[16.432s] INFO:colcon.colcon_core.shell:Creating package script '/home/ines/tiago_ws/install/pmb2_controller_configuration/share/pmb2_controller_configuration/package.bash'
[16.434s] INFO:colcon.colcon_core.shell:Creating package script '/home/ines/tiago_ws/install/pmb2_controller_configuration/share/pmb2_controller_configuration/package.zsh'
[16.435s] Level 1:colcon.colcon_core.environment:create_file_with_runtime_dependencies(/home/ines/tiago_ws/install/pmb2_controller_configuration/share/colcon-core/packages/pmb2_controller_configuration)
[16.437s] INFO:colcon.colcon_ros.task.ament_cmake.build:Building ROS package in '/home/ines/tiago_ws/src/pmb2_robot/pmb2_description' with build type 'ament_cmake'
[16.437s] INFO:colcon.colcon_cmake.task.cmake.build:Building CMake package in '/home/ines/tiago_ws/src/pmb2_robot/pmb2_description'
[16.438s] INFO:colcon.colcon_core.shell:Skip shell extension 'powershell' for command environment: Not usable outside of PowerShell
[16.439s] DEBUG:colcon.colcon_core.shell:Skip shell extension 'dsv' for command environment
[16.470s] INFO:colcon.colcon_ros.task.ament_cmake.build:Building ROS package in '/home/ines/tiago_ws/src/tiago_controller_configuration' with build type 'ament_cmake'
[16.471s] INFO:colcon.colcon_cmake.task.cmake.build:Building CMake package in '/home/ines/tiago_ws/src/tiago_controller_configuration'
[16.472s] INFO:colcon.colcon_core.shell:Skip shell extension 'powershell' for command environment: Not usable outside of PowerShell
[16.474s] DEBUG:colcon.colcon_core.shell:Skip shell extension 'dsv' for command environment
[16.519s] DEBUG:colcon.colcon_core.event_handler.log_command:Invoking command in '/home/ines/tiago_ws/build/pmb2_description': AMENT_PREFIX_PATH=/home/ines/tiago_ws/install/pmb2_controller_configuration:${AMENT_PREFIX_PATH} CMAKE_PREFIX_PATH=/home/ines/tiago_ws/install/pmb2_controller_configuration:/home/ines/tiago_ws/install/tiago_navigation:/home/ines/tiago_ws/install/tiago_laser_sensors:/home/ines/tiago_ws/install/tiago_exam_worlds:/home/ines/tiago_ws/install/tiago_exam:/home/ines/tiago_ws/install/tiago_controller_configuration:/home/ines/tiago_ws/install/tiago_2dnav:/home/ines/tiago_ws/install/pmb2_rgbd_sensors:/home/ines/tiago_ws/install/pmb2_navigation:/home/ines/tiago_ws/install/pmb2_2dnav:/home/ines/tiago_ws/install/pmb2_maps:/home/ines/tiago_ws/install/pmb2_laser_sensors:/home/ines/tiago_ws/install/pal_navigation_cfg:/home/ines/tiago_ws/install/pal_navigation_cfg_bringup:/home/ines/tiago_ws/install/pal_navigation_cfg_params:/home/ines/tiago_ws/install/multirobot_map_merge:/home/ines/tiago_ws/install/explore_lite:/home/ines/test_ws/install/my_package:/home/ines/tiago_ws/install/tiago_autonomous_navigation:/home/ines/tiago_ws/install/tiago_autonomous_exploration:/home/ines/ros2_ws/install/scripts:/home/ines/ros2_ws/install/acrobat:/opt/ros/humble /usr/bin/cmake /home/ines/tiago_ws/src/pmb2_robot/pmb2_description -DAMENT_CMAKE_SYMLINK_INSTALL=1 -DCMAKE_INSTALL_PREFIX=/home/ines/tiago_ws/install/pmb2_description
[16.591s] DEBUG:colcon.colcon_core.event_handler.log_command:Invoking command in '/home/ines/tiago_ws/build/tiago_controller_configuration': AMENT_PREFIX_PATH=/home/ines/tiago_ws/install/pmb2_controller_configuration:${AMENT_PREFIX_PATH} CMAKE_PREFIX_PATH=/home/ines/tiago_ws/install/pmb2_controller_configuration:/home/ines/tiago_ws/install/tiago_navigation:/home/ines/tiago_ws/install/tiago_laser_sensors:/home/ines/tiago_ws/install/tiago_exam_worlds:/home/ines/tiago_ws/install/tiago_exam:/home/ines/tiago_ws/install/tiago_controller_configuration:/home/ines/tiago_ws/install/tiago_2dnav:/home/ines/tiago_ws/install/pmb2_rgbd_sensors:/home/ines/tiago_ws/install/pmb2_navigation:/home/ines/tiago_ws/install/pmb2_2dnav:/home/ines/tiago_ws/install/pmb2_maps:/home/ines/tiago_ws/install/pmb2_laser_sensors:/home/ines/tiago_ws/install/pal_navigation_cfg:/home/ines/tiago_ws/install/pal_navigation_cfg_bringup:/home/ines/tiago_ws/install/pal_navigation_cfg_params:/home/ines/tiago_ws/install/multirobot_map_merge:/home/ines/tiago_ws/install/explore_lite:/home/ines/test_ws/install/my_package:/home/ines/tiago_ws/install/tiago_autonomous_navigation:/home/ines/tiago_ws/install/tiago_autonomous_exploration:/home/ines/ros2_ws/install/scripts:/home/ines/ros2_ws/install/acrobat:/opt/ros/humble /usr/bin/cmake --build /home/ines/tiago_ws/build/tiago_controller_configuration -- -j8 -l8
[16.698s] DEBUG:colcon.colcon_core.event_handler.log_command:Invoking command in '/home/ines/tiago_ws/build/tiago_autonomous_exploration': PYTHONPATH=/home/ines/tiago_ws/build/tiago_autonomous_exploration/prefix_override:/home/ines/tiago_ws/install/tiago_autonomous_exploration/lib/python3.10/site-packages:${PYTHONPATH} /usr/bin/python3 -W ignore:setup.py install is deprecated setup.py develop --editable --build-directory /home/ines/tiago_ws/build/tiago_autonomous_exploration/build --no-deps symlink_data
[16.711s] DEBUG:colcon.colcon_core.event_handler.log_command:Invoking command in '/home/ines/tiago_ws/build/tiago_autonomous_navigation': PYTHONPATH=/home/ines/tiago_ws/build/tiago_autonomous_navigation/prefix_override:/home/ines/tiago_ws/install/tiago_autonomous_navigation/lib/python3.10/site-packages:${PYTHONPATH} /usr/bin/python3 -W ignore:setup.py install is deprecated setup.py develop --editable --build-directory /home/ines/tiago_ws/build/tiago_autonomous_navigation/build --no-deps symlink_data
[16.781s] DEBUG:colcon.colcon_core.event_handler.log_command:Invoked command in '/home/ines/tiago_ws/build/tiago_controller_configuration' returned '0': AMENT_PREFIX_PATH=/home/ines/tiago_ws/install/pmb2_controller_configuration:${AMENT_PREFIX_PATH} CMAKE_PREFIX_PATH=/home/ines/tiago_ws/install/pmb2_controller_configuration:/home/ines/tiago_ws/install/tiago_navigation:/home/ines/tiago_ws/install/tiago_laser_sensors:/home/ines/tiago_ws/install/tiago_exam_worlds:/home/ines/tiago_ws/install/tiago_exam:/home/ines/tiago_ws/install/tiago_controller_configuration:/home/ines/tiago_ws/install/tiago_2dnav:/home/ines/tiago_ws/install/pmb2_rgbd_sensors:/home/ines/tiago_ws/install/pmb2_navigation:/home/ines/tiago_ws/install/pmb2_2dnav:/home/ines/tiago_ws/install/pmb2_maps:/home/ines/tiago_ws/install/pmb2_laser_sensors:/home/ines/tiago_ws/install/pal_navigation_cfg:/home/ines/tiago_ws/install/pal_navigation_cfg_bringup:/home/ines/tiago_ws/install/pal_navigation_cfg_params:/home/ines/tiago_ws/install/multirobot_map_merge:/home/ines/tiago_ws/install/explore_lite:/home/ines/test_ws/install/my_package:/home/ines/tiago_ws/install/tiago_autonomous_navigation:/home/ines/tiago_ws/install/tiago_autonomous_exploration:/home/ines/ros2_ws/install/scripts:/home/ines/ros2_ws/install/acrobat:/opt/ros/humble /usr/bin/cmake --build /home/ines/tiago_ws/build/tiago_controller_configuration -- -j8 -l8
[16.903s] DEBUG:colcon.colcon_core.event_handler.log_command:Invoking command in '/home/ines/tiago_ws/build/tiago_controller_configuration': AMENT_PREFIX_PATH=/home/ines/tiago_ws/install/pmb2_controller_configuration:${AMENT_PREFIX_PATH} CMAKE_PREFIX_PATH=/home/ines/tiago_ws/install/pmb2_controller_configuration:/home/ines/tiago_ws/install/tiago_navigation:/home/ines/tiago_ws/install/tiago_laser_sensors:/home/ines/tiago_ws/install/tiago_exam_worlds:/home/ines/tiago_ws/install/tiago_exam:/home/ines/tiago_ws/install/tiago_controller_configuration:/home/ines/tiago_ws/install/tiago_2dnav:/home/ines/tiago_ws/install/pmb2_rgbd_sensors:/home/ines/tiago_ws/install/pmb2_navigation:/home/ines/tiago_ws/install/pmb2_2dnav:/home/ines/tiago_ws/install/pmb2_maps:/home/ines/tiago_ws/install/pmb2_laser_sensors:/home/ines/tiago_ws/install/pal_navigation_cfg:/home/ines/tiago_ws/install/pal_navigation_cfg_bringup:/home/ines/tiago_ws/install/pal_navigation_cfg_params:/home/ines/tiago_ws/install/multirobot_map_merge:/home/ines/tiago_ws/install/explore_lite:/home/ines/test_ws/install/my_package:/home/ines/tiago_ws/install/tiago_autonomous_navigation:/home/ines/tiago_ws/install/tiago_autonomous_exploration:/home/ines/ros2_ws/install/scripts:/home/ines/ros2_ws/install/acrobat:/opt/ros/humble /usr/bin/cmake --install /home/ines/tiago_ws/build/tiago_controller_configuration
[17.084s] Level 1:colcon.colcon_core.environment:create_environment_scripts_only(tiago_controller_configuration)
[17.085s] Level 1:colcon.colcon_core.environment:checking '/home/ines/tiago_ws/install/tiago_controller_configuration' for CMake module files
[17.088s] DEBUG:colcon.colcon_core.event_handler.log_command:Invoked command in '/home/ines/tiago_ws/build/tiago_controller_configuration' returned '0': AMENT_PREFIX_PATH=/home/ines/tiago_ws/install/pmb2_controller_configuration:${AMENT_PREFIX_PATH} CMAKE_PREFIX_PATH=/home/ines/tiago_ws/install/pmb2_controller_configuration:/home/ines/tiago_ws/install/tiago_navigation:/home/ines/tiago_ws/install/tiago_laser_sensors:/home/ines/tiago_ws/install/tiago_exam_worlds:/home/ines/tiago_ws/install/tiago_exam:/home/ines/tiago_ws/install/tiago_controller_configuration:/home/ines/tiago_ws/install/tiago_2dnav:/home/ines/tiago_ws/install/pmb2_rgbd_sensors:/home/ines/tiago_ws/install/pmb2_navigation:/home/ines/tiago_ws/install/pmb2_2dnav:/home/ines/tiago_ws/install/pmb2_maps:/home/ines/tiago_ws/install/pmb2_laser_sensors:/home/ines/tiago_ws/install/pal_navigation_cfg:/home/ines/tiago_ws/install/pal_navigation_cfg_bringup:/home/ines/tiago_ws/install/pal_navigation_cfg_params:/home/ines/tiago_ws/install/multirobot_map_merge:/home/ines/tiago_ws/install/explore_lite:/home/ines/test_ws/install/my_package:/home/ines/tiago_ws/install/tiago_autonomous_navigation:/home/ines/tiago_ws/install/tiago_autonomous_exploration:/home/ines/ros2_ws/install/scripts:/home/ines/ros2_ws/install/acrobat:/opt/ros/humble /usr/bin/cmake --install /home/ines/tiago_ws/build/tiago_controller_configuration
[17.090s] Level 1:colcon.colcon_core.environment:checking '/home/ines/tiago_ws/install/tiago_controller_configuration' for CMake config files
[17.105s] Level 1:colcon.colcon_core.shell:create_environment_hook('tiago_controller_configuration', 'cmake_prefix_path')
[17.106s] INFO:colcon.colcon_core.shell:Creating environment hook '/home/ines/tiago_ws/install/tiago_controller_configuration/share/tiago_controller_configuration/hook/cmake_prefix_path.ps1'
[17.108s] INFO:colcon.colcon_core.shell:Creating environment descriptor '/home/ines/tiago_ws/install/tiago_controller_configuration/share/tiago_controller_configuration/hook/cmake_prefix_path.dsv'
[17.110s] INFO:colcon.colcon_core.shell:Creating environment hook '/home/ines/tiago_ws/install/tiago_controller_configuration/share/tiago_controller_configuration/hook/cmake_prefix_path.sh'
[17.112s] Level 1:colcon.colcon_core.environment:checking '/home/ines/tiago_ws/install/tiago_controller_configuration/bin'
[17.112s] Level 1:colcon.colcon_core.environment:checking '/home/ines/tiago_ws/install/tiago_controller_configuration/lib/pkgconfig/tiago_controller_configuration.pc'
[17.113s] Level 1:colcon.colcon_core.environment:checking '/home/ines/tiago_ws/install/tiago_controller_configuration/lib/python3.10/site-packages'
[17.114s] Level 1:colcon.colcon_core.environment:checking '/home/ines/tiago_ws/install/tiago_controller_configuration/bin'
[17.116s] INFO:colcon.colcon_core.shell:Creating package script '/home/ines/tiago_ws/install/tiago_controller_configuration/share/tiago_controller_configuration/package.ps1'
[17.118s] INFO:colcon.colcon_core.shell:Creating package descriptor '/home/ines/tiago_ws/install/tiago_controller_configuration/share/tiago_controller_configuration/package.dsv'
[17.120s] INFO:colcon.colcon_core.shell:Creating package script '/home/ines/tiago_ws/install/tiago_controller_configuration/share/tiago_controller_configuration/package.sh'
[17.121s] INFO:colcon.colcon_core.shell:Creating package script '/home/ines/tiago_ws/install/tiago_controller_configuration/share/tiago_controller_configuration/package.bash'
[17.123s] INFO:colcon.colcon_core.shell:Creating package script '/home/ines/tiago_ws/install/tiago_controller_configuration/share/tiago_controller_configuration/package.zsh'
[17.124s] Level 1:colcon.colcon_core.environment:create_file_with_runtime_dependencies(/home/ines/tiago_ws/install/tiago_controller_configuration/share/colcon-core/packages/tiago_controller_configuration)
[17.242s] Level 1:colcon.colcon_core.environment:create_environment_scripts_only(tiago_controller_configuration)
[17.244s] Level 1:colcon.colcon_core.environment:checking '/home/ines/tiago_ws/install/tiago_controller_configuration' for CMake module files
[17.246s] Level 1:colcon.colcon_core.environment:checking '/home/ines/tiago_ws/install/tiago_controller_configuration' for CMake config files
[17.247s] Level 1:colcon.colcon_core.shell:create_environment_hook('tiago_controller_configuration', 'cmake_prefix_path')
[17.248s] INFO:colcon.colcon_core.shell:Creating environment hook '/home/ines/tiago_ws/install/tiago_controller_configuration/share/tiago_controller_configuration/hook/cmake_prefix_path.ps1'
[17.250s] INFO:colcon.colcon_core.shell:Creating environment descriptor '/home/ines/tiago_ws/install/tiago_controller_configuration/share/tiago_controller_configuration/hook/cmake_prefix_path.dsv'
[17.251s] INFO:colcon.colcon_core.shell:Creating environment hook '/home/ines/tiago_ws/install/tiago_controller_configuration/share/tiago_controller_configuration/hook/cmake_prefix_path.sh'
[17.253s] Level 1:colcon.colcon_core.environment:checking '/home/ines/tiago_ws/install/tiago_controller_configuration/bin'
[17.254s] Level 1:colcon.colcon_core.environment:checking '/home/ines/tiago_ws/install/tiago_controller_configuration/lib/pkgconfig/tiago_controller_configuration.pc'
[17.255s] Level 1:colcon.colcon_core.environment:checking '/home/ines/tiago_ws/install/tiago_controller_configuration/lib/python3.10/site-packages'
[17.256s] Level 1:colcon.colcon_core.environment:checking '/home/ines/tiago_ws/install/tiago_controller_configuration/bin'
[17.257s] INFO:colcon.colcon_core.shell:Creating package script '/home/ines/tiago_ws/install/tiago_controller_configuration/share/tiago_controller_configuration/package.ps1'
[17.259s] INFO:colcon.colcon_core.shell:Creating package descriptor '/home/ines/tiago_ws/install/tiago_controller_configuration/share/tiago_controller_configuration/package.dsv'
[17.261s] INFO:colcon.colcon_core.shell:Creating package script '/home/ines/tiago_ws/install/tiago_controller_configuration/share/tiago_controller_configuration/package.sh'
[17.263s] INFO:colcon.colcon_core.shell:Creating package script '/home/ines/tiago_ws/install/tiago_controller_configuration/share/tiago_controller_configuration/package.bash'
[17.265s] INFO:colcon.colcon_core.shell:Creating package script '/home/ines/tiago_ws/install/tiago_controller_configuration/share/tiago_controller_configuration/package.zsh'
[17.266s] Level 1:colcon.colcon_core.environment:create_file_with_runtime_dependencies(/home/ines/tiago_ws/install/tiago_controller_configuration/share/colcon-core/packages/tiago_controller_configuration)
[18.953s] Level 1:colcon.colcon_core.shell:create_environment_hook('tiago_autonomous_navigation', 'pythonpath_develop')
[18.954s] INFO:colcon.colcon_core.shell:Creating environment hook '/home/ines/tiago_ws/build/tiago_autonomous_navigation/share/tiago_autonomous_navigation/hook/pythonpath_develop.ps1'
[18.955s] DEBUG:colcon.colcon_core.event_handler.log_command:Invoked command in '/home/ines/tiago_ws/build/tiago_autonomous_navigation' returned '0': PYTHONPATH=/home/ines/tiago_ws/build/tiago_autonomous_navigation/prefix_override:/home/ines/tiago_ws/install/tiago_autonomous_navigation/lib/python3.10/site-packages:${PYTHONPATH} /usr/bin/python3 -W ignore:setup.py install is deprecated setup.py develop --editable --build-directory /home/ines/tiago_ws/build/tiago_autonomous_navigation/build --no-deps symlink_data
[18.956s] INFO:colcon.colcon_core.shell:Creating environment descriptor '/home/ines/tiago_ws/build/tiago_autonomous_navigation/share/tiago_autonomous_navigation/hook/pythonpath_develop.dsv'
[18.957s] INFO:colcon.colcon_core.shell:Creating environment hook '/home/ines/tiago_ws/build/tiago_autonomous_navigation/share/tiago_autonomous_navigation/hook/pythonpath_develop.sh'
[18.959s] Level 1:colcon.colcon_core.environment:checking '/home/ines/tiago_ws/install/tiago_autonomous_navigation' for CMake module files
[19.020s] Level 1:colcon.colcon_core.environment:checking '/home/ines/tiago_ws/install/tiago_autonomous_navigation' for CMake config files
[19.040s] Level 1:colcon.colcon_core.environment:checking '/home/ines/tiago_ws/install/tiago_autonomous_navigation/lib'
[19.041s] Level 1:colcon.colcon_core.environment:checking '/home/ines/tiago_ws/install/tiago_autonomous_navigation/bin'
[19.041s] Level 1:colcon.colcon_core.environment:checking '/home/ines/tiago_ws/install/tiago_autonomous_navigation/lib/pkgconfig/tiago_autonomous_navigation.pc'
[19.042s] Level 1:colcon.colcon_core.environment:checking '/home/ines/tiago_ws/install/tiago_autonomous_navigation/lib/python3.10/site-packages'
[19.042s] Level 1:colcon.colcon_core.shell:create_environment_hook('tiago_autonomous_navigation', 'pythonpath')
[19.043s] INFO:colcon.colcon_core.shell:Creating environment hook '/home/ines/tiago_ws/install/tiago_autonomous_navigation/share/tiago_autonomous_navigation/hook/pythonpath.ps1'
[19.044s] INFO:colcon.colcon_core.shell:Creating environment descriptor '/home/ines/tiago_ws/install/tiago_autonomous_navigation/share/tiago_autonomous_navigation/hook/pythonpath.dsv'
[19.045s] INFO:colcon.colcon_core.shell:Creating environment hook '/home/ines/tiago_ws/install/tiago_autonomous_navigation/share/tiago_autonomous_navigation/hook/pythonpath.sh'
[19.047s] Level 1:colcon.colcon_core.environment:checking '/home/ines/tiago_ws/install/tiago_autonomous_navigation/bin'
[19.048s] Level 1:colcon.colcon_core.environment:create_environment_scripts_only(tiago_autonomous_navigation)
[19.049s] INFO:colcon.colcon_core.shell:Creating package script '/home/ines/tiago_ws/install/tiago_autonomous_navigation/share/tiago_autonomous_navigation/package.ps1'
[19.051s] INFO:colcon.colcon_core.shell:Creating package descriptor '/home/ines/tiago_ws/install/tiago_autonomous_navigation/share/tiago_autonomous_navigation/package.dsv'
[19.053s] INFO:colcon.colcon_core.shell:Creating package script '/home/ines/tiago_ws/install/tiago_autonomous_navigation/share/tiago_autonomous_navigation/package.sh'
[19.054s] INFO:colcon.colcon_core.shell:Creating package script '/home/ines/tiago_ws/install/tiago_autonomous_navigation/share/tiago_autonomous_navigation/package.bash'
[19.056s] INFO:colcon.colcon_core.shell:Creating package script '/home/ines/tiago_ws/install/tiago_autonomous_navigation/share/tiago_autonomous_navigation/package.zsh'
[19.057s] Level 1:colcon.colcon_core.environment:create_file_with_runtime_dependencies(/home/ines/tiago_ws/install/tiago_autonomous_navigation/share/colcon-core/packages/tiago_autonomous_navigation)
[19.063s] Level 1:colcon.colcon_core.shell:create_environment_hook('tiago_autonomous_exploration', 'pythonpath_develop')
[19.064s] INFO:colcon.colcon_core.shell:Creating environment hook '/home/ines/tiago_ws/build/tiago_autonomous_exploration/share/tiago_autonomous_exploration/hook/pythonpath_develop.ps1'
[19.066s] DEBUG:colcon.colcon_core.event_handler.log_command:Invoked command in '/home/ines/tiago_ws/build/tiago_autonomous_exploration' returned '0': PYTHONPATH=/home/ines/tiago_ws/build/tiago_autonomous_exploration/prefix_override:/home/ines/tiago_ws/install/tiago_autonomous_exploration/lib/python3.10/site-packages:${PYTHONPATH} /usr/bin/python3 -W ignore:setup.py install is deprecated setup.py develop --editable --build-directory /home/ines/tiago_ws/build/tiago_autonomous_exploration/build --no-deps symlink_data
[19.067s] INFO:colcon.colcon_core.shell:Creating environment descriptor '/home/ines/tiago_ws/build/tiago_autonomous_exploration/share/tiago_autonomous_exploration/hook/pythonpath_develop.dsv'
[19.068s] INFO:colcon.colcon_core.shell:Creating environment hook '/home/ines/tiago_ws/build/tiago_autonomous_exploration/share/tiago_autonomous_exploration/hook/pythonpath_develop.sh'
[19.070s] Level 1:colcon.colcon_core.environment:checking '/home/ines/tiago_ws/install/tiago_autonomous_exploration' for CMake module files
[19.072s] Level 1:colcon.colcon_core.environment:checking '/home/ines/tiago_ws/install/tiago_autonomous_exploration' for CMake config files
[19.166s] Level 1:colcon.colcon_core.environment:checking '/home/ines/tiago_ws/install/tiago_autonomous_exploration/lib'
[19.166s] Level 1:colcon.colcon_core.environment:checking '/home/ines/tiago_ws/install/tiago_autonomous_exploration/bin'
[19.166s] Level 1:colcon.colcon_core.environment:checking '/home/ines/tiago_ws/install/tiago_autonomous_exploration/lib/pkgconfig/tiago_autonomous_exploration.pc'
[19.167s] Level 1:colcon.colcon_core.environment:checking '/home/ines/tiago_ws/install/tiago_autonomous_exploration/lib/python3.10/site-packages'
[19.167s] Level 1:colcon.colcon_core.shell:create_environment_hook('tiago_autonomous_exploration', 'pythonpath')
[19.168s] INFO:colcon.colcon_core.shell:Creating environment hook '/home/ines/tiago_ws/install/tiago_autonomous_exploration/share/tiago_autonomous_exploration/hook/pythonpath.ps1'
[19.169s] INFO:colcon.colcon_core.shell:Creating environment descriptor '/home/ines/tiago_ws/install/tiago_autonomous_exploration/share/tiago_autonomous_exploration/hook/pythonpath.dsv'
[19.170s] INFO:colcon.colcon_core.shell:Creating environment hook '/home/ines/tiago_ws/install/tiago_autonomous_exploration/share/tiago_autonomous_exploration/hook/pythonpath.sh'
[19.172s] Level 1:colcon.colcon_core.environment:checking '/home/ines/tiago_ws/install/tiago_autonomous_exploration/bin'
[19.172s] Level 1:colcon.colcon_core.environment:create_environment_scripts_only(tiago_autonomous_exploration)
[19.173s] INFO:colcon.colcon_core.shell:Creating package script '/home/ines/tiago_ws/install/tiago_autonomous_exploration/share/tiago_autonomous_exploration/package.ps1'
[19.174s] INFO:colcon.colcon_core.shell:Creating package descriptor '/home/ines/tiago_ws/install/tiago_autonomous_exploration/share/tiago_autonomous_exploration/package.dsv'
[19.176s] INFO:colcon.colcon_core.shell:Creating package script '/home/ines/tiago_ws/install/tiago_autonomous_exploration/share/tiago_autonomous_exploration/package.sh'
[19.177s] INFO:colcon.colcon_core.shell:Creating package script '/home/ines/tiago_ws/install/tiago_autonomous_exploration/share/tiago_autonomous_exploration/package.bash'
[19.178s] INFO:colcon.colcon_core.shell:Creating package script '/home/ines/tiago_ws/install/tiago_autonomous_exploration/share/tiago_autonomous_exploration/package.zsh'
[19.179s] Level 1:colcon.colcon_core.environment:create_file_with_runtime_dependencies(/home/ines/tiago_ws/install/tiago_autonomous_exploration/share/colcon-core/packages/tiago_autonomous_exploration)
[20.128s] DEBUG:colcon.colcon_core.event_handler.log_command:Invoked command in '/home/ines/tiago_ws/build/pmb2_description' returned '0': AMENT_PREFIX_PATH=/home/ines/tiago_ws/install/pmb2_controller_configuration:${AMENT_PREFIX_PATH} CMAKE_PREFIX_PATH=/home/ines/tiago_ws/install/pmb2_controller_configuration:/home/ines/tiago_ws/install/tiago_navigation:/home/ines/tiago_ws/install/tiago_laser_sensors:/home/ines/tiago_ws/install/tiago_exam_worlds:/home/ines/tiago_ws/install/tiago_exam:/home/ines/tiago_ws/install/tiago_controller_configuration:/home/ines/tiago_ws/install/tiago_2dnav:/home/ines/tiago_ws/install/pmb2_rgbd_sensors:/home/ines/tiago_ws/install/pmb2_navigation:/home/ines/tiago_ws/install/pmb2_2dnav:/home/ines/tiago_ws/install/pmb2_maps:/home/ines/tiago_ws/install/pmb2_laser_sensors:/home/ines/tiago_ws/install/pal_navigation_cfg:/home/ines/tiago_ws/install/pal_navigation_cfg_bringup:/home/ines/tiago_ws/install/pal_navigation_cfg_params:/home/ines/tiago_ws/install/multirobot_map_merge:/home/ines/tiago_ws/install/explore_lite:/home/ines/test_ws/install/my_package:/home/ines/tiago_ws/install/tiago_autonomous_navigation:/home/ines/tiago_ws/install/tiago_autonomous_exploration:/home/ines/ros2_ws/install/scripts:/home/ines/ros2_ws/install/acrobat:/opt/ros/humble /usr/bin/cmake /home/ines/tiago_ws/src/pmb2_robot/pmb2_description -DAMENT_CMAKE_SYMLINK_INSTALL=1 -DCMAKE_INSTALL_PREFIX=/home/ines/tiago_ws/install/pmb2_description
[20.133s] DEBUG:colcon.colcon_core.event_handler.log_command:Invoking command in '/home/ines/tiago_ws/build/pmb2_description': AMENT_PREFIX_PATH=/home/ines/tiago_ws/install/pmb2_controller_configuration:${AMENT_PREFIX_PATH} CMAKE_PREFIX_PATH=/home/ines/tiago_ws/install/pmb2_controller_configuration:/home/ines/tiago_ws/install/tiago_navigation:/home/ines/tiago_ws/install/tiago_laser_sensors:/home/ines/tiago_ws/install/tiago_exam_worlds:/home/ines/tiago_ws/install/tiago_exam:/home/ines/tiago_ws/install/tiago_controller_configuration:/home/ines/tiago_ws/install/tiago_2dnav:/home/ines/tiago_ws/install/pmb2_rgbd_sensors:/home/ines/tiago_ws/install/pmb2_navigation:/home/ines/tiago_ws/install/pmb2_2dnav:/home/ines/tiago_ws/install/pmb2_maps:/home/ines/tiago_ws/install/pmb2_laser_sensors:/home/ines/tiago_ws/install/pal_navigation_cfg:/home/ines/tiago_ws/install/pal_navigation_cfg_bringup:/home/ines/tiago_ws/install/pal_navigation_cfg_params:/home/ines/tiago_ws/install/multirobot_map_merge:/home/ines/tiago_ws/install/explore_lite:/home/ines/test_ws/install/my_package:/home/ines/tiago_ws/install/tiago_autonomous_navigation:/home/ines/tiago_ws/install/tiago_autonomous_exploration:/home/ines/ros2_ws/install/scripts:/home/ines/ros2_ws/install/acrobat:/opt/ros/humble /usr/bin/cmake --build /home/ines/tiago_ws/build/pmb2_description -- -j8 -l8
[21.161s] DEBUG:colcon.colcon_core.event_handler.log_command:Invoked command in '/home/ines/tiago_ws/build/pmb2_description' returned '0': AMENT_PREFIX_PATH=/home/ines/tiago_ws/install/pmb2_controller_configuration:${AMENT_PREFIX_PATH} CMAKE_PREFIX_PATH=/home/ines/tiago_ws/install/pmb2_controller_configuration:/home/ines/tiago_ws/install/tiago_navigation:/home/ines/tiago_ws/install/tiago_laser_sensors:/home/ines/tiago_ws/install/tiago_exam_worlds:/home/ines/tiago_ws/install/tiago_exam:/home/ines/tiago_ws/install/tiago_controller_configuration:/home/ines/tiago_ws/install/tiago_2dnav:/home/ines/tiago_ws/install/pmb2_rgbd_sensors:/home/ines/tiago_ws/install/pmb2_navigation:/home/ines/tiago_ws/install/pmb2_2dnav:/home/ines/tiago_ws/install/pmb2_maps:/home/ines/tiago_ws/install/pmb2_laser_sensors:/home/ines/tiago_ws/install/pal_navigation_cfg:/home/ines/tiago_ws/install/pal_navigation_cfg_bringup:/home/ines/tiago_ws/install/pal_navigation_cfg_params:/home/ines/tiago_ws/install/multirobot_map_merge:/home/ines/tiago_ws/install/explore_lite:/home/ines/test_ws/install/my_package:/home/ines/tiago_ws/install/tiago_autonomous_navigation:/home/ines/tiago_ws/install/tiago_autonomous_exploration:/home/ines/ros2_ws/install/scripts:/home/ines/ros2_ws/install/acrobat:/opt/ros/humble /usr/bin/cmake --build /home/ines/tiago_ws/build/pmb2_description -- -j8 -l8
[21.222s] DEBUG:colcon.colcon_core.event_handler.log_command:Invoking command in '/home/ines/tiago_ws/build/pmb2_description': AMENT_PREFIX_PATH=/home/ines/tiago_ws/install/pmb2_controller_configuration:${AMENT_PREFIX_PATH} CMAKE_PREFIX_PATH=/home/ines/tiago_ws/install/pmb2_controller_configuration:/home/ines/tiago_ws/install/tiago_navigation:/home/ines/tiago_ws/install/tiago_laser_sensors:/home/ines/tiago_ws/install/tiago_exam_worlds:/home/ines/tiago_ws/install/tiago_exam:/home/ines/tiago_ws/install/tiago_controller_configuration:/home/ines/tiago_ws/install/tiago_2dnav:/home/ines/tiago_ws/install/pmb2_rgbd_sensors:/home/ines/tiago_ws/install/pmb2_navigation:/home/ines/tiago_ws/install/pmb2_2dnav:/home/ines/tiago_ws/install/pmb2_maps:/home/ines/tiago_ws/install/pmb2_laser_sensors:/home/ines/tiago_ws/install/pal_navigation_cfg:/home/ines/tiago_ws/install/pal_navigation_cfg_bringup:/home/ines/tiago_ws/install/pal_navigation_cfg_params:/home/ines/tiago_ws/install/multirobot_map_merge:/home/ines/tiago_ws/install/explore_lite:/home/ines/test_ws/install/my_package:/home/ines/tiago_ws/install/tiago_autonomous_navigation:/home/ines/tiago_ws/install/tiago_autonomous_exploration:/home/ines/ros2_ws/install/scripts:/home/ines/ros2_ws/install/acrobat:/opt/ros/humble /usr/bin/cmake --install /home/ines/tiago_ws/build/pmb2_description
[23.757s] Level 1:colcon.colcon_core.environment:create_environment_scripts_only(pmb2_description)
[23.758s] Level 1:colcon.colcon_core.environment:checking '/home/ines/tiago_ws/install/pmb2_description' for CMake module files
[23.759s] DEBUG:colcon.colcon_core.event_handler.log_command:Invoked command in '/home/ines/tiago_ws/build/pmb2_description' returned '0': AMENT_PREFIX_PATH=/home/ines/tiago_ws/install/pmb2_controller_configuration:${AMENT_PREFIX_PATH} CMAKE_PREFIX_PATH=/home/ines/tiago_ws/install/pmb2_controller_configuration:/home/ines/tiago_ws/install/tiago_navigation:/home/ines/tiago_ws/install/tiago_laser_sensors:/home/ines/tiago_ws/install/tiago_exam_worlds:/home/ines/tiago_ws/install/tiago_exam:/home/ines/tiago_ws/install/tiago_controller_configuration:/home/ines/tiago_ws/install/tiago_2dnav:/home/ines/tiago_ws/install/pmb2_rgbd_sensors:/home/ines/tiago_ws/install/pmb2_navigation:/home/ines/tiago_ws/install/pmb2_2dnav:/home/ines/tiago_ws/install/pmb2_maps:/home/ines/tiago_ws/install/pmb2_laser_sensors:/home/ines/tiago_ws/install/pal_navigation_cfg:/home/ines/tiago_ws/install/pal_navigation_cfg_bringup:/home/ines/tiago_ws/install/pal_navigation_cfg_params:/home/ines/tiago_ws/install/multirobot_map_merge:/home/ines/tiago_ws/install/explore_lite:/home/ines/test_ws/install/my_package:/home/ines/tiago_ws/install/tiago_autonomous_navigation:/home/ines/tiago_ws/install/tiago_autonomous_exploration:/home/ines/ros2_ws/install/scripts:/home/ines/ros2_ws/install/acrobat:/opt/ros/humble /usr/bin/cmake --install /home/ines/tiago_ws/build/pmb2_description
[23.760s] Level 1:colcon.colcon_core.environment:checking '/home/ines/tiago_ws/install/pmb2_description' for CMake config files
[23.762s] Level 1:colcon.colcon_core.shell:create_environment_hook('pmb2_description', 'cmake_prefix_path')
[23.762s] INFO:colcon.colcon_core.shell:Creating environment hook '/home/ines/tiago_ws/install/pmb2_description/share/pmb2_description/hook/cmake_prefix_path.ps1'
[23.763s] INFO:colcon.colcon_core.shell:Creating environment descriptor '/home/ines/tiago_ws/install/pmb2_description/share/pmb2_description/hook/cmake_prefix_path.dsv'
[23.763s] INFO:colcon.colcon_core.shell:Creating environment hook '/home/ines/tiago_ws/install/pmb2_description/share/pmb2_description/hook/cmake_prefix_path.sh'
[23.765s] Level 1:colcon.colcon_core.environment:checking '/home/ines/tiago_ws/install/pmb2_description/bin'
[23.765s] Level 1:colcon.colcon_core.environment:checking '/home/ines/tiago_ws/install/pmb2_description/lib/pkgconfig/pmb2_description.pc'
[23.766s] Level 1:colcon.colcon_core.environment:checking '/home/ines/tiago_ws/install/pmb2_description/lib/python3.10/site-packages'
[23.767s] Level 1:colcon.colcon_core.environment:checking '/home/ines/tiago_ws/install/pmb2_description/bin'
[23.768s] INFO:colcon.colcon_core.shell:Creating package script '/home/ines/tiago_ws/install/pmb2_description/share/pmb2_description/package.ps1'
[23.769s] INFO:colcon.colcon_core.shell:Creating package descriptor '/home/ines/tiago_ws/install/pmb2_description/share/pmb2_description/package.dsv'
[23.771s] INFO:colcon.colcon_core.shell:Creating package script '/home/ines/tiago_ws/install/pmb2_description/share/pmb2_description/package.sh'
[23.772s] INFO:colcon.colcon_core.shell:Creating package script '/home/ines/tiago_ws/install/pmb2_description/share/pmb2_description/package.bash'
[23.773s] INFO:colcon.colcon_core.shell:Creating package script '/home/ines/tiago_ws/install/pmb2_description/share/pmb2_description/package.zsh'
[23.773s] Level 1:colcon.colcon_core.environment:create_file_with_runtime_dependencies(/home/ines/tiago_ws/install/pmb2_description/share/colcon-core/packages/pmb2_description)
[23.832s] Level 1:colcon.colcon_core.environment:create_environment_scripts_only(pmb2_description)
[23.833s] Level 1:colcon.colcon_core.environment:checking '/home/ines/tiago_ws/install/pmb2_description' for CMake module files
[23.834s] Level 1:colcon.colcon_core.environment:checking '/home/ines/tiago_ws/install/pmb2_description' for CMake config files
[23.836s] Level 1:colcon.colcon_core.shell:create_environment_hook('pmb2_description', 'cmake_prefix_path')
[23.837s] INFO:colcon.colcon_core.shell:Creating environment hook '/home/ines/tiago_ws/install/pmb2_description/share/pmb2_description/hook/cmake_prefix_path.ps1'
[23.838s] INFO:colcon.colcon_core.shell:Creating environment descriptor '/home/ines/tiago_ws/install/pmb2_description/share/pmb2_description/hook/cmake_prefix_path.dsv'
[23.839s] INFO:colcon.colcon_core.shell:Creating environment hook '/home/ines/tiago_ws/install/pmb2_description/share/pmb2_description/hook/cmake_prefix_path.sh'
[23.840s] Level 1:colcon.colcon_core.environment:checking '/home/ines/tiago_ws/install/pmb2_description/bin'
[23.840s] Level 1:colcon.colcon_core.environment:checking '/home/ines/tiago_ws/install/pmb2_description/lib/pkgconfig/pmb2_description.pc'
[23.841s] Level 1:colcon.colcon_core.environment:checking '/home/ines/tiago_ws/install/pmb2_description/lib/python3.10/site-packages'
[23.842s] Level 1:colcon.colcon_core.environment:checking '/home/ines/tiago_ws/install/pmb2_description/bin'
[23.842s] INFO:colcon.colcon_core.shell:Creating package script '/home/ines/tiago_ws/install/pmb2_description/share/pmb2_description/package.ps1'
[23.843s] INFO:colcon.colcon_core.shell:Creating package descriptor '/home/ines/tiago_ws/install/pmb2_description/share/pmb2_description/package.dsv'
[23.845s] INFO:colcon.colcon_core.shell:Creating package script '/home/ines/tiago_ws/install/pmb2_description/share/pmb2_description/package.sh'
[23.845s] INFO:colcon.colcon_core.shell:Creating package script '/home/ines/tiago_ws/install/pmb2_description/share/pmb2_description/package.bash'
[23.846s] INFO:colcon.colcon_core.shell:Creating package script '/home/ines/tiago_ws/install/pmb2_description/share/pmb2_description/package.zsh'
[23.847s] Level 1:colcon.colcon_core.environment:create_file_with_runtime_dependencies(/home/ines/tiago_ws/install/pmb2_description/share/colcon-core/packages/pmb2_description)
[23.848s] INFO:colcon.colcon_ros.task.ament_cmake.build:Building ROS package in '/home/ines/tiago_ws/src/pmb2_robot/pmb2_bringup' with build type 'ament_cmake'
[23.848s] INFO:colcon.colcon_cmake.task.cmake.build:Building CMake package in '/home/ines/tiago_ws/src/pmb2_robot/pmb2_bringup'
[23.849s] INFO:colcon.colcon_core.shell:Skip shell extension 'powershell' for command environment: Not usable outside of PowerShell
[23.849s] DEBUG:colcon.colcon_core.shell:Skip shell extension 'dsv' for command environment
[23.880s] DEBUG:colcon.colcon_core.event_handler.log_command:Invoking command in '/home/ines/tiago_ws/build/pmb2_bringup': AMENT_PREFIX_PATH=/home/ines/tiago_ws/install/pmb2_description:/home/ines/tiago_ws/install/pmb2_controller_configuration:${AMENT_PREFIX_PATH} CMAKE_PREFIX_PATH=/home/ines/tiago_ws/install/pmb2_description:/home/ines/tiago_ws/install/pmb2_controller_configuration:/home/ines/tiago_ws/install/tiago_navigation:/home/ines/tiago_ws/install/tiago_laser_sensors:/home/ines/tiago_ws/install/tiago_exam_worlds:/home/ines/tiago_ws/install/tiago_exam:/home/ines/tiago_ws/install/tiago_controller_configuration:/home/ines/tiago_ws/install/tiago_2dnav:/home/ines/tiago_ws/install/pmb2_rgbd_sensors:/home/ines/tiago_ws/install/pmb2_navigation:/home/ines/tiago_ws/install/pmb2_2dnav:/home/ines/tiago_ws/install/pmb2_maps:/home/ines/tiago_ws/install/pmb2_laser_sensors:/home/ines/tiago_ws/install/pal_navigation_cfg:/home/ines/tiago_ws/install/pal_navigation_cfg_bringup:/home/ines/tiago_ws/install/pal_navigation_cfg_params:/home/ines/tiago_ws/install/multirobot_map_merge:/home/ines/tiago_ws/install/explore_lite:/home/ines/test_ws/install/my_package:/home/ines/tiago_ws/install/tiago_autonomous_navigation:/home/ines/tiago_ws/install/tiago_autonomous_exploration:/home/ines/ros2_ws/install/scripts:/home/ines/ros2_ws/install/acrobat:/opt/ros/humble PYTHONPATH=/home/ines/tiago_ws/install/pmb2_description/local/lib/python3.10/dist-packages:${PYTHONPATH} /usr/bin/cmake /home/ines/tiago_ws/src/pmb2_robot/pmb2_bringup -DAMENT_CMAKE_SYMLINK_INSTALL=1 -DCMAKE_INSTALL_PREFIX=/home/ines/tiago_ws/install/pmb2_bringup
[25.870s] DEBUG:colcon.colcon_core.event_handler.log_command:Invoked command in '/home/ines/tiago_ws/build/pmb2_bringup' returned '0': AMENT_PREFIX_PATH=/home/ines/tiago_ws/install/pmb2_description:/home/ines/tiago_ws/install/pmb2_controller_configuration:${AMENT_PREFIX_PATH} CMAKE_PREFIX_PATH=/home/ines/tiago_ws/install/pmb2_description:/home/ines/tiago_ws/install/pmb2_controller_configuration:/home/ines/tiago_ws/install/tiago_navigation:/home/ines/tiago_ws/install/tiago_laser_sensors:/home/ines/tiago_ws/install/tiago_exam_worlds:/home/ines/tiago_ws/install/tiago_exam:/home/ines/tiago_ws/install/tiago_controller_configuration:/home/ines/tiago_ws/install/tiago_2dnav:/home/ines/tiago_ws/install/pmb2_rgbd_sensors:/home/ines/tiago_ws/install/pmb2_navigation:/home/ines/tiago_ws/install/pmb2_2dnav:/home/ines/tiago_ws/install/pmb2_maps:/home/ines/tiago_ws/install/pmb2_laser_sensors:/home/ines/tiago_ws/install/pal_navigation_cfg:/home/ines/tiago_ws/install/pal_navigation_cfg_bringup:/home/ines/tiago_ws/install/pal_navigation_cfg_params:/home/ines/tiago_ws/install/multirobot_map_merge:/home/ines/tiago_ws/install/explore_lite:/home/ines/test_ws/install/my_package:/home/ines/tiago_ws/install/tiago_autonomous_navigation:/home/ines/tiago_ws/install/tiago_autonomous_exploration:/home/ines/ros2_ws/install/scripts:/home/ines/ros2_ws/install/acrobat:/opt/ros/humble PYTHONPATH=/home/ines/tiago_ws/install/pmb2_description/local/lib/python3.10/dist-packages:${PYTHONPATH} /usr/bin/cmake /home/ines/tiago_ws/src/pmb2_robot/pmb2_bringup -DAMENT_CMAKE_SYMLINK_INSTALL=1 -DCMAKE_INSTALL_PREFIX=/home/ines/tiago_ws/install/pmb2_bringup
[25.873s] DEBUG:colcon.colcon_core.event_handler.log_command:Invoking command in '/home/ines/tiago_ws/build/pmb2_bringup': AMENT_PREFIX_PATH=/home/ines/tiago_ws/install/pmb2_description:/home/ines/tiago_ws/install/pmb2_controller_configuration:${AMENT_PREFIX_PATH} CMAKE_PREFIX_PATH=/home/ines/tiago_ws/install/pmb2_description:/home/ines/tiago_ws/install/pmb2_controller_configuration:/home/ines/tiago_ws/install/tiago_navigation:/home/ines/tiago_ws/install/tiago_laser_sensors:/home/ines/tiago_ws/install/tiago_exam_worlds:/home/ines/tiago_ws/install/tiago_exam:/home/ines/tiago_ws/install/tiago_controller_configuration:/home/ines/tiago_ws/install/tiago_2dnav:/home/ines/tiago_ws/install/pmb2_rgbd_sensors:/home/ines/tiago_ws/install/pmb2_navigation:/home/ines/tiago_ws/install/pmb2_2dnav:/home/ines/tiago_ws/install/pmb2_maps:/home/ines/tiago_ws/install/pmb2_laser_sensors:/home/ines/tiago_ws/install/pal_navigation_cfg:/home/ines/tiago_ws/install/pal_navigation_cfg_bringup:/home/ines/tiago_ws/install/pal_navigation_cfg_params:/home/ines/tiago_ws/install/multirobot_map_merge:/home/ines/tiago_ws/install/explore_lite:/home/ines/test_ws/install/my_package:/home/ines/tiago_ws/install/tiago_autonomous_navigation:/home/ines/tiago_ws/install/tiago_autonomous_exploration:/home/ines/ros2_ws/install/scripts:/home/ines/ros2_ws/install/acrobat:/opt/ros/humble PYTHONPATH=/home/ines/tiago_ws/install/pmb2_description/local/lib/python3.10/dist-packages:${PYTHONPATH} /usr/bin/cmake --build /home/ines/tiago_ws/build/pmb2_bringup -- -j8 -l8
[25.957s] DEBUG:colcon.colcon_core.event_handler.log_command:Invoked command in '/home/ines/tiago_ws/build/pmb2_bringup' returned '0': AMENT_PREFIX_PATH=/home/ines/tiago_ws/install/pmb2_description:/home/ines/tiago_ws/install/pmb2_controller_configuration:${AMENT_PREFIX_PATH} CMAKE_PREFIX_PATH=/home/ines/tiago_ws/install/pmb2_description:/home/ines/tiago_ws/install/pmb2_controller_configuration:/home/ines/tiago_ws/install/tiago_navigation:/home/ines/tiago_ws/install/tiago_laser_sensors:/home/ines/tiago_ws/install/tiago_exam_worlds:/home/ines/tiago_ws/install/tiago_exam:/home/ines/tiago_ws/install/tiago_controller_configuration:/home/ines/tiago_ws/install/tiago_2dnav:/home/ines/tiago_ws/install/pmb2_rgbd_sensors:/home/ines/tiago_ws/install/pmb2_navigation:/home/ines/tiago_ws/install/pmb2_2dnav:/home/ines/tiago_ws/install/pmb2_maps:/home/ines/tiago_ws/install/pmb2_laser_sensors:/home/ines/tiago_ws/install/pal_navigation_cfg:/home/ines/tiago_ws/install/pal_navigation_cfg_bringup:/home/ines/tiago_ws/install/pal_navigation_cfg_params:/home/ines/tiago_ws/install/multirobot_map_merge:/home/ines/tiago_ws/install/explore_lite:/home/ines/test_ws/install/my_package:/home/ines/tiago_ws/install/tiago_autonomous_navigation:/home/ines/tiago_ws/install/tiago_autonomous_exploration:/home/ines/ros2_ws/install/scripts:/home/ines/ros2_ws/install/acrobat:/opt/ros/humble PYTHONPATH=/home/ines/tiago_ws/install/pmb2_description/local/lib/python3.10/dist-packages:${PYTHONPATH} /usr/bin/cmake --build /home/ines/tiago_ws/build/pmb2_bringup -- -j8 -l8
[26.012s] DEBUG:colcon.colcon_core.event_handler.log_command:Invoking command in '/home/ines/tiago_ws/build/pmb2_bringup': AMENT_PREFIX_PATH=/home/ines/tiago_ws/install/pmb2_description:/home/ines/tiago_ws/install/pmb2_controller_configuration:${AMENT_PREFIX_PATH} CMAKE_PREFIX_PATH=/home/ines/tiago_ws/install/pmb2_description:/home/ines/tiago_ws/install/pmb2_controller_configuration:/home/ines/tiago_ws/install/tiago_navigation:/home/ines/tiago_ws/install/tiago_laser_sensors:/home/ines/tiago_ws/install/tiago_exam_worlds:/home/ines/tiago_ws/install/tiago_exam:/home/ines/tiago_ws/install/tiago_controller_configuration:/home/ines/tiago_ws/install/tiago_2dnav:/home/ines/tiago_ws/install/pmb2_rgbd_sensors:/home/ines/tiago_ws/install/pmb2_navigation:/home/ines/tiago_ws/install/pmb2_2dnav:/home/ines/tiago_ws/install/pmb2_maps:/home/ines/tiago_ws/install/pmb2_laser_sensors:/home/ines/tiago_ws/install/pal_navigation_cfg:/home/ines/tiago_ws/install/pal_navigation_cfg_bringup:/home/ines/tiago_ws/install/pal_navigation_cfg_params:/home/ines/tiago_ws/install/multirobot_map_merge:/home/ines/tiago_ws/install/explore_lite:/home/ines/test_ws/install/my_package:/home/ines/tiago_ws/install/tiago_autonomous_navigation:/home/ines/tiago_ws/install/tiago_autonomous_exploration:/home/ines/ros2_ws/install/scripts:/home/ines/ros2_ws/install/acrobat:/opt/ros/humble PYTHONPATH=/home/ines/tiago_ws/install/pmb2_description/local/lib/python3.10/dist-packages:${PYTHONPATH} /usr/bin/cmake --install /home/ines/tiago_ws/build/pmb2_bringup
[26.526s] Level 1:colcon.colcon_core.environment:create_environment_scripts_only(pmb2_bringup)
[26.527s] Level 1:colcon.colcon_core.environment:checking '/home/ines/tiago_ws/install/pmb2_bringup' for CMake module files
[26.528s] DEBUG:colcon.colcon_core.event_handler.log_command:Invoked command in '/home/ines/tiago_ws/build/pmb2_bringup' returned '0': AMENT_PREFIX_PATH=/home/ines/tiago_ws/install/pmb2_description:/home/ines/tiago_ws/install/pmb2_controller_configuration:${AMENT_PREFIX_PATH} CMAKE_PREFIX_PATH=/home/ines/tiago_ws/install/pmb2_description:/home/ines/tiago_ws/install/pmb2_controller_configuration:/home/ines/tiago_ws/install/tiago_navigation:/home/ines/tiago_ws/install/tiago_laser_sensors:/home/ines/tiago_ws/install/tiago_exam_worlds:/home/ines/tiago_ws/install/tiago_exam:/home/ines/tiago_ws/install/tiago_controller_configuration:/home/ines/tiago_ws/install/tiago_2dnav:/home/ines/tiago_ws/install/pmb2_rgbd_sensors:/home/ines/tiago_ws/install/pmb2_navigation:/home/ines/tiago_ws/install/pmb2_2dnav:/home/ines/tiago_ws/install/pmb2_maps:/home/ines/tiago_ws/install/pmb2_laser_sensors:/home/ines/tiago_ws/install/pal_navigation_cfg:/home/ines/tiago_ws/install/pal_navigation_cfg_bringup:/home/ines/tiago_ws/install/pal_navigation_cfg_params:/home/ines/tiago_ws/install/multirobot_map_merge:/home/ines/tiago_ws/install/explore_lite:/home/ines/test_ws/install/my_package:/home/ines/tiago_ws/install/tiago_autonomous_navigation:/home/ines/tiago_ws/install/tiago_autonomous_exploration:/home/ines/ros2_ws/install/scripts:/home/ines/ros2_ws/install/acrobat:/opt/ros/humble PYTHONPATH=/home/ines/tiago_ws/install/pmb2_description/local/lib/python3.10/dist-packages:${PYTHONPATH} /usr/bin/cmake --install /home/ines/tiago_ws/build/pmb2_bringup
[26.529s] Level 1:colcon.colcon_core.environment:checking '/home/ines/tiago_ws/install/pmb2_bringup' for CMake config files
[26.529s] Level 1:colcon.colcon_core.shell:create_environment_hook('pmb2_bringup', 'cmake_prefix_path')
[26.530s] INFO:colcon.colcon_core.shell:Creating environment hook '/home/ines/tiago_ws/install/pmb2_bringup/share/pmb2_bringup/hook/cmake_prefix_path.ps1'
[26.531s] INFO:colcon.colcon_core.shell:Creating environment descriptor '/home/ines/tiago_ws/install/pmb2_bringup/share/pmb2_bringup/hook/cmake_prefix_path.dsv'
[26.532s] INFO:colcon.colcon_core.shell:Creating environment hook '/home/ines/tiago_ws/install/pmb2_bringup/share/pmb2_bringup/hook/cmake_prefix_path.sh'
[26.533s] Level 1:colcon.colcon_core.environment:checking '/home/ines/tiago_ws/install/pmb2_bringup/bin'
[26.533s] Level 1:colcon.colcon_core.environment:checking '/home/ines/tiago_ws/install/pmb2_bringup/lib/pkgconfig/pmb2_bringup.pc'
[26.534s] Level 1:colcon.colcon_core.environment:checking '/home/ines/tiago_ws/install/pmb2_bringup/lib/python3.10/site-packages'
[26.534s] Level 1:colcon.colcon_core.environment:checking '/home/ines/tiago_ws/install/pmb2_bringup/bin'
[26.535s] INFO:colcon.colcon_core.shell:Creating package script '/home/ines/tiago_ws/install/pmb2_bringup/share/pmb2_bringup/package.ps1'
[26.536s] INFO:colcon.colcon_core.shell:Creating package descriptor '/home/ines/tiago_ws/install/pmb2_bringup/share/pmb2_bringup/package.dsv'
[26.537s] INFO:colcon.colcon_core.shell:Creating package script '/home/ines/tiago_ws/install/pmb2_bringup/share/pmb2_bringup/package.sh'
[26.538s] INFO:colcon.colcon_core.shell:Creating package script '/home/ines/tiago_ws/install/pmb2_bringup/share/pmb2_bringup/package.bash'
[26.539s] INFO:colcon.colcon_core.shell:Creating package script '/home/ines/tiago_ws/install/pmb2_bringup/share/pmb2_bringup/package.zsh'
[26.540s] Level 1:colcon.colcon_core.environment:create_file_with_runtime_dependencies(/home/ines/tiago_ws/install/pmb2_bringup/share/colcon-core/packages/pmb2_bringup)
[26.592s] Level 1:colcon.colcon_core.environment:create_environment_scripts_only(pmb2_bringup)
[26.592s] Level 1:colcon.colcon_core.environment:checking '/home/ines/tiago_ws/install/pmb2_bringup' for CMake module files
[26.594s] Level 1:colcon.colcon_core.environment:checking '/home/ines/tiago_ws/install/pmb2_bringup' for CMake config files
[26.594s] Level 1:colcon.colcon_core.shell:create_environment_hook('pmb2_bringup', 'cmake_prefix_path')
[26.595s] INFO:colcon.colcon_core.shell:Creating environment hook '/home/ines/tiago_ws/install/pmb2_bringup/share/pmb2_bringup/hook/cmake_prefix_path.ps1'
[26.596s] INFO:colcon.colcon_core.shell:Creating environment descriptor '/home/ines/tiago_ws/install/pmb2_bringup/share/pmb2_bringup/hook/cmake_prefix_path.dsv'
[26.597s] INFO:colcon.colcon_core.shell:Creating environment hook '/home/ines/tiago_ws/install/pmb2_bringup/share/pmb2_bringup/hook/cmake_prefix_path.sh'
[26.598s] Level 1:colcon.colcon_core.environment:checking '/home/ines/tiago_ws/install/pmb2_bringup/bin'
[26.598s] Level 1:colcon.colcon_core.environment:checking '/home/ines/tiago_ws/install/pmb2_bringup/lib/pkgconfig/pmb2_bringup.pc'
[26.599s] Level 1:colcon.colcon_core.environment:checking '/home/ines/tiago_ws/install/pmb2_bringup/lib/python3.10/site-packages'
[26.599s] Level 1:colcon.colcon_core.environment:checking '/home/ines/tiago_ws/install/pmb2_bringup/bin'
[26.600s] INFO:colcon.colcon_core.shell:Creating package script '/home/ines/tiago_ws/install/pmb2_bringup/share/pmb2_bringup/package.ps1'
[26.601s] INFO:colcon.colcon_core.shell:Creating package descriptor '/home/ines/tiago_ws/install/pmb2_bringup/share/pmb2_bringup/package.dsv'
[26.602s] INFO:colcon.colcon_core.shell:Creating package script '/home/ines/tiago_ws/install/pmb2_bringup/share/pmb2_bringup/package.sh'
[26.603s] INFO:colcon.colcon_core.shell:Creating package script '/home/ines/tiago_ws/install/pmb2_bringup/share/pmb2_bringup/package.bash'
[26.604s] INFO:colcon.colcon_core.shell:Creating package script '/home/ines/tiago_ws/install/pmb2_bringup/share/pmb2_bringup/package.zsh'
[26.605s] Level 1:colcon.colcon_core.environment:create_file_with_runtime_dependencies(/home/ines/tiago_ws/install/pmb2_bringup/share/colcon-core/packages/pmb2_bringup)
[26.606s] INFO:colcon.colcon_ros.task.ament_cmake.build:Building ROS package in '/home/ines/tiago_ws/src/pmb2_robot/pmb2_robot' with build type 'ament_cmake'
[26.606s] INFO:colcon.colcon_cmake.task.cmake.build:Building CMake package in '/home/ines/tiago_ws/src/pmb2_robot/pmb2_robot'
[26.607s] INFO:colcon.colcon_core.shell:Skip shell extension 'powershell' for command environment: Not usable outside of PowerShell
[26.607s] DEBUG:colcon.colcon_core.shell:Skip shell extension 'dsv' for command environment
[26.641s] DEBUG:colcon.colcon_core.event_handler.log_command:Invoking command in '/home/ines/tiago_ws/build/pmb2_robot': AMENT_PREFIX_PATH=/home/ines/tiago_ws/install/pmb2_bringup:/home/ines/tiago_ws/install/pmb2_description:/home/ines/tiago_ws/install/pmb2_controller_configuration:${AMENT_PREFIX_PATH} CMAKE_PREFIX_PATH=/home/ines/tiago_ws/install/pmb2_bringup:/home/ines/tiago_ws/install/pmb2_description:/home/ines/tiago_ws/install/pmb2_controller_configuration:/home/ines/tiago_ws/install/tiago_navigation:/home/ines/tiago_ws/install/tiago_laser_sensors:/home/ines/tiago_ws/install/tiago_exam_worlds:/home/ines/tiago_ws/install/tiago_exam:/home/ines/tiago_ws/install/tiago_controller_configuration:/home/ines/tiago_ws/install/tiago_2dnav:/home/ines/tiago_ws/install/pmb2_rgbd_sensors:/home/ines/tiago_ws/install/pmb2_navigation:/home/ines/tiago_ws/install/pmb2_2dnav:/home/ines/tiago_ws/install/pmb2_maps:/home/ines/tiago_ws/install/pmb2_laser_sensors:/home/ines/tiago_ws/install/pal_navigation_cfg:/home/ines/tiago_ws/install/pal_navigation_cfg_bringup:/home/ines/tiago_ws/install/pal_navigation_cfg_params:/home/ines/tiago_ws/install/multirobot_map_merge:/home/ines/tiago_ws/install/explore_lite:/home/ines/test_ws/install/my_package:/home/ines/tiago_ws/install/tiago_autonomous_navigation:/home/ines/tiago_ws/install/tiago_autonomous_exploration:/home/ines/ros2_ws/install/scripts:/home/ines/ros2_ws/install/acrobat:/opt/ros/humble PYTHONPATH=/home/ines/tiago_ws/install/pmb2_description/local/lib/python3.10/dist-packages:${PYTHONPATH} /usr/bin/cmake /home/ines/tiago_ws/src/pmb2_robot/pmb2_robot -DAMENT_CMAKE_SYMLINK_INSTALL=1 -DCMAKE_INSTALL_PREFIX=/home/ines/tiago_ws/install/pmb2_robot
[28.239s] DEBUG:colcon.colcon_core.event_handler.log_command:Invoked command in '/home/ines/tiago_ws/build/pmb2_robot' returned '0': AMENT_PREFIX_PATH=/home/ines/tiago_ws/install/pmb2_bringup:/home/ines/tiago_ws/install/pmb2_description:/home/ines/tiago_ws/install/pmb2_controller_configuration:${AMENT_PREFIX_PATH} CMAKE_PREFIX_PATH=/home/ines/tiago_ws/install/pmb2_bringup:/home/ines/tiago_ws/install/pmb2_description:/home/ines/tiago_ws/install/pmb2_controller_configuration:/home/ines/tiago_ws/install/tiago_navigation:/home/ines/tiago_ws/install/tiago_laser_sensors:/home/ines/tiago_ws/install/tiago_exam_worlds:/home/ines/tiago_ws/install/tiago_exam:/home/ines/tiago_ws/install/tiago_controller_configuration:/home/ines/tiago_ws/install/tiago_2dnav:/home/ines/tiago_ws/install/pmb2_rgbd_sensors:/home/ines/tiago_ws/install/pmb2_navigation:/home/ines/tiago_ws/install/pmb2_2dnav:/home/ines/tiago_ws/install/pmb2_maps:/home/ines/tiago_ws/install/pmb2_laser_sensors:/home/ines/tiago_ws/install/pal_navigation_cfg:/home/ines/tiago_ws/install/pal_navigation_cfg_bringup:/home/ines/tiago_ws/install/pal_navigation_cfg_params:/home/ines/tiago_ws/install/multirobot_map_merge:/home/ines/tiago_ws/install/explore_lite:/home/ines/test_ws/install/my_package:/home/ines/tiago_ws/install/tiago_autonomous_navigation:/home/ines/tiago_ws/install/tiago_autonomous_exploration:/home/ines/ros2_ws/install/scripts:/home/ines/ros2_ws/install/acrobat:/opt/ros/humble PYTHONPATH=/home/ines/tiago_ws/install/pmb2_description/local/lib/python3.10/dist-packages:${PYTHONPATH} /usr/bin/cmake /home/ines/tiago_ws/src/pmb2_robot/pmb2_robot -DAMENT_CMAKE_SYMLINK_INSTALL=1 -DCMAKE_INSTALL_PREFIX=/home/ines/tiago_ws/install/pmb2_robot
[28.244s] DEBUG:colcon.colcon_core.event_handler.log_command:Invoking command in '/home/ines/tiago_ws/build/pmb2_robot': AMENT_PREFIX_PATH=/home/ines/tiago_ws/install/pmb2_bringup:/home/ines/tiago_ws/install/pmb2_description:/home/ines/tiago_ws/install/pmb2_controller_configuration:${AMENT_PREFIX_PATH} CMAKE_PREFIX_PATH=/home/ines/tiago_ws/install/pmb2_bringup:/home/ines/tiago_ws/install/pmb2_description:/home/ines/tiago_ws/install/pmb2_controller_configuration:/home/ines/tiago_ws/install/tiago_navigation:/home/ines/tiago_ws/install/tiago_laser_sensors:/home/ines/tiago_ws/install/tiago_exam_worlds:/home/ines/tiago_ws/install/tiago_exam:/home/ines/tiago_ws/install/tiago_controller_configuration:/home/ines/tiago_ws/install/tiago_2dnav:/home/ines/tiago_ws/install/pmb2_rgbd_sensors:/home/ines/tiago_ws/install/pmb2_navigation:/home/ines/tiago_ws/install/pmb2_2dnav:/home/ines/tiago_ws/install/pmb2_maps:/home/ines/tiago_ws/install/pmb2_laser_sensors:/home/ines/tiago_ws/install/pal_navigation_cfg:/home/ines/tiago_ws/install/pal_navigation_cfg_bringup:/home/ines/tiago_ws/install/pal_navigation_cfg_params:/home/ines/tiago_ws/install/multirobot_map_merge:/home/ines/tiago_ws/install/explore_lite:/home/ines/test_ws/install/my_package:/home/ines/tiago_ws/install/tiago_autonomous_navigation:/home/ines/tiago_ws/install/tiago_autonomous_exploration:/home/ines/ros2_ws/install/scripts:/home/ines/ros2_ws/install/acrobat:/opt/ros/humble PYTHONPATH=/home/ines/tiago_ws/install/pmb2_description/local/lib/python3.10/dist-packages:${PYTHONPATH} /usr/bin/cmake --build /home/ines/tiago_ws/build/pmb2_robot -- -j8 -l8
[28.344s] DEBUG:colcon.colcon_core.event_handler.log_command:Invoked command in '/home/ines/tiago_ws/build/pmb2_robot' returned '0': AMENT_PREFIX_PATH=/home/ines/tiago_ws/install/pmb2_bringup:/home/ines/tiago_ws/install/pmb2_description:/home/ines/tiago_ws/install/pmb2_controller_configuration:${AMENT_PREFIX_PATH} CMAKE_PREFIX_PATH=/home/ines/tiago_ws/install/pmb2_bringup:/home/ines/tiago_ws/install/pmb2_description:/home/ines/tiago_ws/install/pmb2_controller_configuration:/home/ines/tiago_ws/install/tiago_navigation:/home/ines/tiago_ws/install/tiago_laser_sensors:/home/ines/tiago_ws/install/tiago_exam_worlds:/home/ines/tiago_ws/install/tiago_exam:/home/ines/tiago_ws/install/tiago_controller_configuration:/home/ines/tiago_ws/install/tiago_2dnav:/home/ines/tiago_ws/install/pmb2_rgbd_sensors:/home/ines/tiago_ws/install/pmb2_navigation:/home/ines/tiago_ws/install/pmb2_2dnav:/home/ines/tiago_ws/install/pmb2_maps:/home/ines/tiago_ws/install/pmb2_laser_sensors:/home/ines/tiago_ws/install/pal_navigation_cfg:/home/ines/tiago_ws/install/pal_navigation_cfg_bringup:/home/ines/tiago_ws/install/pal_navigation_cfg_params:/home/ines/tiago_ws/install/multirobot_map_merge:/home/ines/tiago_ws/install/explore_lite:/home/ines/test_ws/install/my_package:/home/ines/tiago_ws/install/tiago_autonomous_navigation:/home/ines/tiago_ws/install/tiago_autonomous_exploration:/home/ines/ros2_ws/install/scripts:/home/ines/ros2_ws/install/acrobat:/opt/ros/humble PYTHONPATH=/home/ines/tiago_ws/install/pmb2_description/local/lib/python3.10/dist-packages:${PYTHONPATH} /usr/bin/cmake --build /home/ines/tiago_ws/build/pmb2_robot -- -j8 -l8
[28.405s] DEBUG:colcon.colcon_core.event_handler.log_command:Invoking command in '/home/ines/tiago_ws/build/pmb2_robot': AMENT_PREFIX_PATH=/home/ines/tiago_ws/install/pmb2_bringup:/home/ines/tiago_ws/install/pmb2_description:/home/ines/tiago_ws/install/pmb2_controller_configuration:${AMENT_PREFIX_PATH} CMAKE_PREFIX_PATH=/home/ines/tiago_ws/install/pmb2_bringup:/home/ines/tiago_ws/install/pmb2_description:/home/ines/tiago_ws/install/pmb2_controller_configuration:/home/ines/tiago_ws/install/tiago_navigation:/home/ines/tiago_ws/install/tiago_laser_sensors:/home/ines/tiago_ws/install/tiago_exam_worlds:/home/ines/tiago_ws/install/tiago_exam:/home/ines/tiago_ws/install/tiago_controller_configuration:/home/ines/tiago_ws/install/tiago_2dnav:/home/ines/tiago_ws/install/pmb2_rgbd_sensors:/home/ines/tiago_ws/install/pmb2_navigation:/home/ines/tiago_ws/install/pmb2_2dnav:/home/ines/tiago_ws/install/pmb2_maps:/home/ines/tiago_ws/install/pmb2_laser_sensors:/home/ines/tiago_ws/install/pal_navigation_cfg:/home/ines/tiago_ws/install/pal_navigation_cfg_bringup:/home/ines/tiago_ws/install/pal_navigation_cfg_params:/home/ines/tiago_ws/install/multirobot_map_merge:/home/ines/tiago_ws/install/explore_lite:/home/ines/test_ws/install/my_package:/home/ines/tiago_ws/install/tiago_autonomous_navigation:/home/ines/tiago_ws/install/tiago_autonomous_exploration:/home/ines/ros2_ws/install/scripts:/home/ines/ros2_ws/install/acrobat:/opt/ros/humble PYTHONPATH=/home/ines/tiago_ws/install/pmb2_description/local/lib/python3.10/dist-packages:${PYTHONPATH} /usr/bin/cmake --install /home/ines/tiago_ws/build/pmb2_robot
[28.817s] Level 1:colcon.colcon_core.environment:create_environment_scripts_only(pmb2_robot)
[28.818s] Level 1:colcon.colcon_core.environment:checking '/home/ines/tiago_ws/install/pmb2_robot' for CMake module files
[28.820s] DEBUG:colcon.colcon_core.event_handler.log_command:Invoked command in '/home/ines/tiago_ws/build/pmb2_robot' returned '0': AMENT_PREFIX_PATH=/home/ines/tiago_ws/install/pmb2_bringup:/home/ines/tiago_ws/install/pmb2_description:/home/ines/tiago_ws/install/pmb2_controller_configuration:${AMENT_PREFIX_PATH} CMAKE_PREFIX_PATH=/home/ines/tiago_ws/install/pmb2_bringup:/home/ines/tiago_ws/install/pmb2_description:/home/ines/tiago_ws/install/pmb2_controller_configuration:/home/ines/tiago_ws/install/tiago_navigation:/home/ines/tiago_ws/install/tiago_laser_sensors:/home/ines/tiago_ws/install/tiago_exam_worlds:/home/ines/tiago_ws/install/tiago_exam:/home/ines/tiago_ws/install/tiago_controller_configuration:/home/ines/tiago_ws/install/tiago_2dnav:/home/ines/tiago_ws/install/pmb2_rgbd_sensors:/home/ines/tiago_ws/install/pmb2_navigation:/home/ines/tiago_ws/install/pmb2_2dnav:/home/ines/tiago_ws/install/pmb2_maps:/home/ines/tiago_ws/install/pmb2_laser_sensors:/home/ines/tiago_ws/install/pal_navigation_cfg:/home/ines/tiago_ws/install/pal_navigation_cfg_bringup:/home/ines/tiago_ws/install/pal_navigation_cfg_params:/home/ines/tiago_ws/install/multirobot_map_merge:/home/ines/tiago_ws/install/explore_lite:/home/ines/test_ws/install/my_package:/home/ines/tiago_ws/install/tiago_autonomous_navigation:/home/ines/tiago_ws/install/tiago_autonomous_exploration:/home/ines/ros2_ws/install/scripts:/home/ines/ros2_ws/install/acrobat:/opt/ros/humble PYTHONPATH=/home/ines/tiago_ws/install/pmb2_description/local/lib/python3.10/dist-packages:${PYTHONPATH} /usr/bin/cmake --install /home/ines/tiago_ws/build/pmb2_robot
[28.821s] Level 1:colcon.colcon_core.environment:checking '/home/ines/tiago_ws/install/pmb2_robot' for CMake config files
[28.822s] Level 1:colcon.colcon_core.shell:create_environment_hook('pmb2_robot', 'cmake_prefix_path')
[28.822s] INFO:colcon.colcon_core.shell:Creating environment hook '/home/ines/tiago_ws/install/pmb2_robot/share/pmb2_robot/hook/cmake_prefix_path.ps1'
[28.823s] INFO:colcon.colcon_core.shell:Creating environment descriptor '/home/ines/tiago_ws/install/pmb2_robot/share/pmb2_robot/hook/cmake_prefix_path.dsv'
[28.824s] INFO:colcon.colcon_core.shell:Creating environment hook '/home/ines/tiago_ws/install/pmb2_robot/share/pmb2_robot/hook/cmake_prefix_path.sh'
[28.826s] Level 1:colcon.colcon_core.environment:checking '/home/ines/tiago_ws/install/pmb2_robot/bin'
[28.826s] Level 1:colcon.colcon_core.environment:checking '/home/ines/tiago_ws/install/pmb2_robot/lib/pkgconfig/pmb2_robot.pc'
[28.827s] Level 1:colcon.colcon_core.environment:checking '/home/ines/tiago_ws/install/pmb2_robot/lib/python3.10/site-packages'
[28.827s] Level 1:colcon.colcon_core.environment:checking '/home/ines/tiago_ws/install/pmb2_robot/bin'
[28.828s] INFO:colcon.colcon_core.shell:Creating package script '/home/ines/tiago_ws/install/pmb2_robot/share/pmb2_robot/package.ps1'
[28.829s] INFO:colcon.colcon_core.shell:Creating package descriptor '/home/ines/tiago_ws/install/pmb2_robot/share/pmb2_robot/package.dsv'
[28.829s] INFO:colcon.colcon_core.shell:Creating package script '/home/ines/tiago_ws/install/pmb2_robot/share/pmb2_robot/package.sh'
[28.830s] INFO:colcon.colcon_core.shell:Creating package script '/home/ines/tiago_ws/install/pmb2_robot/share/pmb2_robot/package.bash'
[28.831s] INFO:colcon.colcon_core.shell:Creating package script '/home/ines/tiago_ws/install/pmb2_robot/share/pmb2_robot/package.zsh'
[28.832s] Level 1:colcon.colcon_core.environment:create_file_with_runtime_dependencies(/home/ines/tiago_ws/install/pmb2_robot/share/colcon-core/packages/pmb2_robot)
[28.886s] Level 1:colcon.colcon_core.environment:create_environment_scripts_only(pmb2_robot)
[28.887s] Level 1:colcon.colcon_core.environment:checking '/home/ines/tiago_ws/install/pmb2_robot' for CMake module files
[28.888s] Level 1:colcon.colcon_core.environment:checking '/home/ines/tiago_ws/install/pmb2_robot' for CMake config files
[28.889s] Level 1:colcon.colcon_core.shell:create_environment_hook('pmb2_robot', 'cmake_prefix_path')
[28.889s] INFO:colcon.colcon_core.shell:Creating environment hook '/home/ines/tiago_ws/install/pmb2_robot/share/pmb2_robot/hook/cmake_prefix_path.ps1'
[28.890s] INFO:colcon.colcon_core.shell:Creating environment descriptor '/home/ines/tiago_ws/install/pmb2_robot/share/pmb2_robot/hook/cmake_prefix_path.dsv'
[28.891s] INFO:colcon.colcon_core.shell:Creating environment hook '/home/ines/tiago_ws/install/pmb2_robot/share/pmb2_robot/hook/cmake_prefix_path.sh'
[28.892s] Level 1:colcon.colcon_core.environment:checking '/home/ines/tiago_ws/install/pmb2_robot/bin'
[28.892s] Level 1:colcon.colcon_core.environment:checking '/home/ines/tiago_ws/install/pmb2_robot/lib/pkgconfig/pmb2_robot.pc'
[28.893s] Level 1:colcon.colcon_core.environment:checking '/home/ines/tiago_ws/install/pmb2_robot/lib/python3.10/site-packages'
[28.893s] Level 1:colcon.colcon_core.environment:checking '/home/ines/tiago_ws/install/pmb2_robot/bin'
[28.894s] INFO:colcon.colcon_core.shell:Creating package script '/home/ines/tiago_ws/install/pmb2_robot/share/pmb2_robot/package.ps1'
[28.905s] INFO:colcon.colcon_core.shell:Creating package descriptor '/home/ines/tiago_ws/install/pmb2_robot/share/pmb2_robot/package.dsv'
[28.947s] INFO:colcon.colcon_core.shell:Creating package script '/home/ines/tiago_ws/install/pmb2_robot/share/pmb2_robot/package.sh'
[28.965s] INFO:colcon.colcon_core.shell:Creating package script '/home/ines/tiago_ws/install/pmb2_robot/share/pmb2_robot/package.bash'
[28.974s] INFO:colcon.colcon_core.shell:Creating package script '/home/ines/tiago_ws/install/pmb2_robot/share/pmb2_robot/package.zsh'
[28.987s] Level 1:colcon.colcon_core.environment:create_file_with_runtime_dependencies(/home/ines/tiago_ws/install/pmb2_robot/share/colcon-core/packages/pmb2_robot)
[28.995s] DEBUG:colcon.colcon_parallel_executor.executor.parallel:closing loop
[28.996s] DEBUG:colcon.colcon_parallel_executor.executor.parallel:loop closed
[28.997s] DEBUG:colcon.colcon_parallel_executor.executor.parallel:run_until_complete finished with '0'
[28.997s] DEBUG:colcon.colcon_core.event_reactor:joining thread
[29.242s] INFO:colcon.colcon_core.plugin_system:Skipping extension 'colcon_notification.desktop_notification.terminal_notifier': Not used on non-Darwin systems
[29.242s] INFO:colcon.colcon_core.plugin_system:Skipping extension 'colcon_notification.desktop_notification.win32': Not used on non-Windows systems
[29.243s] INFO:colcon.colcon_notification.desktop_notification:Sending desktop notification using 'notify2'
[29.270s] DEBUG:colcon.colcon_core.event_reactor:joined thread
[29.271s] INFO:colcon.colcon_core.shell:Creating prefix script '/home/ines/tiago_ws/install/local_setup.ps1'
[29.308s] INFO:colcon.colcon_core.shell:Creating prefix util module '/home/ines/tiago_ws/install/_local_setup_util_ps1.py'
[29.328s] INFO:colcon.colcon_core.shell:Creating prefix chain script '/home/ines/tiago_ws/install/setup.ps1'
[29.334s] INFO:colcon.colcon_core.shell:Creating prefix script '/home/ines/tiago_ws/install/local_setup.sh'
[29.336s] INFO:colcon.colcon_core.shell:Creating prefix util module '/home/ines/tiago_ws/install/_local_setup_util_sh.py'
[29.338s] INFO:colcon.colcon_core.shell:Creating prefix chain script '/home/ines/tiago_ws/install/setup.sh'
[29.343s] INFO:colcon.colcon_core.shell:Creating prefix script '/home/ines/tiago_ws/install/local_setup.bash'
[29.401s] INFO:colcon.colcon_core.shell:Creating prefix chain script '/home/ines/tiago_ws/install/setup.bash'
[29.407s] INFO:colcon.colcon_core.shell:Creating prefix script '/home/ines/tiago_ws/install/local_setup.zsh'
[29.417s] INFO:colcon.colcon_core.shell:Creating prefix chain script '/home/ines/tiago_ws/install/setup.zsh'
