[0.214s] DEBUG:colcon:Command line arguments: ['/usr/bin/colcon', 'build', '--symlink-install']
[0.214s] DEBUG:colcon:Parsed command line arguments: Namespace(log_base=None, log_level=None, verb_name='build', build_base='build', install_base='install', merge_install=False, symlink_install=True, test_result_base=None, continue_on_error=False, executor='parallel', parallel_workers=8, event_handlers=None, ignore_user_meta=False, metas=['./colcon.meta'], base_paths=['.'], packages_ignore=None, packages_ignore_regex=None, paths=None, packages_up_to=None, packages_up_to_regex=None, packages_above=None, packages_above_and_dependencies=None, packages_above_depth=None, packages_select_by_dep=None, packages_skip_by_dep=None, packages_skip_up_to=None, packages_select_build_failed=False, packages_skip_build_finished=False, packages_select_test_failures=False, packages_skip_test_passed=False, packages_select=None, packages_skip=None, packages_select_regex=None, packages_skip_regex=None, packages_start=None, packages_end=None, allow_overriding=[], cmake_args=None, cmake_target=None, cmake_target_skip_unavailable=False, cmake_clean_cache=False, cmake_clean_first=False, cmake_force_configure=False, ament_cmake_args=None, catkin_cmake_args=None, catkin_skip_building_tests=False, verb_parser=<colcon_defaults.argument_parser.defaults.DefaultArgumentsDecorator object at 0x77c056f832e0>, verb_extension=<colcon_core.verb.build.BuildVerb object at 0x77c057096ad0>, main=<bound method BuildVerb.main of <colcon_core.verb.build.BuildVerb object at 0x77c057096ad0>>)
[0.532s] Level 1:colcon.colcon_core.package_discovery:discover_packages(colcon_meta) check parameters
[0.532s] Level 1:colcon.colcon_core.package_discovery:discover_packages(recursive) check parameters
[0.532s] Level 1:colcon.colcon_core.package_discovery:discover_packages(ignore) check parameters
[0.532s] Level 1:colcon.colcon_core.package_discovery:discover_packages(path) check parameters
[0.532s] Level 1:colcon.colcon_core.package_discovery:discover_packages(colcon_meta) discover
[0.532s] Level 1:colcon.colcon_core.package_discovery:discover_packages(recursive) discover
[0.532s] INFO:colcon.colcon_core.package_discovery:Crawling recursively for packages in '/home/ines/tiago_ws'
[0.532s] Level 1:colcon.colcon_core.package_identification:_identify(.) by extensions ['ignore', 'ignore_ament_install']
[0.532s] Level 1:colcon.colcon_core.package_identification:_identify(.) by extension 'ignore'
[0.533s] Level 1:colcon.colcon_core.package_identification:_identify(.) by extension 'ignore_ament_install'
[0.533s] Level 1:colcon.colcon_core.package_identification:_identify(.) by extensions ['colcon_pkg']
[0.533s] Level 1:colcon.colcon_core.package_identification:_identify(.) by extension 'colcon_pkg'
[0.533s] Level 1:colcon.colcon_core.package_identification:_identify(.) by extensions ['colcon_meta']
[0.533s] Level 1:colcon.colcon_core.package_identification:_identify(.) by extension 'colcon_meta'
[0.533s] Level 1:colcon.colcon_core.package_identification:_identify(.) by extensions ['ros']
[0.533s] Level 1:colcon.colcon_core.package_identification:_identify(.) by extension 'ros'
[0.564s] Level 1:colcon.colcon_core.package_identification:_identify(.) by extensions ['cmake', 'python']
[0.564s] Level 1:colcon.colcon_core.package_identification:_identify(.) by extension 'cmake'
[0.564s] Level 1:colcon.colcon_core.package_identification:_identify(.) by extension 'python'
[0.564s] Level 1:colcon.colcon_core.package_identification:_identify(.) by extensions ['python_setup_py']
[0.564s] Level 1:colcon.colcon_core.package_identification:_identify(.) by extension 'python_setup_py'
[0.564s] Level 1:colcon.colcon_core.package_identification:_identify(build) by extensions ['ignore', 'ignore_ament_install']
[0.565s] Level 1:colcon.colcon_core.package_identification:_identify(build) by extension 'ignore'
[0.565s] Level 1:colcon.colcon_core.package_identification:_identify(build) ignored
[0.565s] Level 1:colcon.colcon_core.package_identification:_identify(install) by extensions ['ignore', 'ignore_ament_install']
[0.565s] Level 1:colcon.colcon_core.package_identification:_identify(install) by extension 'ignore'
[0.565s] Level 1:colcon.colcon_core.package_identification:_identify(install) ignored
[0.565s] Level 1:colcon.colcon_core.package_identification:_identify(log) by extensions ['ignore', 'ignore_ament_install']
[0.565s] Level 1:colcon.colcon_core.package_identification:_identify(log) by extension 'ignore'
[0.566s] Level 1:colcon.colcon_core.package_identification:_identify(log) ignored
[0.566s] Level 1:colcon.colcon_core.package_identification:_identify(src) by extensions ['ignore', 'ignore_ament_install']
[0.566s] Level 1:colcon.colcon_core.package_identification:_identify(src) by extension 'ignore'
[0.566s] Level 1:colcon.colcon_core.package_identification:_identify(src) by extension 'ignore_ament_install'
[0.566s] Level 1:colcon.colcon_core.package_identification:_identify(src) by extensions ['colcon_pkg']
[0.566s] Level 1:colcon.colcon_core.package_identification:_identify(src) by extension 'colcon_pkg'
[0.566s] Level 1:colcon.colcon_core.package_identification:_identify(src) by extensions ['colcon_meta']
[0.566s] Level 1:colcon.colcon_core.package_identification:_identify(src) by extension 'colcon_meta'
[0.566s] Level 1:colcon.colcon_core.package_identification:_identify(src) by extensions ['ros']
[0.566s] Level 1:colcon.colcon_core.package_identification:_identify(src) by extension 'ros'
[0.566s] Level 1:colcon.colcon_core.package_identification:_identify(src) by extensions ['cmake', 'python']
[0.566s] Level 1:colcon.colcon_core.package_identification:_identify(src) by extension 'cmake'
[0.566s] Level 1:colcon.colcon_core.package_identification:_identify(src) by extension 'python'
[0.566s] Level 1:colcon.colcon_core.package_identification:_identify(src) by extensions ['python_setup_py']
[0.566s] Level 1:colcon.colcon_core.package_identification:_identify(src) by extension 'python_setup_py'
[0.567s] Level 1:colcon.colcon_core.package_identification:_identify(src/log) by extensions ['ignore', 'ignore_ament_install']
[0.567s] Level 1:colcon.colcon_core.package_identification:_identify(src/log) by extension 'ignore'
[0.567s] Level 1:colcon.colcon_core.package_identification:_identify(src/log) ignored
[0.567s] Level 1:colcon.colcon_core.package_identification:_identify(src/m-explore-ros2) by extensions ['ignore', 'ignore_ament_install']
[0.567s] Level 1:colcon.colcon_core.package_identification:_identify(src/m-explore-ros2) by extension 'ignore'
[0.567s] Level 1:colcon.colcon_core.package_identification:_identify(src/m-explore-ros2) by extension 'ignore_ament_install'
[0.567s] Level 1:colcon.colcon_core.package_identification:_identify(src/m-explore-ros2) by extensions ['colcon_pkg']
[0.567s] Level 1:colcon.colcon_core.package_identification:_identify(src/m-explore-ros2) by extension 'colcon_pkg'
[0.567s] Level 1:colcon.colcon_core.package_identification:_identify(src/m-explore-ros2) by extensions ['colcon_meta']
[0.567s] Level 1:colcon.colcon_core.package_identification:_identify(src/m-explore-ros2) by extension 'colcon_meta'
[0.568s] Level 1:colcon.colcon_core.package_identification:_identify(src/m-explore-ros2) by extensions ['ros']
[0.568s] Level 1:colcon.colcon_core.package_identification:_identify(src/m-explore-ros2) by extension 'ros'
[0.568s] Level 1:colcon.colcon_core.package_identification:_identify(src/m-explore-ros2) by extensions ['cmake', 'python']
[0.568s] Level 1:colcon.colcon_core.package_identification:_identify(src/m-explore-ros2) by extension 'cmake'
[0.568s] Level 1:colcon.colcon_core.package_identification:_identify(src/m-explore-ros2) by extension 'python'
[0.568s] Level 1:colcon.colcon_core.package_identification:_identify(src/m-explore-ros2) by extensions ['python_setup_py']
[0.568s] Level 1:colcon.colcon_core.package_identification:_identify(src/m-explore-ros2) by extension 'python_setup_py'
[0.568s] Level 1:colcon.colcon_core.package_identification:_identify(src/m-explore-ros2/m-explore-ros2-main) by extensions ['ignore', 'ignore_ament_install']
[0.568s] Level 1:colcon.colcon_core.package_identification:_identify(src/m-explore-ros2/m-explore-ros2-main) by extension 'ignore'
[0.568s] Level 1:colcon.colcon_core.package_identification:_identify(src/m-explore-ros2/m-explore-ros2-main) by extension 'ignore_ament_install'
[0.568s] Level 1:colcon.colcon_core.package_identification:_identify(src/m-explore-ros2/m-explore-ros2-main) by extensions ['colcon_pkg']
[0.568s] Level 1:colcon.colcon_core.package_identification:_identify(src/m-explore-ros2/m-explore-ros2-main) by extension 'colcon_pkg'
[0.568s] Level 1:colcon.colcon_core.package_identification:_identify(src/m-explore-ros2/m-explore-ros2-main) by extensions ['colcon_meta']
[0.568s] Level 1:colcon.colcon_core.package_identification:_identify(src/m-explore-ros2/m-explore-ros2-main) by extension 'colcon_meta'
[0.568s] Level 1:colcon.colcon_core.package_identification:_identify(src/m-explore-ros2/m-explore-ros2-main) by extensions ['ros']
[0.569s] Level 1:colcon.colcon_core.package_identification:_identify(src/m-explore-ros2/m-explore-ros2-main) by extension 'ros'
[0.569s] Level 1:colcon.colcon_core.package_identification:_identify(src/m-explore-ros2/m-explore-ros2-main) by extensions ['cmake', 'python']
[0.569s] Level 1:colcon.colcon_core.package_identification:_identify(src/m-explore-ros2/m-explore-ros2-main) by extension 'cmake'
[0.569s] Level 1:colcon.colcon_core.package_identification:_identify(src/m-explore-ros2/m-explore-ros2-main) by extension 'python'
[0.569s] Level 1:colcon.colcon_core.package_identification:_identify(src/m-explore-ros2/m-explore-ros2-main) by extensions ['python_setup_py']
[0.569s] Level 1:colcon.colcon_core.package_identification:_identify(src/m-explore-ros2/m-explore-ros2-main) by extension 'python_setup_py'
[0.569s] Level 1:colcon.colcon_core.package_identification:_identify(src/m-explore-ros2/m-explore-ros2-main/explore) by extensions ['ignore', 'ignore_ament_install']
[0.569s] Level 1:colcon.colcon_core.package_identification:_identify(src/m-explore-ros2/m-explore-ros2-main/explore) by extension 'ignore'
[0.569s] Level 1:colcon.colcon_core.package_identification:_identify(src/m-explore-ros2/m-explore-ros2-main/explore) by extension 'ignore_ament_install'
[0.569s] Level 1:colcon.colcon_core.package_identification:_identify(src/m-explore-ros2/m-explore-ros2-main/explore) by extensions ['colcon_pkg']
[0.569s] Level 1:colcon.colcon_core.package_identification:_identify(src/m-explore-ros2/m-explore-ros2-main/explore) by extension 'colcon_pkg'
[0.569s] Level 1:colcon.colcon_core.package_identification:_identify(src/m-explore-ros2/m-explore-ros2-main/explore) by extensions ['colcon_meta']
[0.569s] Level 1:colcon.colcon_core.package_identification:_identify(src/m-explore-ros2/m-explore-ros2-main/explore) by extension 'colcon_meta'
[0.569s] Level 1:colcon.colcon_core.package_identification:_identify(src/m-explore-ros2/m-explore-ros2-main/explore) by extensions ['ros']
[0.569s] Level 1:colcon.colcon_core.package_identification:_identify(src/m-explore-ros2/m-explore-ros2-main/explore) by extension 'ros'
[0.594s] DEBUG:colcon.colcon_core.package_identification:Package 'src/m-explore-ros2/m-explore-ros2-main/explore' with type 'ros.ament_cmake' and name 'explore_lite'
[0.595s] Level 1:colcon.colcon_core.package_identification:_identify(src/m-explore-ros2/m-explore-ros2-main/map_merge) by extensions ['ignore', 'ignore_ament_install']
[0.595s] Level 1:colcon.colcon_core.package_identification:_identify(src/m-explore-ros2/m-explore-ros2-main/map_merge) by extension 'ignore'
[0.595s] Level 1:colcon.colcon_core.package_identification:_identify(src/m-explore-ros2/m-explore-ros2-main/map_merge) by extension 'ignore_ament_install'
[0.595s] Level 1:colcon.colcon_core.package_identification:_identify(src/m-explore-ros2/m-explore-ros2-main/map_merge) by extensions ['colcon_pkg']
[0.595s] Level 1:colcon.colcon_core.package_identification:_identify(src/m-explore-ros2/m-explore-ros2-main/map_merge) by extension 'colcon_pkg'
[0.595s] Level 1:colcon.colcon_core.package_identification:_identify(src/m-explore-ros2/m-explore-ros2-main/map_merge) by extensions ['colcon_meta']
[0.595s] Level 1:colcon.colcon_core.package_identification:_identify(src/m-explore-ros2/m-explore-ros2-main/map_merge) by extension 'colcon_meta'
[0.595s] Level 1:colcon.colcon_core.package_identification:_identify(src/m-explore-ros2/m-explore-ros2-main/map_merge) by extensions ['ros']
[0.595s] Level 1:colcon.colcon_core.package_identification:_identify(src/m-explore-ros2/m-explore-ros2-main/map_merge) by extension 'ros'
[0.597s] DEBUG:colcon.colcon_core.package_identification:Package 'src/m-explore-ros2/m-explore-ros2-main/map_merge' with type 'ros.ament_cmake' and name 'multirobot_map_merge'
[0.597s] Level 1:colcon.colcon_core.package_identification:_identify(src/pal_navigation_cfg_public) by extensions ['ignore', 'ignore_ament_install']
[0.598s] Level 1:colcon.colcon_core.package_identification:_identify(src/pal_navigation_cfg_public) by extension 'ignore'
[0.598s] Level 1:colcon.colcon_core.package_identification:_identify(src/pal_navigation_cfg_public) by extension 'ignore_ament_install'
[0.598s] Level 1:colcon.colcon_core.package_identification:_identify(src/pal_navigation_cfg_public) by extensions ['colcon_pkg']
[0.598s] Level 1:colcon.colcon_core.package_identification:_identify(src/pal_navigation_cfg_public) by extension 'colcon_pkg'
[0.598s] Level 1:colcon.colcon_core.package_identification:_identify(src/pal_navigation_cfg_public) by extensions ['colcon_meta']
[0.598s] Level 1:colcon.colcon_core.package_identification:_identify(src/pal_navigation_cfg_public) by extension 'colcon_meta'
[0.598s] Level 1:colcon.colcon_core.package_identification:_identify(src/pal_navigation_cfg_public) by extensions ['ros']
[0.598s] Level 1:colcon.colcon_core.package_identification:_identify(src/pal_navigation_cfg_public) by extension 'ros'
[0.598s] Level 1:colcon.colcon_core.package_identification:_identify(src/pal_navigation_cfg_public) by extensions ['cmake', 'python']
[0.598s] Level 1:colcon.colcon_core.package_identification:_identify(src/pal_navigation_cfg_public) by extension 'cmake'
[0.598s] Level 1:colcon.colcon_core.package_identification:_identify(src/pal_navigation_cfg_public) by extension 'python'
[0.598s] Level 1:colcon.colcon_core.package_identification:_identify(src/pal_navigation_cfg_public) by extensions ['python_setup_py']
[0.598s] Level 1:colcon.colcon_core.package_identification:_identify(src/pal_navigation_cfg_public) by extension 'python_setup_py'
[0.598s] Level 1:colcon.colcon_core.package_identification:_identify(src/pal_navigation_cfg_public/pal_navigation_cfg_bringup) by extensions ['ignore', 'ignore_ament_install']
[0.599s] Level 1:colcon.colcon_core.package_identification:_identify(src/pal_navigation_cfg_public/pal_navigation_cfg_bringup) by extension 'ignore'
[0.599s] Level 1:colcon.colcon_core.package_identification:_identify(src/pal_navigation_cfg_public/pal_navigation_cfg_bringup) by extension 'ignore_ament_install'
[0.599s] Level 1:colcon.colcon_core.package_identification:_identify(src/pal_navigation_cfg_public/pal_navigation_cfg_bringup) by extensions ['colcon_pkg']
[0.599s] Level 1:colcon.colcon_core.package_identification:_identify(src/pal_navigation_cfg_public/pal_navigation_cfg_bringup) by extension 'colcon_pkg'
[0.599s] Level 1:colcon.colcon_core.package_identification:_identify(src/pal_navigation_cfg_public/pal_navigation_cfg_bringup) by extensions ['colcon_meta']
[0.599s] Level 1:colcon.colcon_core.package_identification:_identify(src/pal_navigation_cfg_public/pal_navigation_cfg_bringup) by extension 'colcon_meta'
[0.599s] Level 1:colcon.colcon_core.package_identification:_identify(src/pal_navigation_cfg_public/pal_navigation_cfg_bringup) by extensions ['ros']
[0.599s] Level 1:colcon.colcon_core.package_identification:_identify(src/pal_navigation_cfg_public/pal_navigation_cfg_bringup) by extension 'ros'
[0.600s] DEBUG:colcon.colcon_core.package_identification:Package 'src/pal_navigation_cfg_public/pal_navigation_cfg_bringup' with type 'ros.ament_cmake' and name 'pal_navigation_cfg_bringup'
[0.600s] Level 1:colcon.colcon_core.package_identification:_identify(src/pal_navigation_cfg_public/pal_navigation_cfg_params) by extensions ['ignore', 'ignore_ament_install']
[0.600s] Level 1:colcon.colcon_core.package_identification:_identify(src/pal_navigation_cfg_public/pal_navigation_cfg_params) by extension 'ignore'
[0.600s] Level 1:colcon.colcon_core.package_identification:_identify(src/pal_navigation_cfg_public/pal_navigation_cfg_params) by extension 'ignore_ament_install'
[0.600s] Level 1:colcon.colcon_core.package_identification:_identify(src/pal_navigation_cfg_public/pal_navigation_cfg_params) by extensions ['colcon_pkg']
[0.600s] Level 1:colcon.colcon_core.package_identification:_identify(src/pal_navigation_cfg_public/pal_navigation_cfg_params) by extension 'colcon_pkg'
[0.600s] Level 1:colcon.colcon_core.package_identification:_identify(src/pal_navigation_cfg_public/pal_navigation_cfg_params) by extensions ['colcon_meta']
[0.600s] Level 1:colcon.colcon_core.package_identification:_identify(src/pal_navigation_cfg_public/pal_navigation_cfg_params) by extension 'colcon_meta'
[0.600s] Level 1:colcon.colcon_core.package_identification:_identify(src/pal_navigation_cfg_public/pal_navigation_cfg_params) by extensions ['ros']
[0.600s] Level 1:colcon.colcon_core.package_identification:_identify(src/pal_navigation_cfg_public/pal_navigation_cfg_params) by extension 'ros'
[0.601s] DEBUG:colcon.colcon_core.package_identification:Package 'src/pal_navigation_cfg_public/pal_navigation_cfg_params' with type 'ros.ament_cmake' and name 'pal_navigation_cfg_params'
[0.601s] Level 1:colcon.colcon_core.package_identification:_identify(src/pal_navigation_cfg_public/pal_navigation_cfg_public) by extensions ['ignore', 'ignore_ament_install']
[0.602s] Level 1:colcon.colcon_core.package_identification:_identify(src/pal_navigation_cfg_public/pal_navigation_cfg_public) by extension 'ignore'
[0.602s] Level 1:colcon.colcon_core.package_identification:_identify(src/pal_navigation_cfg_public/pal_navigation_cfg_public) by extension 'ignore_ament_install'
[0.602s] Level 1:colcon.colcon_core.package_identification:_identify(src/pal_navigation_cfg_public/pal_navigation_cfg_public) by extensions ['colcon_pkg']
[0.602s] Level 1:colcon.colcon_core.package_identification:_identify(src/pal_navigation_cfg_public/pal_navigation_cfg_public) by extension 'colcon_pkg'
[0.602s] Level 1:colcon.colcon_core.package_identification:_identify(src/pal_navigation_cfg_public/pal_navigation_cfg_public) by extensions ['colcon_meta']
[0.602s] Level 1:colcon.colcon_core.package_identification:_identify(src/pal_navigation_cfg_public/pal_navigation_cfg_public) by extension 'colcon_meta'
[0.602s] Level 1:colcon.colcon_core.package_identification:_identify(src/pal_navigation_cfg_public/pal_navigation_cfg_public) by extensions ['ros']
[0.602s] Level 1:colcon.colcon_core.package_identification:_identify(src/pal_navigation_cfg_public/pal_navigation_cfg_public) by extension 'ros'
[0.603s] DEBUG:colcon.colcon_core.package_identification:Package 'src/pal_navigation_cfg_public/pal_navigation_cfg_public' with type 'ros.ament_cmake' and name 'pal_navigation_cfg'
[0.603s] Level 1:colcon.colcon_core.package_identification:_identify(src/pmb2_navigation) by extensions ['ignore', 'ignore_ament_install']
[0.603s] Level 1:colcon.colcon_core.package_identification:_identify(src/pmb2_navigation) by extension 'ignore'
[0.603s] Level 1:colcon.colcon_core.package_identification:_identify(src/pmb2_navigation) by extension 'ignore_ament_install'
[0.603s] Level 1:colcon.colcon_core.package_identification:_identify(src/pmb2_navigation) by extensions ['colcon_pkg']
[0.603s] Level 1:colcon.colcon_core.package_identification:_identify(src/pmb2_navigation) by extension 'colcon_pkg'
[0.603s] Level 1:colcon.colcon_core.package_identification:_identify(src/pmb2_navigation) by extensions ['colcon_meta']
[0.603s] Level 1:colcon.colcon_core.package_identification:_identify(src/pmb2_navigation) by extension 'colcon_meta'
[0.603s] Level 1:colcon.colcon_core.package_identification:_identify(src/pmb2_navigation) by extensions ['ros']
[0.603s] Level 1:colcon.colcon_core.package_identification:_identify(src/pmb2_navigation) by extension 'ros'
[0.604s] Level 1:colcon.colcon_core.package_identification:_identify(src/pmb2_navigation) by extensions ['cmake', 'python']
[0.604s] Level 1:colcon.colcon_core.package_identification:_identify(src/pmb2_navigation) by extension 'cmake'
[0.604s] Level 1:colcon.colcon_core.package_identification:_identify(src/pmb2_navigation) by extension 'python'
[0.604s] Level 1:colcon.colcon_core.package_identification:_identify(src/pmb2_navigation) by extensions ['python_setup_py']
[0.604s] Level 1:colcon.colcon_core.package_identification:_identify(src/pmb2_navigation) by extension 'python_setup_py'
[0.604s] Level 1:colcon.colcon_core.package_identification:_identify(src/pmb2_navigation/pmb2_2dnav) by extensions ['ignore', 'ignore_ament_install']
[0.604s] Level 1:colcon.colcon_core.package_identification:_identify(src/pmb2_navigation/pmb2_2dnav) by extension 'ignore'
[0.604s] Level 1:colcon.colcon_core.package_identification:_identify(src/pmb2_navigation/pmb2_2dnav) by extension 'ignore_ament_install'
[0.604s] Level 1:colcon.colcon_core.package_identification:_identify(src/pmb2_navigation/pmb2_2dnav) by extensions ['colcon_pkg']
[0.604s] Level 1:colcon.colcon_core.package_identification:_identify(src/pmb2_navigation/pmb2_2dnav) by extension 'colcon_pkg'
[0.604s] Level 1:colcon.colcon_core.package_identification:_identify(src/pmb2_navigation/pmb2_2dnav) by extensions ['colcon_meta']
[0.604s] Level 1:colcon.colcon_core.package_identification:_identify(src/pmb2_navigation/pmb2_2dnav) by extension 'colcon_meta'
[0.604s] Level 1:colcon.colcon_core.package_identification:_identify(src/pmb2_navigation/pmb2_2dnav) by extensions ['ros']
[0.604s] Level 1:colcon.colcon_core.package_identification:_identify(src/pmb2_navigation/pmb2_2dnav) by extension 'ros'
[0.608s] DEBUG:colcon.colcon_core.package_identification:Package 'src/pmb2_navigation/pmb2_2dnav' with type 'ros.ament_cmake' and name 'pmb2_2dnav'
[0.608s] Level 1:colcon.colcon_core.package_identification:_identify(src/pmb2_navigation/pmb2_laser_sensors) by extensions ['ignore', 'ignore_ament_install']
[0.609s] Level 1:colcon.colcon_core.package_identification:_identify(src/pmb2_navigation/pmb2_laser_sensors) by extension 'ignore'
[0.609s] Level 1:colcon.colcon_core.package_identification:_identify(src/pmb2_navigation/pmb2_laser_sensors) by extension 'ignore_ament_install'
[0.609s] Level 1:colcon.colcon_core.package_identification:_identify(src/pmb2_navigation/pmb2_laser_sensors) by extensions ['colcon_pkg']
[0.609s] Level 1:colcon.colcon_core.package_identification:_identify(src/pmb2_navigation/pmb2_laser_sensors) by extension 'colcon_pkg'
[0.609s] Level 1:colcon.colcon_core.package_identification:_identify(src/pmb2_navigation/pmb2_laser_sensors) by extensions ['colcon_meta']
[0.609s] Level 1:colcon.colcon_core.package_identification:_identify(src/pmb2_navigation/pmb2_laser_sensors) by extension 'colcon_meta'
[0.609s] Level 1:colcon.colcon_core.package_identification:_identify(src/pmb2_navigation/pmb2_laser_sensors) by extensions ['ros']
[0.609s] Level 1:colcon.colcon_core.package_identification:_identify(src/pmb2_navigation/pmb2_laser_sensors) by extension 'ros'
[0.611s] DEBUG:colcon.colcon_core.package_identification:Package 'src/pmb2_navigation/pmb2_laser_sensors' with type 'ros.ament_cmake' and name 'pmb2_laser_sensors'
[0.611s] Level 1:colcon.colcon_core.package_identification:_identify(src/pmb2_navigation/pmb2_maps) by extensions ['ignore', 'ignore_ament_install']
[0.611s] Level 1:colcon.colcon_core.package_identification:_identify(src/pmb2_navigation/pmb2_maps) by extension 'ignore'
[0.612s] Level 1:colcon.colcon_core.package_identification:_identify(src/pmb2_navigation/pmb2_maps) by extension 'ignore_ament_install'
[0.612s] Level 1:colcon.colcon_core.package_identification:_identify(src/pmb2_navigation/pmb2_maps) by extensions ['colcon_pkg']
[0.612s] Level 1:colcon.colcon_core.package_identification:_identify(src/pmb2_navigation/pmb2_maps) by extension 'colcon_pkg'
[0.612s] Level 1:colcon.colcon_core.package_identification:_identify(src/pmb2_navigation/pmb2_maps) by extensions ['colcon_meta']
[0.612s] Level 1:colcon.colcon_core.package_identification:_identify(src/pmb2_navigation/pmb2_maps) by extension 'colcon_meta'
[0.612s] Level 1:colcon.colcon_core.package_identification:_identify(src/pmb2_navigation/pmb2_maps) by extensions ['ros']
[0.612s] Level 1:colcon.colcon_core.package_identification:_identify(src/pmb2_navigation/pmb2_maps) by extension 'ros'
[0.613s] DEBUG:colcon.colcon_core.package_identification:Package 'src/pmb2_navigation/pmb2_maps' with type 'ros.ament_cmake' and name 'pmb2_maps'
[0.613s] Level 1:colcon.colcon_core.package_identification:_identify(src/pmb2_navigation/pmb2_navigation) by extensions ['ignore', 'ignore_ament_install']
[0.613s] Level 1:colcon.colcon_core.package_identification:_identify(src/pmb2_navigation/pmb2_navigation) by extension 'ignore'
[0.613s] Level 1:colcon.colcon_core.package_identification:_identify(src/pmb2_navigation/pmb2_navigation) by extension 'ignore_ament_install'
[0.613s] Level 1:colcon.colcon_core.package_identification:_identify(src/pmb2_navigation/pmb2_navigation) by extensions ['colcon_pkg']
[0.613s] Level 1:colcon.colcon_core.package_identification:_identify(src/pmb2_navigation/pmb2_navigation) by extension 'colcon_pkg'
[0.613s] Level 1:colcon.colcon_core.package_identification:_identify(src/pmb2_navigation/pmb2_navigation) by extensions ['colcon_meta']
[0.613s] Level 1:colcon.colcon_core.package_identification:_identify(src/pmb2_navigation/pmb2_navigation) by extension 'colcon_meta'
[0.613s] Level 1:colcon.colcon_core.package_identification:_identify(src/pmb2_navigation/pmb2_navigation) by extensions ['ros']
[0.613s] Level 1:colcon.colcon_core.package_identification:_identify(src/pmb2_navigation/pmb2_navigation) by extension 'ros'
[0.614s] DEBUG:colcon.colcon_core.package_identification:Package 'src/pmb2_navigation/pmb2_navigation' with type 'ros.ament_cmake' and name 'pmb2_navigation'
[0.614s] Level 1:colcon.colcon_core.package_identification:_identify(src/pmb2_navigation/pmb2_rgbd_sensors) by extensions ['ignore', 'ignore_ament_install']
[0.614s] Level 1:colcon.colcon_core.package_identification:_identify(src/pmb2_navigation/pmb2_rgbd_sensors) by extension 'ignore'
[0.614s] Level 1:colcon.colcon_core.package_identification:_identify(src/pmb2_navigation/pmb2_rgbd_sensors) ignored
[0.614s] Level 1:colcon.colcon_core.package_identification:_identify(src/pmb2_robot) by extensions ['ignore', 'ignore_ament_install']
[0.614s] Level 1:colcon.colcon_core.package_identification:_identify(src/pmb2_robot) by extension 'ignore'
[0.615s] Level 1:colcon.colcon_core.package_identification:_identify(src/pmb2_robot) by extension 'ignore_ament_install'
[0.615s] Level 1:colcon.colcon_core.package_identification:_identify(src/pmb2_robot) by extensions ['colcon_pkg']
[0.615s] Level 1:colcon.colcon_core.package_identification:_identify(src/pmb2_robot) by extension 'colcon_pkg'
[0.615s] Level 1:colcon.colcon_core.package_identification:_identify(src/pmb2_robot) by extensions ['colcon_meta']
[0.615s] Level 1:colcon.colcon_core.package_identification:_identify(src/pmb2_robot) by extension 'colcon_meta'
[0.615s] Level 1:colcon.colcon_core.package_identification:_identify(src/pmb2_robot) by extensions ['ros']
[0.615s] Level 1:colcon.colcon_core.package_identification:_identify(src/pmb2_robot) by extension 'ros'
[0.615s] Level 1:colcon.colcon_core.package_identification:_identify(src/pmb2_robot) by extensions ['cmake', 'python']
[0.615s] Level 1:colcon.colcon_core.package_identification:_identify(src/pmb2_robot) by extension 'cmake'
[0.615s] Level 1:colcon.colcon_core.package_identification:_identify(src/pmb2_robot) by extension 'python'
[0.615s] Level 1:colcon.colcon_core.package_identification:_identify(src/pmb2_robot) by extensions ['python_setup_py']
[0.615s] Level 1:colcon.colcon_core.package_identification:_identify(src/pmb2_robot) by extension 'python_setup_py'
[0.615s] Level 1:colcon.colcon_core.package_identification:_identify(src/pmb2_robot/pmb2_bringup) by extensions ['ignore', 'ignore_ament_install']
[0.615s] Level 1:colcon.colcon_core.package_identification:_identify(src/pmb2_robot/pmb2_bringup) by extension 'ignore'
[0.615s] Level 1:colcon.colcon_core.package_identification:_identify(src/pmb2_robot/pmb2_bringup) by extension 'ignore_ament_install'
[0.616s] Level 1:colcon.colcon_core.package_identification:_identify(src/pmb2_robot/pmb2_bringup) by extensions ['colcon_pkg']
[0.616s] Level 1:colcon.colcon_core.package_identification:_identify(src/pmb2_robot/pmb2_bringup) by extension 'colcon_pkg'
[0.616s] Level 1:colcon.colcon_core.package_identification:_identify(src/pmb2_robot/pmb2_bringup) by extensions ['colcon_meta']
[0.616s] Level 1:colcon.colcon_core.package_identification:_identify(src/pmb2_robot/pmb2_bringup) by extension 'colcon_meta'
[0.616s] Level 1:colcon.colcon_core.package_identification:_identify(src/pmb2_robot/pmb2_bringup) by extensions ['ros']
[0.616s] Level 1:colcon.colcon_core.package_identification:_identify(src/pmb2_robot/pmb2_bringup) by extension 'ros'
[0.617s] DEBUG:colcon.colcon_core.package_identification:Package 'src/pmb2_robot/pmb2_bringup' with type 'ros.ament_cmake' and name 'pmb2_bringup'
[0.617s] Level 1:colcon.colcon_core.package_identification:_identify(src/pmb2_robot/pmb2_controller_configuration) by extensions ['ignore', 'ignore_ament_install']
[0.618s] Level 1:colcon.colcon_core.package_identification:_identify(src/pmb2_robot/pmb2_controller_configuration) by extension 'ignore'
[0.618s] Level 1:colcon.colcon_core.package_identification:_identify(src/pmb2_robot/pmb2_controller_configuration) by extension 'ignore_ament_install'
[0.618s] Level 1:colcon.colcon_core.package_identification:_identify(src/pmb2_robot/pmb2_controller_configuration) by extensions ['colcon_pkg']
[0.618s] Level 1:colcon.colcon_core.package_identification:_identify(src/pmb2_robot/pmb2_controller_configuration) by extension 'colcon_pkg'
[0.618s] Level 1:colcon.colcon_core.package_identification:_identify(src/pmb2_robot/pmb2_controller_configuration) by extensions ['colcon_meta']
[0.618s] Level 1:colcon.colcon_core.package_identification:_identify(src/pmb2_robot/pmb2_controller_configuration) by extension 'colcon_meta'
[0.618s] Level 1:colcon.colcon_core.package_identification:_identify(src/pmb2_robot/pmb2_controller_configuration) by extensions ['ros']
[0.618s] Level 1:colcon.colcon_core.package_identification:_identify(src/pmb2_robot/pmb2_controller_configuration) by extension 'ros'
[0.620s] DEBUG:colcon.colcon_core.package_identification:Package 'src/pmb2_robot/pmb2_controller_configuration' with type 'ros.ament_cmake' and name 'pmb2_controller_configuration'
[0.620s] Level 1:colcon.colcon_core.package_identification:_identify(src/pmb2_robot/pmb2_description) by extensions ['ignore', 'ignore_ament_install']
[0.620s] Level 1:colcon.colcon_core.package_identification:_identify(src/pmb2_robot/pmb2_description) by extension 'ignore'
[0.620s] Level 1:colcon.colcon_core.package_identification:_identify(src/pmb2_robot/pmb2_description) by extension 'ignore_ament_install'
[0.620s] Level 1:colcon.colcon_core.package_identification:_identify(src/pmb2_robot/pmb2_description) by extensions ['colcon_pkg']
[0.620s] Level 1:colcon.colcon_core.package_identification:_identify(src/pmb2_robot/pmb2_description) by extension 'colcon_pkg'
[0.620s] Level 1:colcon.colcon_core.package_identification:_identify(src/pmb2_robot/pmb2_description) by extensions ['colcon_meta']
[0.620s] Level 1:colcon.colcon_core.package_identification:_identify(src/pmb2_robot/pmb2_description) by extension 'colcon_meta'
[0.620s] Level 1:colcon.colcon_core.package_identification:_identify(src/pmb2_robot/pmb2_description) by extensions ['ros']
[0.620s] Level 1:colcon.colcon_core.package_identification:_identify(src/pmb2_robot/pmb2_description) by extension 'ros'
[0.622s] DEBUG:colcon.colcon_core.package_identification:Package 'src/pmb2_robot/pmb2_description' with type 'ros.ament_cmake' and name 'pmb2_description'
[0.622s] Level 1:colcon.colcon_core.package_identification:_identify(src/pmb2_robot/pmb2_robot) by extensions ['ignore', 'ignore_ament_install']
[0.622s] Level 1:colcon.colcon_core.package_identification:_identify(src/pmb2_robot/pmb2_robot) by extension 'ignore'
[0.622s] Level 1:colcon.colcon_core.package_identification:_identify(src/pmb2_robot/pmb2_robot) by extension 'ignore_ament_install'
[0.622s] Level 1:colcon.colcon_core.package_identification:_identify(src/pmb2_robot/pmb2_robot) by extensions ['colcon_pkg']
[0.622s] Level 1:colcon.colcon_core.package_identification:_identify(src/pmb2_robot/pmb2_robot) by extension 'colcon_pkg'
[0.622s] Level 1:colcon.colcon_core.package_identification:_identify(src/pmb2_robot/pmb2_robot) by extensions ['colcon_meta']
[0.622s] Level 1:colcon.colcon_core.package_identification:_identify(src/pmb2_robot/pmb2_robot) by extension 'colcon_meta'
[0.622s] Level 1:colcon.colcon_core.package_identification:_identify(src/pmb2_robot/pmb2_robot) by extensions ['ros']
[0.623s] Level 1:colcon.colcon_core.package_identification:_identify(src/pmb2_robot/pmb2_robot) by extension 'ros'
[0.623s] DEBUG:colcon.colcon_core.package_identification:Package 'src/pmb2_robot/pmb2_robot' with type 'ros.ament_cmake' and name 'pmb2_robot'
[0.624s] Level 1:colcon.colcon_core.package_identification:_identify(src/tiago_autonomous_exploration) by extensions ['ignore', 'ignore_ament_install']
[0.624s] Level 1:colcon.colcon_core.package_identification:_identify(src/tiago_autonomous_exploration) by extension 'ignore'
[0.624s] Level 1:colcon.colcon_core.package_identification:_identify(src/tiago_autonomous_exploration) by extension 'ignore_ament_install'
[0.624s] Level 1:colcon.colcon_core.package_identification:_identify(src/tiago_autonomous_exploration) by extensions ['colcon_pkg']
[0.624s] Level 1:colcon.colcon_core.package_identification:_identify(src/tiago_autonomous_exploration) by extension 'colcon_pkg'
[0.624s] Level 1:colcon.colcon_core.package_identification:_identify(src/tiago_autonomous_exploration) by extensions ['colcon_meta']
[0.624s] Level 1:colcon.colcon_core.package_identification:_identify(src/tiago_autonomous_exploration) by extension 'colcon_meta'
[0.624s] Level 1:colcon.colcon_core.package_identification:_identify(src/tiago_autonomous_exploration) by extensions ['ros']
[0.624s] Level 1:colcon.colcon_core.package_identification:_identify(src/tiago_autonomous_exploration) by extension 'ros'
[0.625s] DEBUG:colcon.colcon_core.package_identification:Package 'src/tiago_autonomous_exploration' with type 'ros.ament_python' and name 'tiago_autonomous_exploration'
[0.625s] Level 1:colcon.colcon_core.package_identification:_identify(src/tiago_autonomous_navigation) by extensions ['ignore', 'ignore_ament_install']
[0.626s] Level 1:colcon.colcon_core.package_identification:_identify(src/tiago_autonomous_navigation) by extension 'ignore'
[0.626s] Level 1:colcon.colcon_core.package_identification:_identify(src/tiago_autonomous_navigation) by extension 'ignore_ament_install'
[0.626s] Level 1:colcon.colcon_core.package_identification:_identify(src/tiago_autonomous_navigation) by extensions ['colcon_pkg']
[0.626s] Level 1:colcon.colcon_core.package_identification:_identify(src/tiago_autonomous_navigation) by extension 'colcon_pkg'
[0.626s] Level 1:colcon.colcon_core.package_identification:_identify(src/tiago_autonomous_navigation) by extensions ['colcon_meta']
[0.626s] Level 1:colcon.colcon_core.package_identification:_identify(src/tiago_autonomous_navigation) by extension 'colcon_meta'
[0.626s] Level 1:colcon.colcon_core.package_identification:_identify(src/tiago_autonomous_navigation) by extensions ['ros']
[0.626s] Level 1:colcon.colcon_core.package_identification:_identify(src/tiago_autonomous_navigation) by extension 'ros'
[0.627s] DEBUG:colcon.colcon_core.package_identification:Package 'src/tiago_autonomous_navigation' with type 'ros.ament_python' and name 'tiago_autonomous_navigation'
[0.627s] Level 1:colcon.colcon_core.package_identification:_identify(src/tiago_controller_configuration) by extensions ['ignore', 'ignore_ament_install']
[0.627s] Level 1:colcon.colcon_core.package_identification:_identify(src/tiago_controller_configuration) by extension 'ignore'
[0.627s] Level 1:colcon.colcon_core.package_identification:_identify(src/tiago_controller_configuration) by extension 'ignore_ament_install'
[0.627s] Level 1:colcon.colcon_core.package_identification:_identify(src/tiago_controller_configuration) by extensions ['colcon_pkg']
[0.628s] Level 1:colcon.colcon_core.package_identification:_identify(src/tiago_controller_configuration) by extension 'colcon_pkg'
[0.628s] Level 1:colcon.colcon_core.package_identification:_identify(src/tiago_controller_configuration) by extensions ['colcon_meta']
[0.628s] Level 1:colcon.colcon_core.package_identification:_identify(src/tiago_controller_configuration) by extension 'colcon_meta'
[0.628s] Level 1:colcon.colcon_core.package_identification:_identify(src/tiago_controller_configuration) by extensions ['ros']
[0.628s] Level 1:colcon.colcon_core.package_identification:_identify(src/tiago_controller_configuration) by extension 'ros'
[0.630s] DEBUG:colcon.colcon_core.package_identification:Package 'src/tiago_controller_configuration' with type 'ros.ament_cmake' and name 'tiago_controller_configuration'
[0.630s] Level 1:colcon.colcon_core.package_identification:_identify(src/tiago_description) by extensions ['ignore', 'ignore_ament_install']
[0.630s] Level 1:colcon.colcon_core.package_identification:_identify(src/tiago_description) by extension 'ignore'
[0.630s] Level 1:colcon.colcon_core.package_identification:_identify(src/tiago_description) by extension 'ignore_ament_install'
[0.631s] Level 1:colcon.colcon_core.package_identification:_identify(src/tiago_description) by extensions ['colcon_pkg']
[0.631s] Level 1:colcon.colcon_core.package_identification:_identify(src/tiago_description) by extension 'colcon_pkg'
[0.631s] Level 1:colcon.colcon_core.package_identification:_identify(src/tiago_description) by extensions ['colcon_meta']
[0.631s] Level 1:colcon.colcon_core.package_identification:_identify(src/tiago_description) by extension 'colcon_meta'
[0.631s] Level 1:colcon.colcon_core.package_identification:_identify(src/tiago_description) by extensions ['ros']
[0.631s] Level 1:colcon.colcon_core.package_identification:_identify(src/tiago_description) by extension 'ros'
[0.632s] DEBUG:colcon.colcon_core.package_identification:Package 'src/tiago_description' with type 'ros.ament_cmake' and name 'tiago_description'
[0.633s] Level 1:colcon.colcon_core.package_identification:_identify(src/tiago_exam) by extensions ['ignore', 'ignore_ament_install']
[0.633s] Level 1:colcon.colcon_core.package_identification:_identify(src/tiago_exam) by extension 'ignore'
[0.633s] Level 1:colcon.colcon_core.package_identification:_identify(src/tiago_exam) by extension 'ignore_ament_install'
[0.633s] Level 1:colcon.colcon_core.package_identification:_identify(src/tiago_exam) by extensions ['colcon_pkg']
[0.633s] Level 1:colcon.colcon_core.package_identification:_identify(src/tiago_exam) by extension 'colcon_pkg'
[0.633s] Level 1:colcon.colcon_core.package_identification:_identify(src/tiago_exam) by extensions ['colcon_meta']
[0.633s] Level 1:colcon.colcon_core.package_identification:_identify(src/tiago_exam) by extension 'colcon_meta'
[0.633s] Level 1:colcon.colcon_core.package_identification:_identify(src/tiago_exam) by extensions ['ros']
[0.633s] Level 1:colcon.colcon_core.package_identification:_identify(src/tiago_exam) by extension 'ros'
[0.634s] DEBUG:colcon.colcon_core.package_identification:Package 'src/tiago_exam' with type 'ros.ament_cmake' and name 'tiago_exam'
[0.635s] Level 1:colcon.colcon_core.package_identification:_identify(src/tiago_exam_worlds) by extensions ['ignore', 'ignore_ament_install']
[0.635s] Level 1:colcon.colcon_core.package_identification:_identify(src/tiago_exam_worlds) by extension 'ignore'
[0.635s] Level 1:colcon.colcon_core.package_identification:_identify(src/tiago_exam_worlds) by extension 'ignore_ament_install'
[0.635s] Level 1:colcon.colcon_core.package_identification:_identify(src/tiago_exam_worlds) by extensions ['colcon_pkg']
[0.635s] Level 1:colcon.colcon_core.package_identification:_identify(src/tiago_exam_worlds) by extension 'colcon_pkg'
[0.635s] Level 1:colcon.colcon_core.package_identification:_identify(src/tiago_exam_worlds) by extensions ['colcon_meta']
[0.635s] Level 1:colcon.colcon_core.package_identification:_identify(src/tiago_exam_worlds) by extension 'colcon_meta'
[0.635s] Level 1:colcon.colcon_core.package_identification:_identify(src/tiago_exam_worlds) by extensions ['ros']
[0.635s] Level 1:colcon.colcon_core.package_identification:_identify(src/tiago_exam_worlds) by extension 'ros'
[0.637s] DEBUG:colcon.colcon_core.package_identification:Package 'src/tiago_exam_worlds' with type 'ros.ament_cmake' and name 'tiago_exam_worlds'
[0.637s] Level 1:colcon.colcon_core.package_identification:_identify(src/tiago_navigation.bak) by extensions ['ignore', 'ignore_ament_install']
[0.637s] Level 1:colcon.colcon_core.package_identification:_identify(src/tiago_navigation.bak) by extension 'ignore'
[0.637s] Level 1:colcon.colcon_core.package_identification:_identify(src/tiago_navigation.bak) by extension 'ignore_ament_install'
[0.637s] Level 1:colcon.colcon_core.package_identification:_identify(src/tiago_navigation.bak) by extensions ['colcon_pkg']
[0.637s] Level 1:colcon.colcon_core.package_identification:_identify(src/tiago_navigation.bak) by extension 'colcon_pkg'
[0.637s] Level 1:colcon.colcon_core.package_identification:_identify(src/tiago_navigation.bak) by extensions ['colcon_meta']
[0.638s] Level 1:colcon.colcon_core.package_identification:_identify(src/tiago_navigation.bak) by extension 'colcon_meta'
[0.638s] Level 1:colcon.colcon_core.package_identification:_identify(src/tiago_navigation.bak) by extensions ['ros']
[0.638s] Level 1:colcon.colcon_core.package_identification:_identify(src/tiago_navigation.bak) by extension 'ros'
[0.638s] Level 1:colcon.colcon_core.package_identification:_identify(src/tiago_navigation.bak) by extensions ['cmake', 'python']
[0.638s] Level 1:colcon.colcon_core.package_identification:_identify(src/tiago_navigation.bak) by extension 'cmake'
[0.638s] Level 1:colcon.colcon_core.package_identification:_identify(src/tiago_navigation.bak) by extension 'python'
[0.638s] Level 1:colcon.colcon_core.package_identification:_identify(src/tiago_navigation.bak) by extensions ['python_setup_py']
[0.638s] Level 1:colcon.colcon_core.package_identification:_identify(src/tiago_navigation.bak) by extension 'python_setup_py'
[0.638s] Level 1:colcon.colcon_core.package_identification:_identify(src/tiago_navigation.bak/tiago_2dnav) by extensions ['ignore', 'ignore_ament_install']
[0.638s] Level 1:colcon.colcon_core.package_identification:_identify(src/tiago_navigation.bak/tiago_2dnav) by extension 'ignore'
[0.638s] Level 1:colcon.colcon_core.package_identification:_identify(src/tiago_navigation.bak/tiago_2dnav) by extension 'ignore_ament_install'
[0.638s] Level 1:colcon.colcon_core.package_identification:_identify(src/tiago_navigation.bak/tiago_2dnav) by extensions ['colcon_pkg']
[0.638s] Level 1:colcon.colcon_core.package_identification:_identify(src/tiago_navigation.bak/tiago_2dnav) by extension 'colcon_pkg'
[0.639s] Level 1:colcon.colcon_core.package_identification:_identify(src/tiago_navigation.bak/tiago_2dnav) by extensions ['colcon_meta']
[0.639s] Level 1:colcon.colcon_core.package_identification:_identify(src/tiago_navigation.bak/tiago_2dnav) by extension 'colcon_meta'
[0.639s] Level 1:colcon.colcon_core.package_identification:_identify(src/tiago_navigation.bak/tiago_2dnav) by extensions ['ros']
[0.639s] Level 1:colcon.colcon_core.package_identification:_identify(src/tiago_navigation.bak/tiago_2dnav) by extension 'ros'
[0.640s] DEBUG:colcon.colcon_core.package_identification:Package 'src/tiago_navigation.bak/tiago_2dnav' with type 'ros.ament_cmake' and name 'tiago_2dnav'
[0.640s] Level 1:colcon.colcon_core.package_identification:_identify(src/tiago_navigation.bak/tiago_laser_sensors) by extensions ['ignore', 'ignore_ament_install']
[0.640s] Level 1:colcon.colcon_core.package_identification:_identify(src/tiago_navigation.bak/tiago_laser_sensors) by extension 'ignore'
[0.641s] Level 1:colcon.colcon_core.package_identification:_identify(src/tiago_navigation.bak/tiago_laser_sensors) by extension 'ignore_ament_install'
[0.641s] Level 1:colcon.colcon_core.package_identification:_identify(src/tiago_navigation.bak/tiago_laser_sensors) by extensions ['colcon_pkg']
[0.641s] Level 1:colcon.colcon_core.package_identification:_identify(src/tiago_navigation.bak/tiago_laser_sensors) by extension 'colcon_pkg'
[0.641s] Level 1:colcon.colcon_core.package_identification:_identify(src/tiago_navigation.bak/tiago_laser_sensors) by extensions ['colcon_meta']
[0.641s] Level 1:colcon.colcon_core.package_identification:_identify(src/tiago_navigation.bak/tiago_laser_sensors) by extension 'colcon_meta'
[0.641s] Level 1:colcon.colcon_core.package_identification:_identify(src/tiago_navigation.bak/tiago_laser_sensors) by extensions ['ros']
[0.641s] Level 1:colcon.colcon_core.package_identification:_identify(src/tiago_navigation.bak/tiago_laser_sensors) by extension 'ros'
[0.642s] DEBUG:colcon.colcon_core.package_identification:Package 'src/tiago_navigation.bak/tiago_laser_sensors' with type 'ros.ament_cmake' and name 'tiago_laser_sensors'
[0.643s] Level 1:colcon.colcon_core.package_identification:_identify(src/tiago_navigation.bak/tiago_navigation) by extensions ['ignore', 'ignore_ament_install']
[0.643s] Level 1:colcon.colcon_core.package_identification:_identify(src/tiago_navigation.bak/tiago_navigation) by extension 'ignore'
[0.643s] Level 1:colcon.colcon_core.package_identification:_identify(src/tiago_navigation.bak/tiago_navigation) by extension 'ignore_ament_install'
[0.643s] Level 1:colcon.colcon_core.package_identification:_identify(src/tiago_navigation.bak/tiago_navigation) by extensions ['colcon_pkg']
[0.643s] Level 1:colcon.colcon_core.package_identification:_identify(src/tiago_navigation.bak/tiago_navigation) by extension 'colcon_pkg'
[0.643s] Level 1:colcon.colcon_core.package_identification:_identify(src/tiago_navigation.bak/tiago_navigation) by extensions ['colcon_meta']
[0.643s] Level 1:colcon.colcon_core.package_identification:_identify(src/tiago_navigation.bak/tiago_navigation) by extension 'colcon_meta'
[0.644s] Level 1:colcon.colcon_core.package_identification:_identify(src/tiago_navigation.bak/tiago_navigation) by extensions ['ros']
[0.644s] Level 1:colcon.colcon_core.package_identification:_identify(src/tiago_navigation.bak/tiago_navigation) by extension 'ros'
[0.645s] DEBUG:colcon.colcon_core.package_identification:Package 'src/tiago_navigation.bak/tiago_navigation' with type 'ros.ament_cmake' and name 'tiago_navigation'
[0.645s] Level 1:colcon.colcon_core.package_identification:_identify(src/tiago_navigation_backup) by extensions ['ignore', 'ignore_ament_install']
[0.646s] Level 1:colcon.colcon_core.package_identification:_identify(src/tiago_navigation_backup) by extension 'ignore'
[0.646s] Level 1:colcon.colcon_core.package_identification:_identify(src/tiago_navigation_backup) by extension 'ignore_ament_install'
[0.646s] Level 1:colcon.colcon_core.package_identification:_identify(src/tiago_navigation_backup) by extensions ['colcon_pkg']
[0.646s] Level 1:colcon.colcon_core.package_identification:_identify(src/tiago_navigation_backup) by extension 'colcon_pkg'
[0.646s] Level 1:colcon.colcon_core.package_identification:_identify(src/tiago_navigation_backup) by extensions ['colcon_meta']
[0.646s] Level 1:colcon.colcon_core.package_identification:_identify(src/tiago_navigation_backup) by extension 'colcon_meta'
[0.646s] Level 1:colcon.colcon_core.package_identification:_identify(src/tiago_navigation_backup) by extensions ['ros']
[0.646s] Level 1:colcon.colcon_core.package_identification:_identify(src/tiago_navigation_backup) by extension 'ros'
[0.646s] Level 1:colcon.colcon_core.package_identification:_identify(src/tiago_navigation_backup) by extensions ['cmake', 'python']
[0.646s] Level 1:colcon.colcon_core.package_identification:_identify(src/tiago_navigation_backup) by extension 'cmake'
[0.646s] Level 1:colcon.colcon_core.package_identification:_identify(src/tiago_navigation_backup) by extension 'python'
[0.646s] Level 1:colcon.colcon_core.package_identification:_identify(src/tiago_navigation_backup) by extensions ['python_setup_py']
[0.646s] Level 1:colcon.colcon_core.package_identification:_identify(src/tiago_navigation_backup) by extension 'python_setup_py'
[0.646s] Level 1:colcon.colcon_core.package_discovery:discover_packages(recursive) using defaults
[0.646s] Level 1:colcon.colcon_core.package_discovery:discover_packages(ignore) discover
[0.647s] Level 1:colcon.colcon_core.package_discovery:discover_packages(ignore) using defaults
[0.647s] Level 1:colcon.colcon_core.package_discovery:discover_packages(path) discover
[0.647s] Level 1:colcon.colcon_core.package_discovery:discover_packages(path) using defaults
[0.686s] Level 1:colcon.colcon_core.package_discovery:discover_packages(prefix_path) check parameters
[0.686s] Level 1:colcon.colcon_core.package_discovery:discover_packages(prefix_path) discover
[0.689s] WARNING:colcon.colcon_ros.prefix_path.ament:The path '/home/ines/tiago_ws/install/tiago_rgbd_sensors' in the environment variable AMENT_PREFIX_PATH doesn't exist
[0.690s] WARNING:colcon.colcon_ros.prefix_path.catkin:The path '/home/ines/tiago_ws/install/tiago_rgbd_sensors' in the environment variable CMAKE_PREFIX_PATH doesn't exist
[0.693s] DEBUG:colcon.colcon_installed_package_information.package_discovery:Found 22 installed packages in /home/ines/tiago_ws/install
[0.694s] DEBUG:colcon.colcon_installed_package_information.package_discovery:Found 2 installed packages in /home/ines/ros2_ws/install
[0.694s] DEBUG:colcon.colcon_installed_package_information.package_discovery:Found 1 installed packages in /home/ines/test_ws/install
[0.697s] DEBUG:colcon.colcon_installed_package_information.package_discovery:Found 471 installed packages in /opt/ros/humble
[0.702s] Level 1:colcon.colcon_core.package_discovery:discover_packages(prefix_path) using defaults
[0.786s] WARNING:colcon.colcon_core.package_selection:Some selected packages are already built in one or more underlay workspaces:
	'tiago_description' is in: /opt/ros/humble
	'tiago_controller_configuration' is in: /home/ines/tiago_ws/install/tiago_controller_configuration, /opt/ros/humble
If a package in a merged underlay workspace is overridden and it installs headers, then all packages in the overlay must sort their include directories by workspace order. Failure to do so may result in build failures or undefined behavior at run time.
If the overridden package is used by another package in any underlay, then the overriding package in the overlay must be API and ABI compatible or undefined behavior at run time may occur.

If you understand the risks and want to override a package anyways, add the following to the command line:
	--allow-overriding tiago_controller_configuration tiago_description

This may be promoted to an error in a future release of colcon-override-check.
[0.788s] Level 5:colcon.colcon_core.verb:set package 'explore_lite' build argument 'cmake_args' from command line to 'None'
[0.789s] Level 5:colcon.colcon_core.verb:set package 'explore_lite' build argument 'cmake_target' from command line to 'None'
[0.789s] Level 5:colcon.colcon_core.verb:set package 'explore_lite' build argument 'cmake_target_skip_unavailable' from command line to 'False'
[0.789s] Level 5:colcon.colcon_core.verb:set package 'explore_lite' build argument 'cmake_clean_cache' from command line to 'False'
[0.789s] Level 5:colcon.colcon_core.verb:set package 'explore_lite' build argument 'cmake_clean_first' from command line to 'False'
[0.789s] Level 5:colcon.colcon_core.verb:set package 'explore_lite' build argument 'cmake_force_configure' from command line to 'False'
[0.789s] Level 5:colcon.colcon_core.verb:set package 'explore_lite' build argument 'ament_cmake_args' from command line to 'None'
[0.789s] Level 5:colcon.colcon_core.verb:set package 'explore_lite' build argument 'catkin_cmake_args' from command line to 'None'
[0.789s] Level 5:colcon.colcon_core.verb:set package 'explore_lite' build argument 'catkin_skip_building_tests' from command line to 'False'
[0.789s] DEBUG:colcon.colcon_core.verb:Building package 'explore_lite' with the following arguments: {'ament_cmake_args': None, 'build_base': '/home/ines/tiago_ws/build/explore_lite', 'catkin_cmake_args': None, 'catkin_skip_building_tests': False, 'cmake_args': None, 'cmake_clean_cache': False, 'cmake_clean_first': False, 'cmake_force_configure': False, 'cmake_target': None, 'cmake_target_skip_unavailable': False, 'install_base': '/home/ines/tiago_ws/install/explore_lite', 'merge_install': False, 'path': '/home/ines/tiago_ws/src/m-explore-ros2/m-explore-ros2-main/explore', 'symlink_install': True, 'test_result_base': None}
[0.789s] Level 5:colcon.colcon_core.verb:set package 'multirobot_map_merge' build argument 'cmake_args' from command line to 'None'
[0.790s] Level 5:colcon.colcon_core.verb:set package 'multirobot_map_merge' build argument 'cmake_target' from command line to 'None'
[0.790s] Level 5:colcon.colcon_core.verb:set package 'multirobot_map_merge' build argument 'cmake_target_skip_unavailable' from command line to 'False'
[0.790s] Level 5:colcon.colcon_core.verb:set package 'multirobot_map_merge' build argument 'cmake_clean_cache' from command line to 'False'
[0.790s] Level 5:colcon.colcon_core.verb:set package 'multirobot_map_merge' build argument 'cmake_clean_first' from command line to 'False'
[0.790s] Level 5:colcon.colcon_core.verb:set package 'multirobot_map_merge' build argument 'cmake_force_configure' from command line to 'False'
[0.790s] Level 5:colcon.colcon_core.verb:set package 'multirobot_map_merge' build argument 'ament_cmake_args' from command line to 'None'
[0.790s] Level 5:colcon.colcon_core.verb:set package 'multirobot_map_merge' build argument 'catkin_cmake_args' from command line to 'None'
[0.790s] Level 5:colcon.colcon_core.verb:set package 'multirobot_map_merge' build argument 'catkin_skip_building_tests' from command line to 'False'
[0.790s] DEBUG:colcon.colcon_core.verb:Building package 'multirobot_map_merge' with the following arguments: {'ament_cmake_args': None, 'build_base': '/home/ines/tiago_ws/build/multirobot_map_merge', 'catkin_cmake_args': None, 'catkin_skip_building_tests': False, 'cmake_args': None, 'cmake_clean_cache': False, 'cmake_clean_first': False, 'cmake_force_configure': False, 'cmake_target': None, 'cmake_target_skip_unavailable': False, 'install_base': '/home/ines/tiago_ws/install/multirobot_map_merge', 'merge_install': False, 'path': '/home/ines/tiago_ws/src/m-explore-ros2/m-explore-ros2-main/map_merge', 'symlink_install': True, 'test_result_base': None}
[0.790s] Level 5:colcon.colcon_core.verb:set package 'pal_navigation_cfg_params' build argument 'cmake_args' from command line to 'None'
[0.790s] Level 5:colcon.colcon_core.verb:set package 'pal_navigation_cfg_params' build argument 'cmake_target' from command line to 'None'
[0.790s] Level 5:colcon.colcon_core.verb:set package 'pal_navigation_cfg_params' build argument 'cmake_target_skip_unavailable' from command line to 'False'
[0.791s] Level 5:colcon.colcon_core.verb:set package 'pal_navigation_cfg_params' build argument 'cmake_clean_cache' from command line to 'False'
[0.791s] Level 5:colcon.colcon_core.verb:set package 'pal_navigation_cfg_params' build argument 'cmake_clean_first' from command line to 'False'
[0.791s] Level 5:colcon.colcon_core.verb:set package 'pal_navigation_cfg_params' build argument 'cmake_force_configure' from command line to 'False'
[0.791s] Level 5:colcon.colcon_core.verb:set package 'pal_navigation_cfg_params' build argument 'ament_cmake_args' from command line to 'None'
[0.791s] Level 5:colcon.colcon_core.verb:set package 'pal_navigation_cfg_params' build argument 'catkin_cmake_args' from command line to 'None'
[0.791s] Level 5:colcon.colcon_core.verb:set package 'pal_navigation_cfg_params' build argument 'catkin_skip_building_tests' from command line to 'False'
[0.791s] DEBUG:colcon.colcon_core.verb:Building package 'pal_navigation_cfg_params' with the following arguments: {'ament_cmake_args': None, 'build_base': '/home/ines/tiago_ws/build/pal_navigation_cfg_params', 'catkin_cmake_args': None, 'catkin_skip_building_tests': False, 'cmake_args': None, 'cmake_clean_cache': False, 'cmake_clean_first': False, 'cmake_force_configure': False, 'cmake_target': None, 'cmake_target_skip_unavailable': False, 'install_base': '/home/ines/tiago_ws/install/pal_navigation_cfg_params', 'merge_install': False, 'path': '/home/ines/tiago_ws/src/pal_navigation_cfg_public/pal_navigation_cfg_params', 'symlink_install': True, 'test_result_base': None}
[0.791s] Level 5:colcon.colcon_core.verb:set package 'pmb2_controller_configuration' build argument 'cmake_args' from command line to 'None'
[0.791s] Level 5:colcon.colcon_core.verb:set package 'pmb2_controller_configuration' build argument 'cmake_target' from command line to 'None'
[0.791s] Level 5:colcon.colcon_core.verb:set package 'pmb2_controller_configuration' build argument 'cmake_target_skip_unavailable' from command line to 'False'
[0.791s] Level 5:colcon.colcon_core.verb:set package 'pmb2_controller_configuration' build argument 'cmake_clean_cache' from command line to 'False'
[0.791s] Level 5:colcon.colcon_core.verb:set package 'pmb2_controller_configuration' build argument 'cmake_clean_first' from command line to 'False'
[0.791s] Level 5:colcon.colcon_core.verb:set package 'pmb2_controller_configuration' build argument 'cmake_force_configure' from command line to 'False'
[0.791s] Level 5:colcon.colcon_core.verb:set package 'pmb2_controller_configuration' build argument 'ament_cmake_args' from command line to 'None'
[0.792s] Level 5:colcon.colcon_core.verb:set package 'pmb2_controller_configuration' build argument 'catkin_cmake_args' from command line to 'None'
[0.792s] Level 5:colcon.colcon_core.verb:set package 'pmb2_controller_configuration' build argument 'catkin_skip_building_tests' from command line to 'False'
[0.792s] DEBUG:colcon.colcon_core.verb:Building package 'pmb2_controller_configuration' with the following arguments: {'ament_cmake_args': None, 'build_base': '/home/ines/tiago_ws/build/pmb2_controller_configuration', 'catkin_cmake_args': None, 'catkin_skip_building_tests': False, 'cmake_args': None, 'cmake_clean_cache': False, 'cmake_clean_first': False, 'cmake_force_configure': False, 'cmake_target': None, 'cmake_target_skip_unavailable': False, 'install_base': '/home/ines/tiago_ws/install/pmb2_controller_configuration', 'merge_install': False, 'path': '/home/ines/tiago_ws/src/pmb2_robot/pmb2_controller_configuration', 'symlink_install': True, 'test_result_base': None}
[0.792s] Level 5:colcon.colcon_core.verb:set package 'pmb2_laser_sensors' build argument 'cmake_args' from command line to 'None'
[0.792s] Level 5:colcon.colcon_core.verb:set package 'pmb2_laser_sensors' build argument 'cmake_target' from command line to 'None'
[0.792s] Level 5:colcon.colcon_core.verb:set package 'pmb2_laser_sensors' build argument 'cmake_target_skip_unavailable' from command line to 'False'
[0.792s] Level 5:colcon.colcon_core.verb:set package 'pmb2_laser_sensors' build argument 'cmake_clean_cache' from command line to 'False'
[0.792s] Level 5:colcon.colcon_core.verb:set package 'pmb2_laser_sensors' build argument 'cmake_clean_first' from command line to 'False'
[0.792s] Level 5:colcon.colcon_core.verb:set package 'pmb2_laser_sensors' build argument 'cmake_force_configure' from command line to 'False'
[0.792s] Level 5:colcon.colcon_core.verb:set package 'pmb2_laser_sensors' build argument 'ament_cmake_args' from command line to 'None'
[0.792s] Level 5:colcon.colcon_core.verb:set package 'pmb2_laser_sensors' build argument 'catkin_cmake_args' from command line to 'None'
[0.792s] Level 5:colcon.colcon_core.verb:set package 'pmb2_laser_sensors' build argument 'catkin_skip_building_tests' from command line to 'False'
[0.792s] DEBUG:colcon.colcon_core.verb:Building package 'pmb2_laser_sensors' with the following arguments: {'ament_cmake_args': None, 'build_base': '/home/ines/tiago_ws/build/pmb2_laser_sensors', 'catkin_cmake_args': None, 'catkin_skip_building_tests': False, 'cmake_args': None, 'cmake_clean_cache': False, 'cmake_clean_first': False, 'cmake_force_configure': False, 'cmake_target': None, 'cmake_target_skip_unavailable': False, 'install_base': '/home/ines/tiago_ws/install/pmb2_laser_sensors', 'merge_install': False, 'path': '/home/ines/tiago_ws/src/pmb2_navigation/pmb2_laser_sensors', 'symlink_install': True, 'test_result_base': None}
[0.793s] Level 5:colcon.colcon_core.verb:set package 'pmb2_maps' build argument 'cmake_args' from command line to 'None'
[0.793s] Level 5:colcon.colcon_core.verb:set package 'pmb2_maps' build argument 'cmake_target' from command line to 'None'
[0.793s] Level 5:colcon.colcon_core.verb:set package 'pmb2_maps' build argument 'cmake_target_skip_unavailable' from command line to 'False'
[0.793s] Level 5:colcon.colcon_core.verb:set package 'pmb2_maps' build argument 'cmake_clean_cache' from command line to 'False'
[0.793s] Level 5:colcon.colcon_core.verb:set package 'pmb2_maps' build argument 'cmake_clean_first' from command line to 'False'
[0.793s] Level 5:colcon.colcon_core.verb:set package 'pmb2_maps' build argument 'cmake_force_configure' from command line to 'False'
[0.793s] Level 5:colcon.colcon_core.verb:set package 'pmb2_maps' build argument 'ament_cmake_args' from command line to 'None'
[0.793s] Level 5:colcon.colcon_core.verb:set package 'pmb2_maps' build argument 'catkin_cmake_args' from command line to 'None'
[0.793s] Level 5:colcon.colcon_core.verb:set package 'pmb2_maps' build argument 'catkin_skip_building_tests' from command line to 'False'
[0.794s] DEBUG:colcon.colcon_core.verb:Building package 'pmb2_maps' with the following arguments: {'ament_cmake_args': None, 'build_base': '/home/ines/tiago_ws/build/pmb2_maps', 'catkin_cmake_args': None, 'catkin_skip_building_tests': False, 'cmake_args': None, 'cmake_clean_cache': False, 'cmake_clean_first': False, 'cmake_force_configure': False, 'cmake_target': None, 'cmake_target_skip_unavailable': False, 'install_base': '/home/ines/tiago_ws/install/pmb2_maps', 'merge_install': False, 'path': '/home/ines/tiago_ws/src/pmb2_navigation/pmb2_maps', 'symlink_install': True, 'test_result_base': None}
[0.794s] Level 5:colcon.colcon_core.verb:set package 'tiago_autonomous_exploration' build argument 'cmake_args' from command line to 'None'
[0.794s] Level 5:colcon.colcon_core.verb:set package 'tiago_autonomous_exploration' build argument 'cmake_target' from command line to 'None'
[0.794s] Level 5:colcon.colcon_core.verb:set package 'tiago_autonomous_exploration' build argument 'cmake_target_skip_unavailable' from command line to 'False'
[0.794s] Level 5:colcon.colcon_core.verb:set package 'tiago_autonomous_exploration' build argument 'cmake_clean_cache' from command line to 'False'
[0.794s] Level 5:colcon.colcon_core.verb:set package 'tiago_autonomous_exploration' build argument 'cmake_clean_first' from command line to 'False'
[0.794s] Level 5:colcon.colcon_core.verb:set package 'tiago_autonomous_exploration' build argument 'cmake_force_configure' from command line to 'False'
[0.795s] Level 5:colcon.colcon_core.verb:set package 'tiago_autonomous_exploration' build argument 'ament_cmake_args' from command line to 'None'
[0.795s] Level 5:colcon.colcon_core.verb:set package 'tiago_autonomous_exploration' build argument 'catkin_cmake_args' from command line to 'None'
[0.795s] Level 5:colcon.colcon_core.verb:set package 'tiago_autonomous_exploration' build argument 'catkin_skip_building_tests' from command line to 'False'
[0.795s] DEBUG:colcon.colcon_core.verb:Building package 'tiago_autonomous_exploration' with the following arguments: {'ament_cmake_args': None, 'build_base': '/home/ines/tiago_ws/build/tiago_autonomous_exploration', 'catkin_cmake_args': None, 'catkin_skip_building_tests': False, 'cmake_args': None, 'cmake_clean_cache': False, 'cmake_clean_first': False, 'cmake_force_configure': False, 'cmake_target': None, 'cmake_target_skip_unavailable': False, 'install_base': '/home/ines/tiago_ws/install/tiago_autonomous_exploration', 'merge_install': False, 'path': '/home/ines/tiago_ws/src/tiago_autonomous_exploration', 'symlink_install': True, 'test_result_base': None}
[0.795s] Level 5:colcon.colcon_core.verb:set package 'tiago_autonomous_navigation' build argument 'cmake_args' from command line to 'None'
[0.795s] Level 5:colcon.colcon_core.verb:set package 'tiago_autonomous_navigation' build argument 'cmake_target' from command line to 'None'
[0.795s] Level 5:colcon.colcon_core.verb:set package 'tiago_autonomous_navigation' build argument 'cmake_target_skip_unavailable' from command line to 'False'
[0.795s] Level 5:colcon.colcon_core.verb:set package 'tiago_autonomous_navigation' build argument 'cmake_clean_cache' from command line to 'False'
[0.795s] Level 5:colcon.colcon_core.verb:set package 'tiago_autonomous_navigation' build argument 'cmake_clean_first' from command line to 'False'
[0.795s] Level 5:colcon.colcon_core.verb:set package 'tiago_autonomous_navigation' build argument 'cmake_force_configure' from command line to 'False'
[0.795s] Level 5:colcon.colcon_core.verb:set package 'tiago_autonomous_navigation' build argument 'ament_cmake_args' from command line to 'None'
[0.796s] Level 5:colcon.colcon_core.verb:set package 'tiago_autonomous_navigation' build argument 'catkin_cmake_args' from command line to 'None'
[0.796s] Level 5:colcon.colcon_core.verb:set package 'tiago_autonomous_navigation' build argument 'catkin_skip_building_tests' from command line to 'False'
[0.796s] DEBUG:colcon.colcon_core.verb:Building package 'tiago_autonomous_navigation' with the following arguments: {'ament_cmake_args': None, 'build_base': '/home/ines/tiago_ws/build/tiago_autonomous_navigation', 'catkin_cmake_args': None, 'catkin_skip_building_tests': False, 'cmake_args': None, 'cmake_clean_cache': False, 'cmake_clean_first': False, 'cmake_force_configure': False, 'cmake_target': None, 'cmake_target_skip_unavailable': False, 'install_base': '/home/ines/tiago_ws/install/tiago_autonomous_navigation', 'merge_install': False, 'path': '/home/ines/tiago_ws/src/tiago_autonomous_navigation', 'symlink_install': True, 'test_result_base': None}
[0.796s] Level 5:colcon.colcon_core.verb:set package 'tiago_exam_worlds' build argument 'cmake_args' from command line to 'None'
[0.797s] Level 5:colcon.colcon_core.verb:set package 'tiago_exam_worlds' build argument 'cmake_target' from command line to 'None'
[0.797s] Level 5:colcon.colcon_core.verb:set package 'tiago_exam_worlds' build argument 'cmake_target_skip_unavailable' from command line to 'False'
[0.797s] Level 5:colcon.colcon_core.verb:set package 'tiago_exam_worlds' build argument 'cmake_clean_cache' from command line to 'False'
[0.797s] Level 5:colcon.colcon_core.verb:set package 'tiago_exam_worlds' build argument 'cmake_clean_first' from command line to 'False'
[0.797s] Level 5:colcon.colcon_core.verb:set package 'tiago_exam_worlds' build argument 'cmake_force_configure' from command line to 'False'
[0.797s] Level 5:colcon.colcon_core.verb:set package 'tiago_exam_worlds' build argument 'ament_cmake_args' from command line to 'None'
[0.797s] Level 5:colcon.colcon_core.verb:set package 'tiago_exam_worlds' build argument 'catkin_cmake_args' from command line to 'None'
[0.797s] Level 5:colcon.colcon_core.verb:set package 'tiago_exam_worlds' build argument 'catkin_skip_building_tests' from command line to 'False'
[0.797s] DEBUG:colcon.colcon_core.verb:Building package 'tiago_exam_worlds' with the following arguments: {'ament_cmake_args': None, 'build_base': '/home/ines/tiago_ws/build/tiago_exam_worlds', 'catkin_cmake_args': None, 'catkin_skip_building_tests': False, 'cmake_args': None, 'cmake_clean_cache': False, 'cmake_clean_first': False, 'cmake_force_configure': False, 'cmake_target': None, 'cmake_target_skip_unavailable': False, 'install_base': '/home/ines/tiago_ws/install/tiago_exam_worlds', 'merge_install': False, 'path': '/home/ines/tiago_ws/src/tiago_exam_worlds', 'symlink_install': True, 'test_result_base': None}
[0.798s] Level 5:colcon.colcon_core.verb:set package 'pal_navigation_cfg_bringup' build argument 'cmake_args' from command line to 'None'
[0.798s] Level 5:colcon.colcon_core.verb:set package 'pal_navigation_cfg_bringup' build argument 'cmake_target' from command line to 'None'
[0.798s] Level 5:colcon.colcon_core.verb:set package 'pal_navigation_cfg_bringup' build argument 'cmake_target_skip_unavailable' from command line to 'False'
[0.798s] Level 5:colcon.colcon_core.verb:set package 'pal_navigation_cfg_bringup' build argument 'cmake_clean_cache' from command line to 'False'
[0.798s] Level 5:colcon.colcon_core.verb:set package 'pal_navigation_cfg_bringup' build argument 'cmake_clean_first' from command line to 'False'
[0.798s] Level 5:colcon.colcon_core.verb:set package 'pal_navigation_cfg_bringup' build argument 'cmake_force_configure' from command line to 'False'
[0.798s] Level 5:colcon.colcon_core.verb:set package 'pal_navigation_cfg_bringup' build argument 'ament_cmake_args' from command line to 'None'
[0.798s] Level 5:colcon.colcon_core.verb:set package 'pal_navigation_cfg_bringup' build argument 'catkin_cmake_args' from command line to 'None'
[0.798s] Level 5:colcon.colcon_core.verb:set package 'pal_navigation_cfg_bringup' build argument 'catkin_skip_building_tests' from command line to 'False'
[0.798s] DEBUG:colcon.colcon_core.verb:Building package 'pal_navigation_cfg_bringup' with the following arguments: {'ament_cmake_args': None, 'build_base': '/home/ines/tiago_ws/build/pal_navigation_cfg_bringup', 'catkin_cmake_args': None, 'catkin_skip_building_tests': False, 'cmake_args': None, 'cmake_clean_cache': False, 'cmake_clean_first': False, 'cmake_force_configure': False, 'cmake_target': None, 'cmake_target_skip_unavailable': False, 'install_base': '/home/ines/tiago_ws/install/pal_navigation_cfg_bringup', 'merge_install': False, 'path': '/home/ines/tiago_ws/src/pal_navigation_cfg_public/pal_navigation_cfg_bringup', 'symlink_install': True, 'test_result_base': None}
[0.799s] Level 5:colcon.colcon_core.verb:set package 'pmb2_2dnav' build argument 'cmake_args' from command line to 'None'
[0.799s] Level 5:colcon.colcon_core.verb:set package 'pmb2_2dnav' build argument 'cmake_target' from command line to 'None'
[0.799s] Level 5:colcon.colcon_core.verb:set package 'pmb2_2dnav' build argument 'cmake_target_skip_unavailable' from command line to 'False'
[0.799s] Level 5:colcon.colcon_core.verb:set package 'pmb2_2dnav' build argument 'cmake_clean_cache' from command line to 'False'
[0.799s] Level 5:colcon.colcon_core.verb:set package 'pmb2_2dnav' build argument 'cmake_clean_first' from command line to 'False'
[0.799s] Level 5:colcon.colcon_core.verb:set package 'pmb2_2dnav' build argument 'cmake_force_configure' from command line to 'False'
[0.799s] Level 5:colcon.colcon_core.verb:set package 'pmb2_2dnav' build argument 'ament_cmake_args' from command line to 'None'
[0.799s] Level 5:colcon.colcon_core.verb:set package 'pmb2_2dnav' build argument 'catkin_cmake_args' from command line to 'None'
[0.799s] Level 5:colcon.colcon_core.verb:set package 'pmb2_2dnav' build argument 'catkin_skip_building_tests' from command line to 'False'
[0.799s] DEBUG:colcon.colcon_core.verb:Building package 'pmb2_2dnav' with the following arguments: {'ament_cmake_args': None, 'build_base': '/home/ines/tiago_ws/build/pmb2_2dnav', 'catkin_cmake_args': None, 'catkin_skip_building_tests': False, 'cmake_args': None, 'cmake_clean_cache': False, 'cmake_clean_first': False, 'cmake_force_configure': False, 'cmake_target': None, 'cmake_target_skip_unavailable': False, 'install_base': '/home/ines/tiago_ws/install/pmb2_2dnav', 'merge_install': False, 'path': '/home/ines/tiago_ws/src/pmb2_navigation/pmb2_2dnav', 'symlink_install': True, 'test_result_base': None}
[0.800s] Level 5:colcon.colcon_core.verb:set package 'pmb2_description' build argument 'cmake_args' from command line to 'None'
[0.800s] Level 5:colcon.colcon_core.verb:set package 'pmb2_description' build argument 'cmake_target' from command line to 'None'
[0.800s] Level 5:colcon.colcon_core.verb:set package 'pmb2_description' build argument 'cmake_target_skip_unavailable' from command line to 'False'
[0.800s] Level 5:colcon.colcon_core.verb:set package 'pmb2_description' build argument 'cmake_clean_cache' from command line to 'False'
[0.800s] Level 5:colcon.colcon_core.verb:set package 'pmb2_description' build argument 'cmake_clean_first' from command line to 'False'
[0.800s] Level 5:colcon.colcon_core.verb:set package 'pmb2_description' build argument 'cmake_force_configure' from command line to 'False'
[0.800s] Level 5:colcon.colcon_core.verb:set package 'pmb2_description' build argument 'ament_cmake_args' from command line to 'None'
[0.800s] Level 5:colcon.colcon_core.verb:set package 'pmb2_description' build argument 'catkin_cmake_args' from command line to 'None'
[0.800s] Level 5:colcon.colcon_core.verb:set package 'pmb2_description' build argument 'catkin_skip_building_tests' from command line to 'False'
[0.800s] DEBUG:colcon.colcon_core.verb:Building package 'pmb2_description' with the following arguments: {'ament_cmake_args': None, 'build_base': '/home/ines/tiago_ws/build/pmb2_description', 'catkin_cmake_args': None, 'catkin_skip_building_tests': False, 'cmake_args': None, 'cmake_clean_cache': False, 'cmake_clean_first': False, 'cmake_force_configure': False, 'cmake_target': None, 'cmake_target_skip_unavailable': False, 'install_base': '/home/ines/tiago_ws/install/pmb2_description', 'merge_install': False, 'path': '/home/ines/tiago_ws/src/pmb2_robot/pmb2_description', 'symlink_install': True, 'test_result_base': None}
[0.801s] Level 5:colcon.colcon_core.verb:set package 'tiago_2dnav' build argument 'cmake_args' from command line to 'None'
[0.801s] Level 5:colcon.colcon_core.verb:set package 'tiago_2dnav' build argument 'cmake_target' from command line to 'None'
[0.801s] Level 5:colcon.colcon_core.verb:set package 'tiago_2dnav' build argument 'cmake_target_skip_unavailable' from command line to 'False'
[0.801s] Level 5:colcon.colcon_core.verb:set package 'tiago_2dnav' build argument 'cmake_clean_cache' from command line to 'False'
[0.801s] Level 5:colcon.colcon_core.verb:set package 'tiago_2dnav' build argument 'cmake_clean_first' from command line to 'False'
[0.801s] Level 5:colcon.colcon_core.verb:set package 'tiago_2dnav' build argument 'cmake_force_configure' from command line to 'False'
[0.801s] Level 5:colcon.colcon_core.verb:set package 'tiago_2dnav' build argument 'ament_cmake_args' from command line to 'None'
[0.801s] Level 5:colcon.colcon_core.verb:set package 'tiago_2dnav' build argument 'catkin_cmake_args' from command line to 'None'
[0.801s] Level 5:colcon.colcon_core.verb:set package 'tiago_2dnav' build argument 'catkin_skip_building_tests' from command line to 'False'
[0.801s] DEBUG:colcon.colcon_core.verb:Building package 'tiago_2dnav' with the following arguments: {'ament_cmake_args': None, 'build_base': '/home/ines/tiago_ws/build/tiago_2dnav', 'catkin_cmake_args': None, 'catkin_skip_building_tests': False, 'cmake_args': None, 'cmake_clean_cache': False, 'cmake_clean_first': False, 'cmake_force_configure': False, 'cmake_target': None, 'cmake_target_skip_unavailable': False, 'install_base': '/home/ines/tiago_ws/install/tiago_2dnav', 'merge_install': False, 'path': '/home/ines/tiago_ws/src/tiago_navigation.bak/tiago_2dnav', 'symlink_install': True, 'test_result_base': None}
[0.802s] Level 5:colcon.colcon_core.verb:set package 'tiago_controller_configuration' build argument 'cmake_args' from command line to 'None'
[0.802s] Level 5:colcon.colcon_core.verb:set package 'tiago_controller_configuration' build argument 'cmake_target' from command line to 'None'
[0.802s] Level 5:colcon.colcon_core.verb:set package 'tiago_controller_configuration' build argument 'cmake_target_skip_unavailable' from command line to 'False'
[0.802s] Level 5:colcon.colcon_core.verb:set package 'tiago_controller_configuration' build argument 'cmake_clean_cache' from command line to 'False'
[0.802s] Level 5:colcon.colcon_core.verb:set package 'tiago_controller_configuration' build argument 'cmake_clean_first' from command line to 'False'
[0.802s] Level 5:colcon.colcon_core.verb:set package 'tiago_controller_configuration' build argument 'cmake_force_configure' from command line to 'False'
[0.802s] Level 5:colcon.colcon_core.verb:set package 'tiago_controller_configuration' build argument 'ament_cmake_args' from command line to 'None'
[0.802s] Level 5:colcon.colcon_core.verb:set package 'tiago_controller_configuration' build argument 'catkin_cmake_args' from command line to 'None'
[0.802s] Level 5:colcon.colcon_core.verb:set package 'tiago_controller_configuration' build argument 'catkin_skip_building_tests' from command line to 'False'
[0.802s] DEBUG:colcon.colcon_core.verb:Building package 'tiago_controller_configuration' with the following arguments: {'ament_cmake_args': None, 'build_base': '/home/ines/tiago_ws/build/tiago_controller_configuration', 'catkin_cmake_args': None, 'catkin_skip_building_tests': False, 'cmake_args': None, 'cmake_clean_cache': False, 'cmake_clean_first': False, 'cmake_force_configure': False, 'cmake_target': None, 'cmake_target_skip_unavailable': False, 'install_base': '/home/ines/tiago_ws/install/tiago_controller_configuration', 'merge_install': False, 'path': '/home/ines/tiago_ws/src/tiago_controller_configuration', 'symlink_install': True, 'test_result_base': None}
[0.803s] Level 5:colcon.colcon_core.verb:set package 'tiago_laser_sensors' build argument 'cmake_args' from command line to 'None'
[0.803s] Level 5:colcon.colcon_core.verb:set package 'tiago_laser_sensors' build argument 'cmake_target' from command line to 'None'
[0.803s] Level 5:colcon.colcon_core.verb:set package 'tiago_laser_sensors' build argument 'cmake_target_skip_unavailable' from command line to 'False'
[0.803s] Level 5:colcon.colcon_core.verb:set package 'tiago_laser_sensors' build argument 'cmake_clean_cache' from command line to 'False'
[0.803s] Level 5:colcon.colcon_core.verb:set package 'tiago_laser_sensors' build argument 'cmake_clean_first' from command line to 'False'
[0.803s] Level 5:colcon.colcon_core.verb:set package 'tiago_laser_sensors' build argument 'cmake_force_configure' from command line to 'False'
[0.803s] Level 5:colcon.colcon_core.verb:set package 'tiago_laser_sensors' build argument 'ament_cmake_args' from command line to 'None'
[0.803s] Level 5:colcon.colcon_core.verb:set package 'tiago_laser_sensors' build argument 'catkin_cmake_args' from command line to 'None'
[0.803s] Level 5:colcon.colcon_core.verb:set package 'tiago_laser_sensors' build argument 'catkin_skip_building_tests' from command line to 'False'
[0.803s] DEBUG:colcon.colcon_core.verb:Building package 'tiago_laser_sensors' with the following arguments: {'ament_cmake_args': None, 'build_base': '/home/ines/tiago_ws/build/tiago_laser_sensors', 'catkin_cmake_args': None, 'catkin_skip_building_tests': False, 'cmake_args': None, 'cmake_clean_cache': False, 'cmake_clean_first': False, 'cmake_force_configure': False, 'cmake_target': None, 'cmake_target_skip_unavailable': False, 'install_base': '/home/ines/tiago_ws/install/tiago_laser_sensors', 'merge_install': False, 'path': '/home/ines/tiago_ws/src/tiago_navigation.bak/tiago_laser_sensors', 'symlink_install': True, 'test_result_base': None}
[0.804s] Level 5:colcon.colcon_core.verb:set package 'pal_navigation_cfg' build argument 'cmake_args' from command line to 'None'
[0.804s] Level 5:colcon.colcon_core.verb:set package 'pal_navigation_cfg' build argument 'cmake_target' from command line to 'None'
[0.804s] Level 5:colcon.colcon_core.verb:set package 'pal_navigation_cfg' build argument 'cmake_target_skip_unavailable' from command line to 'False'
[0.804s] Level 5:colcon.colcon_core.verb:set package 'pal_navigation_cfg' build argument 'cmake_clean_cache' from command line to 'False'
[0.804s] Level 5:colcon.colcon_core.verb:set package 'pal_navigation_cfg' build argument 'cmake_clean_first' from command line to 'False'
[0.804s] Level 5:colcon.colcon_core.verb:set package 'pal_navigation_cfg' build argument 'cmake_force_configure' from command line to 'False'
[0.804s] Level 5:colcon.colcon_core.verb:set package 'pal_navigation_cfg' build argument 'ament_cmake_args' from command line to 'None'
[0.804s] Level 5:colcon.colcon_core.verb:set package 'pal_navigation_cfg' build argument 'catkin_cmake_args' from command line to 'None'
[0.804s] Level 5:colcon.colcon_core.verb:set package 'pal_navigation_cfg' build argument 'catkin_skip_building_tests' from command line to 'False'
[0.804s] DEBUG:colcon.colcon_core.verb:Building package 'pal_navigation_cfg' with the following arguments: {'ament_cmake_args': None, 'build_base': '/home/ines/tiago_ws/build/pal_navigation_cfg', 'catkin_cmake_args': None, 'catkin_skip_building_tests': False, 'cmake_args': None, 'cmake_clean_cache': False, 'cmake_clean_first': False, 'cmake_force_configure': False, 'cmake_target': None, 'cmake_target_skip_unavailable': False, 'install_base': '/home/ines/tiago_ws/install/pal_navigation_cfg', 'merge_install': False, 'path': '/home/ines/tiago_ws/src/pal_navigation_cfg_public/pal_navigation_cfg_public', 'symlink_install': True, 'test_result_base': None}
[0.805s] Level 5:colcon.colcon_core.verb:set package 'pmb2_bringup' build argument 'cmake_args' from command line to 'None'
[0.805s] Level 5:colcon.colcon_core.verb:set package 'pmb2_bringup' build argument 'cmake_target' from command line to 'None'
[0.805s] Level 5:colcon.colcon_core.verb:set package 'pmb2_bringup' build argument 'cmake_target_skip_unavailable' from command line to 'False'
[0.805s] Level 5:colcon.colcon_core.verb:set package 'pmb2_bringup' build argument 'cmake_clean_cache' from command line to 'False'
[0.805s] Level 5:colcon.colcon_core.verb:set package 'pmb2_bringup' build argument 'cmake_clean_first' from command line to 'False'
[0.805s] Level 5:colcon.colcon_core.verb:set package 'pmb2_bringup' build argument 'cmake_force_configure' from command line to 'False'
[0.805s] Level 5:colcon.colcon_core.verb:set package 'pmb2_bringup' build argument 'ament_cmake_args' from command line to 'None'
[0.805s] Level 5:colcon.colcon_core.verb:set package 'pmb2_bringup' build argument 'catkin_cmake_args' from command line to 'None'
[0.805s] Level 5:colcon.colcon_core.verb:set package 'pmb2_bringup' build argument 'catkin_skip_building_tests' from command line to 'False'
[0.805s] DEBUG:colcon.colcon_core.verb:Building package 'pmb2_bringup' with the following arguments: {'ament_cmake_args': None, 'build_base': '/home/ines/tiago_ws/build/pmb2_bringup', 'catkin_cmake_args': None, 'catkin_skip_building_tests': False, 'cmake_args': None, 'cmake_clean_cache': False, 'cmake_clean_first': False, 'cmake_force_configure': False, 'cmake_target': None, 'cmake_target_skip_unavailable': False, 'install_base': '/home/ines/tiago_ws/install/pmb2_bringup', 'merge_install': False, 'path': '/home/ines/tiago_ws/src/pmb2_robot/pmb2_bringup', 'symlink_install': True, 'test_result_base': None}
[0.805s] Level 5:colcon.colcon_core.verb:set package 'pmb2_navigation' build argument 'cmake_args' from command line to 'None'
[0.806s] Level 5:colcon.colcon_core.verb:set package 'pmb2_navigation' build argument 'cmake_target' from command line to 'None'
[0.806s] Level 5:colcon.colcon_core.verb:set package 'pmb2_navigation' build argument 'cmake_target_skip_unavailable' from command line to 'False'
[0.806s] Level 5:colcon.colcon_core.verb:set package 'pmb2_navigation' build argument 'cmake_clean_cache' from command line to 'False'
[0.806s] Level 5:colcon.colcon_core.verb:set package 'pmb2_navigation' build argument 'cmake_clean_first' from command line to 'False'
[0.806s] Level 5:colcon.colcon_core.verb:set package 'pmb2_navigation' build argument 'cmake_force_configure' from command line to 'False'
[0.806s] Level 5:colcon.colcon_core.verb:set package 'pmb2_navigation' build argument 'ament_cmake_args' from command line to 'None'
[0.806s] Level 5:colcon.colcon_core.verb:set package 'pmb2_navigation' build argument 'catkin_cmake_args' from command line to 'None'
[0.806s] Level 5:colcon.colcon_core.verb:set package 'pmb2_navigation' build argument 'catkin_skip_building_tests' from command line to 'False'
[0.806s] DEBUG:colcon.colcon_core.verb:Building package 'pmb2_navigation' with the following arguments: {'ament_cmake_args': None, 'build_base': '/home/ines/tiago_ws/build/pmb2_navigation', 'catkin_cmake_args': None, 'catkin_skip_building_tests': False, 'cmake_args': None, 'cmake_clean_cache': False, 'cmake_clean_first': False, 'cmake_force_configure': False, 'cmake_target': None, 'cmake_target_skip_unavailable': False, 'install_base': '/home/ines/tiago_ws/install/pmb2_navigation', 'merge_install': False, 'path': '/home/ines/tiago_ws/src/pmb2_navigation/pmb2_navigation', 'symlink_install': True, 'test_result_base': None}
[0.807s] Level 5:colcon.colcon_core.verb:set package 'tiago_description' build argument 'cmake_args' from command line to 'None'
[0.807s] Level 5:colcon.colcon_core.verb:set package 'tiago_description' build argument 'cmake_target' from command line to 'None'
[0.807s] Level 5:colcon.colcon_core.verb:set package 'tiago_description' build argument 'cmake_target_skip_unavailable' from command line to 'False'
[0.807s] Level 5:colcon.colcon_core.verb:set package 'tiago_description' build argument 'cmake_clean_cache' from command line to 'False'
[0.807s] Level 5:colcon.colcon_core.verb:set package 'tiago_description' build argument 'cmake_clean_first' from command line to 'False'
[0.807s] Level 5:colcon.colcon_core.verb:set package 'tiago_description' build argument 'cmake_force_configure' from command line to 'False'
[0.807s] Level 5:colcon.colcon_core.verb:set package 'tiago_description' build argument 'ament_cmake_args' from command line to 'None'
[0.807s] Level 5:colcon.colcon_core.verb:set package 'tiago_description' build argument 'catkin_cmake_args' from command line to 'None'
[0.807s] Level 5:colcon.colcon_core.verb:set package 'tiago_description' build argument 'catkin_skip_building_tests' from command line to 'False'
[0.807s] DEBUG:colcon.colcon_core.verb:Building package 'tiago_description' with the following arguments: {'ament_cmake_args': None, 'build_base': '/home/ines/tiago_ws/build/tiago_description', 'catkin_cmake_args': None, 'catkin_skip_building_tests': False, 'cmake_args': None, 'cmake_clean_cache': False, 'cmake_clean_first': False, 'cmake_force_configure': False, 'cmake_target': None, 'cmake_target_skip_unavailable': False, 'install_base': '/home/ines/tiago_ws/install/tiago_description', 'merge_install': False, 'path': '/home/ines/tiago_ws/src/tiago_description', 'symlink_install': True, 'test_result_base': None}
[0.808s] Level 5:colcon.colcon_core.verb:set package 'tiago_navigation' build argument 'cmake_args' from command line to 'None'
[0.808s] Level 5:colcon.colcon_core.verb:set package 'tiago_navigation' build argument 'cmake_target' from command line to 'None'
[0.808s] Level 5:colcon.colcon_core.verb:set package 'tiago_navigation' build argument 'cmake_target_skip_unavailable' from command line to 'False'
[0.808s] Level 5:colcon.colcon_core.verb:set package 'tiago_navigation' build argument 'cmake_clean_cache' from command line to 'False'
[0.808s] Level 5:colcon.colcon_core.verb:set package 'tiago_navigation' build argument 'cmake_clean_first' from command line to 'False'
[0.808s] Level 5:colcon.colcon_core.verb:set package 'tiago_navigation' build argument 'cmake_force_configure' from command line to 'False'
[0.808s] Level 5:colcon.colcon_core.verb:set package 'tiago_navigation' build argument 'ament_cmake_args' from command line to 'None'
[0.808s] Level 5:colcon.colcon_core.verb:set package 'tiago_navigation' build argument 'catkin_cmake_args' from command line to 'None'
[0.808s] Level 5:colcon.colcon_core.verb:set package 'tiago_navigation' build argument 'catkin_skip_building_tests' from command line to 'False'
[0.808s] DEBUG:colcon.colcon_core.verb:Building package 'tiago_navigation' with the following arguments: {'ament_cmake_args': None, 'build_base': '/home/ines/tiago_ws/build/tiago_navigation', 'catkin_cmake_args': None, 'catkin_skip_building_tests': False, 'cmake_args': None, 'cmake_clean_cache': False, 'cmake_clean_first': False, 'cmake_force_configure': False, 'cmake_target': None, 'cmake_target_skip_unavailable': False, 'install_base': '/home/ines/tiago_ws/install/tiago_navigation', 'merge_install': False, 'path': '/home/ines/tiago_ws/src/tiago_navigation.bak/tiago_navigation', 'symlink_install': True, 'test_result_base': None}
[0.809s] Level 5:colcon.colcon_core.verb:set package 'pmb2_robot' build argument 'cmake_args' from command line to 'None'
[0.809s] Level 5:colcon.colcon_core.verb:set package 'pmb2_robot' build argument 'cmake_target' from command line to 'None'
[0.809s] Level 5:colcon.colcon_core.verb:set package 'pmb2_robot' build argument 'cmake_target_skip_unavailable' from command line to 'False'
[0.809s] Level 5:colcon.colcon_core.verb:set package 'pmb2_robot' build argument 'cmake_clean_cache' from command line to 'False'
[0.809s] Level 5:colcon.colcon_core.verb:set package 'pmb2_robot' build argument 'cmake_clean_first' from command line to 'False'
[0.809s] Level 5:colcon.colcon_core.verb:set package 'pmb2_robot' build argument 'cmake_force_configure' from command line to 'False'
[0.809s] Level 5:colcon.colcon_core.verb:set package 'pmb2_robot' build argument 'ament_cmake_args' from command line to 'None'
[0.809s] Level 5:colcon.colcon_core.verb:set package 'pmb2_robot' build argument 'catkin_cmake_args' from command line to 'None'
[0.809s] Level 5:colcon.colcon_core.verb:set package 'pmb2_robot' build argument 'catkin_skip_building_tests' from command line to 'False'
[0.809s] DEBUG:colcon.colcon_core.verb:Building package 'pmb2_robot' with the following arguments: {'ament_cmake_args': None, 'build_base': '/home/ines/tiago_ws/build/pmb2_robot', 'catkin_cmake_args': None, 'catkin_skip_building_tests': False, 'cmake_args': None, 'cmake_clean_cache': False, 'cmake_clean_first': False, 'cmake_force_configure': False, 'cmake_target': None, 'cmake_target_skip_unavailable': False, 'install_base': '/home/ines/tiago_ws/install/pmb2_robot', 'merge_install': False, 'path': '/home/ines/tiago_ws/src/pmb2_robot/pmb2_robot', 'symlink_install': True, 'test_result_base': None}
[0.810s] Level 5:colcon.colcon_core.verb:set package 'tiago_exam' build argument 'cmake_args' from command line to 'None'
[0.810s] Level 5:colcon.colcon_core.verb:set package 'tiago_exam' build argument 'cmake_target' from command line to 'None'
[0.810s] Level 5:colcon.colcon_core.verb:set package 'tiago_exam' build argument 'cmake_target_skip_unavailable' from command line to 'False'
[0.810s] Level 5:colcon.colcon_core.verb:set package 'tiago_exam' build argument 'cmake_clean_cache' from command line to 'False'
[0.810s] Level 5:colcon.colcon_core.verb:set package 'tiago_exam' build argument 'cmake_clean_first' from command line to 'False'
[0.810s] Level 5:colcon.colcon_core.verb:set package 'tiago_exam' build argument 'cmake_force_configure' from command line to 'False'
[0.810s] Level 5:colcon.colcon_core.verb:set package 'tiago_exam' build argument 'ament_cmake_args' from command line to 'None'
[0.810s] Level 5:colcon.colcon_core.verb:set package 'tiago_exam' build argument 'catkin_cmake_args' from command line to 'None'
[0.810s] Level 5:colcon.colcon_core.verb:set package 'tiago_exam' build argument 'catkin_skip_building_tests' from command line to 'False'
[0.811s] DEBUG:colcon.colcon_core.verb:Building package 'tiago_exam' with the following arguments: {'ament_cmake_args': None, 'build_base': '/home/ines/tiago_ws/build/tiago_exam', 'catkin_cmake_args': None, 'catkin_skip_building_tests': False, 'cmake_args': None, 'cmake_clean_cache': False, 'cmake_clean_first': False, 'cmake_force_configure': False, 'cmake_target': None, 'cmake_target_skip_unavailable': False, 'install_base': '/home/ines/tiago_ws/install/tiago_exam', 'merge_install': False, 'path': '/home/ines/tiago_ws/src/tiago_exam', 'symlink_install': True, 'test_result_base': None}
[0.811s] INFO:colcon.colcon_core.executor:Executing jobs using 'parallel' executor
[0.813s] DEBUG:colcon.colcon_parallel_executor.executor.parallel:run_until_complete
[0.814s] INFO:colcon.colcon_ros.task.ament_cmake.build:Building ROS package in '/home/ines/tiago_ws/src/pmb2_robot/pmb2_controller_configuration' with build type 'ament_cmake'
[0.814s] INFO:colcon.colcon_cmake.task.cmake.build:Building CMake package in '/home/ines/tiago_ws/src/pmb2_robot/pmb2_controller_configuration'
[0.820s] INFO:colcon.colcon_core.plugin_system:Skipping extension 'colcon_core.shell.bat': Not used on non-Windows systems
[0.821s] INFO:colcon.colcon_core.shell:Skip shell extension 'powershell' for command environment: Not usable outside of PowerShell
[0.821s] DEBUG:colcon.colcon_core.shell:Skip shell extension 'dsv' for command environment
[0.832s] INFO:colcon.colcon_ros.task.ament_cmake.build:Building ROS package in '/home/ines/tiago_ws/src/pmb2_navigation/pmb2_maps' with build type 'ament_cmake'
[0.833s] INFO:colcon.colcon_cmake.task.cmake.build:Building CMake package in '/home/ines/tiago_ws/src/pmb2_navigation/pmb2_maps'
[0.833s] INFO:colcon.colcon_core.shell:Skip shell extension 'powershell' for command environment: Not usable outside of PowerShell
[0.833s] DEBUG:colcon.colcon_core.shell:Skip shell extension 'dsv' for command environment
[0.845s] INFO:colcon.colcon_ros.task.ament_cmake.build:Building ROS package in '/home/ines/tiago_ws/src/pmb2_navigation/pmb2_laser_sensors' with build type 'ament_cmake'
[0.845s] INFO:colcon.colcon_cmake.task.cmake.build:Building CMake package in '/home/ines/tiago_ws/src/pmb2_navigation/pmb2_laser_sensors'
[0.846s] INFO:colcon.colcon_core.shell:Skip shell extension 'powershell' for command environment: Not usable outside of PowerShell
[0.846s] DEBUG:colcon.colcon_core.shell:Skip shell extension 'dsv' for command environment
[0.856s] INFO:colcon.colcon_ros.task.ament_cmake.build:Building ROS package in '/home/ines/tiago_ws/src/pal_navigation_cfg_public/pal_navigation_cfg_params' with build type 'ament_cmake'
[0.857s] INFO:colcon.colcon_cmake.task.cmake.build:Building CMake package in '/home/ines/tiago_ws/src/pal_navigation_cfg_public/pal_navigation_cfg_params'
[0.857s] INFO:colcon.colcon_core.shell:Skip shell extension 'powershell' for command environment: Not usable outside of PowerShell
[0.857s] DEBUG:colcon.colcon_core.shell:Skip shell extension 'dsv' for command environment
[0.869s] INFO:colcon.colcon_ros.task.ament_cmake.build:Building ROS package in '/home/ines/tiago_ws/src/m-explore-ros2/m-explore-ros2-main/explore' with build type 'ament_cmake'
[0.869s] INFO:colcon.colcon_cmake.task.cmake.build:Building CMake package in '/home/ines/tiago_ws/src/m-explore-ros2/m-explore-ros2-main/explore'
[0.870s] INFO:colcon.colcon_core.shell:Skip shell extension 'powershell' for command environment: Not usable outside of PowerShell
[0.870s] DEBUG:colcon.colcon_core.shell:Skip shell extension 'dsv' for command environment
[0.881s] INFO:colcon.colcon_ros.task.ament_cmake.build:Building ROS package in '/home/ines/tiago_ws/src/m-explore-ros2/m-explore-ros2-main/map_merge' with build type 'ament_cmake'
[0.881s] INFO:colcon.colcon_cmake.task.cmake.build:Building CMake package in '/home/ines/tiago_ws/src/m-explore-ros2/m-explore-ros2-main/map_merge'
[0.882s] INFO:colcon.colcon_core.shell:Skip shell extension 'powershell' for command environment: Not usable outside of PowerShell
[0.882s] DEBUG:colcon.colcon_core.shell:Skip shell extension 'dsv' for command environment
[0.892s] INFO:colcon.colcon_ros.task.ament_python.build:Building ROS package in '/home/ines/tiago_ws/src/tiago_autonomous_exploration' with build type 'ament_python'
[0.892s] Level 1:colcon.colcon_core.shell:create_environment_hook('tiago_autonomous_exploration', 'ament_prefix_path')
[0.893s] INFO:colcon.colcon_core.shell:Creating environment hook '/home/ines/tiago_ws/install/tiago_autonomous_exploration/share/tiago_autonomous_exploration/hook/ament_prefix_path.ps1'
[0.894s] INFO:colcon.colcon_core.shell:Creating environment descriptor '/home/ines/tiago_ws/install/tiago_autonomous_exploration/share/tiago_autonomous_exploration/hook/ament_prefix_path.dsv'
[0.895s] INFO:colcon.colcon_core.shell:Creating environment hook '/home/ines/tiago_ws/install/tiago_autonomous_exploration/share/tiago_autonomous_exploration/hook/ament_prefix_path.sh'
[0.897s] INFO:colcon.colcon_core.shell:Skip shell extension 'powershell' for command environment: Not usable outside of PowerShell
[0.897s] DEBUG:colcon.colcon_core.shell:Skip shell extension 'dsv' for command environment
[0.907s] INFO:colcon.colcon_ros.task.ament_python.build:Building ROS package in '/home/ines/tiago_ws/src/tiago_autonomous_navigation' with build type 'ament_python'
[0.907s] Level 1:colcon.colcon_core.shell:create_environment_hook('tiago_autonomous_navigation', 'ament_prefix_path')
[0.907s] INFO:colcon.colcon_core.shell:Creating environment hook '/home/ines/tiago_ws/install/tiago_autonomous_navigation/share/tiago_autonomous_navigation/hook/ament_prefix_path.ps1'
[0.908s] INFO:colcon.colcon_core.shell:Creating environment descriptor '/home/ines/tiago_ws/install/tiago_autonomous_navigation/share/tiago_autonomous_navigation/hook/ament_prefix_path.dsv'
[0.909s] INFO:colcon.colcon_core.shell:Creating environment hook '/home/ines/tiago_ws/install/tiago_autonomous_navigation/share/tiago_autonomous_navigation/hook/ament_prefix_path.sh'
[0.911s] INFO:colcon.colcon_core.shell:Skip shell extension 'powershell' for command environment: Not usable outside of PowerShell
[0.911s] DEBUG:colcon.colcon_core.shell:Skip shell extension 'dsv' for command environment
[0.930s] DEBUG:colcon.colcon_core.event_handler.log_command:Invoking command in '/home/ines/tiago_ws/build/pmb2_controller_configuration': CMAKE_PREFIX_PATH=${CMAKE_PREFIX_PATH}:/home/ines/tiago_ws/install/tiago_autonomous_navigation:/home/ines/tiago_ws/install/tiago_autonomous_exploration:/home/ines/ros2_ws/install/scripts:/home/ines/ros2_ws/install/acrobat:/opt/ros/humble /usr/bin/cmake --build /home/ines/tiago_ws/build/pmb2_controller_configuration -- -j8 -l8
[0.937s] DEBUG:colcon.colcon_core.event_handler.log_command:Invoking command in '/home/ines/tiago_ws/build/pmb2_maps': CMAKE_PREFIX_PATH=${CMAKE_PREFIX_PATH}:/home/ines/tiago_ws/install/tiago_autonomous_navigation:/home/ines/tiago_ws/install/tiago_autonomous_exploration:/home/ines/ros2_ws/install/scripts:/home/ines/ros2_ws/install/acrobat:/opt/ros/humble /usr/bin/cmake --build /home/ines/tiago_ws/build/pmb2_maps -- -j8 -l8
[0.942s] DEBUG:colcon.colcon_core.event_handler.log_command:Invoking command in '/home/ines/tiago_ws/build/pmb2_laser_sensors': CMAKE_PREFIX_PATH=${CMAKE_PREFIX_PATH}:/home/ines/tiago_ws/install/tiago_autonomous_navigation:/home/ines/tiago_ws/install/tiago_autonomous_exploration:/home/ines/ros2_ws/install/scripts:/home/ines/ros2_ws/install/acrobat:/opt/ros/humble /usr/bin/cmake --build /home/ines/tiago_ws/build/pmb2_laser_sensors -- -j8 -l8
[0.957s] DEBUG:colcon.colcon_core.event_handler.log_command:Invoking command in '/home/ines/tiago_ws/build/pal_navigation_cfg_params': CMAKE_PREFIX_PATH=${CMAKE_PREFIX_PATH}:/home/ines/tiago_ws/install/tiago_autonomous_navigation:/home/ines/tiago_ws/install/tiago_autonomous_exploration:/home/ines/ros2_ws/install/scripts:/home/ines/ros2_ws/install/acrobat:/opt/ros/humble /usr/bin/cmake --build /home/ines/tiago_ws/build/pal_navigation_cfg_params -- -j8 -l8
[0.963s] DEBUG:colcon.colcon_core.event_handler.log_command:Invoking command in '/home/ines/tiago_ws/build/explore_lite': CMAKE_PREFIX_PATH=${CMAKE_PREFIX_PATH}:/home/ines/tiago_ws/install/tiago_autonomous_navigation:/home/ines/tiago_ws/install/tiago_autonomous_exploration:/home/ines/ros2_ws/install/scripts:/home/ines/ros2_ws/install/acrobat:/opt/ros/humble /usr/bin/cmake --build /home/ines/tiago_ws/build/explore_lite -- -j8 -l8
[0.984s] DEBUG:colcon.colcon_core.event_handler.log_command:Invoking command in '/home/ines/tiago_ws/build/multirobot_map_merge': CMAKE_PREFIX_PATH=${CMAKE_PREFIX_PATH}:/home/ines/tiago_ws/install/tiago_autonomous_navigation:/home/ines/tiago_ws/install/tiago_autonomous_exploration:/home/ines/ros2_ws/install/scripts:/home/ines/ros2_ws/install/acrobat:/opt/ros/humble /usr/bin/cmake --build /home/ines/tiago_ws/build/multirobot_map_merge -- -j8 -l8
[1.687s] INFO:colcon.colcon_core.task.python.build:Building Python package in '/home/ines/tiago_ws/src/tiago_autonomous_exploration'
[1.688s] INFO:colcon.colcon_core.shell:Skip shell extension 'powershell' for command environment: Not usable outside of PowerShell
[1.688s] DEBUG:colcon.colcon_core.shell:Skip shell extension 'dsv' for command environment
[2.372s] INFO:colcon.colcon_core.task.python.build:Building Python package in '/home/ines/tiago_ws/src/tiago_autonomous_navigation'
[2.373s] INFO:colcon.colcon_core.shell:Skip shell extension 'powershell' for command environment: Not usable outside of PowerShell
[2.373s] DEBUG:colcon.colcon_core.shell:Skip shell extension 'dsv' for command environment
[2.390s] DEBUG:colcon.colcon_core.event_handler.log_command:Invoked command in '/home/ines/tiago_ws/build/pmb2_maps' returned '0': CMAKE_PREFIX_PATH=${CMAKE_PREFIX_PATH}:/home/ines/tiago_ws/install/tiago_autonomous_navigation:/home/ines/tiago_ws/install/tiago_autonomous_exploration:/home/ines/ros2_ws/install/scripts:/home/ines/ros2_ws/install/acrobat:/opt/ros/humble /usr/bin/cmake --build /home/ines/tiago_ws/build/pmb2_maps -- -j8 -l8
[2.391s] DEBUG:colcon.colcon_core.event_handler.log_command:Invoked command in '/home/ines/tiago_ws/build/pmb2_laser_sensors' returned '0': CMAKE_PREFIX_PATH=${CMAKE_PREFIX_PATH}:/home/ines/tiago_ws/install/tiago_autonomous_navigation:/home/ines/tiago_ws/install/tiago_autonomous_exploration:/home/ines/ros2_ws/install/scripts:/home/ines/ros2_ws/install/acrobat:/opt/ros/humble /usr/bin/cmake --build /home/ines/tiago_ws/build/pmb2_laser_sensors -- -j8 -l8
[2.393s] DEBUG:colcon.colcon_core.event_handler.log_command:Invoked command in '/home/ines/tiago_ws/build/explore_lite' returned '0': CMAKE_PREFIX_PATH=${CMAKE_PREFIX_PATH}:/home/ines/tiago_ws/install/tiago_autonomous_navigation:/home/ines/tiago_ws/install/tiago_autonomous_exploration:/home/ines/ros2_ws/install/scripts:/home/ines/ros2_ws/install/acrobat:/opt/ros/humble /usr/bin/cmake --build /home/ines/tiago_ws/build/explore_lite -- -j8 -l8
[2.400s] DEBUG:colcon.colcon_core.event_handler.log_command:Invoked command in '/home/ines/tiago_ws/build/pmb2_controller_configuration' returned '0': CMAKE_PREFIX_PATH=${CMAKE_PREFIX_PATH}:/home/ines/tiago_ws/install/tiago_autonomous_navigation:/home/ines/tiago_ws/install/tiago_autonomous_exploration:/home/ines/ros2_ws/install/scripts:/home/ines/ros2_ws/install/acrobat:/opt/ros/humble /usr/bin/cmake --build /home/ines/tiago_ws/build/pmb2_controller_configuration -- -j8 -l8
[2.405s] DEBUG:colcon.colcon_core.event_handler.log_command:Invoked command in '/home/ines/tiago_ws/build/pal_navigation_cfg_params' returned '0': CMAKE_PREFIX_PATH=${CMAKE_PREFIX_PATH}:/home/ines/tiago_ws/install/tiago_autonomous_navigation:/home/ines/tiago_ws/install/tiago_autonomous_exploration:/home/ines/ros2_ws/install/scripts:/home/ines/ros2_ws/install/acrobat:/opt/ros/humble /usr/bin/cmake --build /home/ines/tiago_ws/build/pal_navigation_cfg_params -- -j8 -l8
[2.406s] DEBUG:colcon.colcon_core.event_handler.log_command:Invoked command in '/home/ines/tiago_ws/build/multirobot_map_merge' returned '0': CMAKE_PREFIX_PATH=${CMAKE_PREFIX_PATH}:/home/ines/tiago_ws/install/tiago_autonomous_navigation:/home/ines/tiago_ws/install/tiago_autonomous_exploration:/home/ines/ros2_ws/install/scripts:/home/ines/ros2_ws/install/acrobat:/opt/ros/humble /usr/bin/cmake --build /home/ines/tiago_ws/build/multirobot_map_merge -- -j8 -l8
[2.479s] DEBUG:colcon.colcon_core.event_handler.log_command:Invoking command in '/home/ines/tiago_ws/build/pmb2_maps': CMAKE_PREFIX_PATH=${CMAKE_PREFIX_PATH}:/home/ines/tiago_ws/install/tiago_autonomous_navigation:/home/ines/tiago_ws/install/tiago_autonomous_exploration:/home/ines/ros2_ws/install/scripts:/home/ines/ros2_ws/install/acrobat:/opt/ros/humble /usr/bin/cmake --install /home/ines/tiago_ws/build/pmb2_maps
[2.490s] DEBUG:colcon.colcon_core.event_handler.log_command:Invoking command in '/home/ines/tiago_ws/build/pmb2_controller_configuration': CMAKE_PREFIX_PATH=${CMAKE_PREFIX_PATH}:/home/ines/tiago_ws/install/tiago_autonomous_navigation:/home/ines/tiago_ws/install/tiago_autonomous_exploration:/home/ines/ros2_ws/install/scripts:/home/ines/ros2_ws/install/acrobat:/opt/ros/humble /usr/bin/cmake --install /home/ines/tiago_ws/build/pmb2_controller_configuration
[2.500s] DEBUG:colcon.colcon_core.event_handler.log_command:Invoking command in '/home/ines/tiago_ws/build/pmb2_laser_sensors': CMAKE_PREFIX_PATH=${CMAKE_PREFIX_PATH}:/home/ines/tiago_ws/install/tiago_autonomous_navigation:/home/ines/tiago_ws/install/tiago_autonomous_exploration:/home/ines/ros2_ws/install/scripts:/home/ines/ros2_ws/install/acrobat:/opt/ros/humble /usr/bin/cmake --install /home/ines/tiago_ws/build/pmb2_laser_sensors
[2.510s] DEBUG:colcon.colcon_core.event_handler.log_command:Invoking command in '/home/ines/tiago_ws/build/pal_navigation_cfg_params': CMAKE_PREFIX_PATH=${CMAKE_PREFIX_PATH}:/home/ines/tiago_ws/install/tiago_autonomous_navigation:/home/ines/tiago_ws/install/tiago_autonomous_exploration:/home/ines/ros2_ws/install/scripts:/home/ines/ros2_ws/install/acrobat:/opt/ros/humble /usr/bin/cmake --install /home/ines/tiago_ws/build/pal_navigation_cfg_params
[2.528s] DEBUG:colcon.colcon_core.event_handler.log_command:Invoking command in '/home/ines/tiago_ws/build/explore_lite': CMAKE_PREFIX_PATH=${CMAKE_PREFIX_PATH}:/home/ines/tiago_ws/install/tiago_autonomous_navigation:/home/ines/tiago_ws/install/tiago_autonomous_exploration:/home/ines/ros2_ws/install/scripts:/home/ines/ros2_ws/install/acrobat:/opt/ros/humble /usr/bin/cmake --install /home/ines/tiago_ws/build/explore_lite
[2.547s] Level 1:colcon.colcon_core.environment:create_environment_scripts_only(pmb2_maps)
[2.559s] DEBUG:colcon.colcon_core.event_handler.log_command:Invoked command in '/home/ines/tiago_ws/build/pmb2_maps' returned '0': CMAKE_PREFIX_PATH=${CMAKE_PREFIX_PATH}:/home/ines/tiago_ws/install/tiago_autonomous_navigation:/home/ines/tiago_ws/install/tiago_autonomous_exploration:/home/ines/ros2_ws/install/scripts:/home/ines/ros2_ws/install/acrobat:/opt/ros/humble /usr/bin/cmake --install /home/ines/tiago_ws/build/pmb2_maps
[2.567s] Level 1:colcon.colcon_core.environment:checking '/home/ines/tiago_ws/install/pmb2_maps' for CMake module files
[2.570s] Level 1:colcon.colcon_core.environment:checking '/home/ines/tiago_ws/install/pmb2_maps' for CMake config files
[2.578s] Level 1:colcon.colcon_core.shell:create_environment_hook('pmb2_maps', 'cmake_prefix_path')
[2.579s] INFO:colcon.colcon_core.shell:Creating environment hook '/home/ines/tiago_ws/install/pmb2_maps/share/pmb2_maps/hook/cmake_prefix_path.ps1'
[2.580s] INFO:colcon.colcon_core.shell:Creating environment descriptor '/home/ines/tiago_ws/install/pmb2_maps/share/pmb2_maps/hook/cmake_prefix_path.dsv'
[2.583s] INFO:colcon.colcon_core.shell:Creating environment hook '/home/ines/tiago_ws/install/pmb2_maps/share/pmb2_maps/hook/cmake_prefix_path.sh'
[2.585s] Level 1:colcon.colcon_core.environment:checking '/home/ines/tiago_ws/install/pmb2_maps/bin'
[2.585s] Level 1:colcon.colcon_core.environment:checking '/home/ines/tiago_ws/install/pmb2_maps/lib/pkgconfig/pmb2_maps.pc'
[2.585s] Level 1:colcon.colcon_core.environment:checking '/home/ines/tiago_ws/install/pmb2_maps/lib/python3.10/site-packages'
[2.586s] Level 1:colcon.colcon_core.environment:checking '/home/ines/tiago_ws/install/pmb2_maps/bin'
[2.587s] INFO:colcon.colcon_core.shell:Creating package script '/home/ines/tiago_ws/install/pmb2_maps/share/pmb2_maps/package.ps1'
[2.589s] INFO:colcon.colcon_core.shell:Creating package descriptor '/home/ines/tiago_ws/install/pmb2_maps/share/pmb2_maps/package.dsv'
[2.590s] INFO:colcon.colcon_core.shell:Creating package script '/home/ines/tiago_ws/install/pmb2_maps/share/pmb2_maps/package.sh'
[2.593s] INFO:colcon.colcon_core.shell:Creating package script '/home/ines/tiago_ws/install/pmb2_maps/share/pmb2_maps/package.bash'
[2.597s] INFO:colcon.colcon_core.shell:Creating package script '/home/ines/tiago_ws/install/pmb2_maps/share/pmb2_maps/package.zsh'
[2.598s] Level 1:colcon.colcon_core.environment:create_file_with_runtime_dependencies(/home/ines/tiago_ws/install/pmb2_maps/share/colcon-core/packages/pmb2_maps)
[2.605s] Level 1:colcon.colcon_core.environment:create_environment_scripts_only(pmb2_controller_configuration)
[2.606s] Level 1:colcon.colcon_core.environment:checking '/home/ines/tiago_ws/install/pmb2_controller_configuration' for CMake module files
[2.609s] Level 1:colcon.colcon_core.environment:checking '/home/ines/tiago_ws/install/pmb2_controller_configuration' for CMake config files
[2.610s] DEBUG:colcon.colcon_core.event_handler.log_command:Invoked command in '/home/ines/tiago_ws/build/pmb2_controller_configuration' returned '0': CMAKE_PREFIX_PATH=${CMAKE_PREFIX_PATH}:/home/ines/tiago_ws/install/tiago_autonomous_navigation:/home/ines/tiago_ws/install/tiago_autonomous_exploration:/home/ines/ros2_ws/install/scripts:/home/ines/ros2_ws/install/acrobat:/opt/ros/humble /usr/bin/cmake --install /home/ines/tiago_ws/build/pmb2_controller_configuration
[2.611s] Level 1:colcon.colcon_core.shell:create_environment_hook('pmb2_controller_configuration', 'cmake_prefix_path')
[2.613s] INFO:colcon.colcon_core.shell:Creating environment hook '/home/ines/tiago_ws/install/pmb2_controller_configuration/share/pmb2_controller_configuration/hook/cmake_prefix_path.ps1'
[2.614s] INFO:colcon.colcon_core.shell:Creating environment descriptor '/home/ines/tiago_ws/install/pmb2_controller_configuration/share/pmb2_controller_configuration/hook/cmake_prefix_path.dsv'
[2.615s] INFO:colcon.colcon_core.shell:Creating environment hook '/home/ines/tiago_ws/install/pmb2_controller_configuration/share/pmb2_controller_configuration/hook/cmake_prefix_path.sh'
[2.616s] Level 1:colcon.colcon_core.environment:checking '/home/ines/tiago_ws/install/pmb2_controller_configuration/bin'
[2.616s] Level 1:colcon.colcon_core.environment:checking '/home/ines/tiago_ws/install/pmb2_controller_configuration/lib/pkgconfig/pmb2_controller_configuration.pc'
[2.617s] Level 1:colcon.colcon_core.environment:checking '/home/ines/tiago_ws/install/pmb2_controller_configuration/lib/python3.10/site-packages'
[2.617s] Level 1:colcon.colcon_core.environment:checking '/home/ines/tiago_ws/install/pmb2_controller_configuration/bin'
[2.618s] INFO:colcon.colcon_core.shell:Creating package script '/home/ines/tiago_ws/install/pmb2_controller_configuration/share/pmb2_controller_configuration/package.ps1'
[2.619s] INFO:colcon.colcon_core.shell:Creating package descriptor '/home/ines/tiago_ws/install/pmb2_controller_configuration/share/pmb2_controller_configuration/package.dsv'
[2.620s] INFO:colcon.colcon_core.shell:Creating package script '/home/ines/tiago_ws/install/pmb2_controller_configuration/share/pmb2_controller_configuration/package.sh'
[2.621s] INFO:colcon.colcon_core.shell:Creating package script '/home/ines/tiago_ws/install/pmb2_controller_configuration/share/pmb2_controller_configuration/package.bash'
[2.622s] INFO:colcon.colcon_core.shell:Creating package script '/home/ines/tiago_ws/install/pmb2_controller_configuration/share/pmb2_controller_configuration/package.zsh'
[2.623s] Level 1:colcon.colcon_core.environment:create_file_with_runtime_dependencies(/home/ines/tiago_ws/install/pmb2_controller_configuration/share/colcon-core/packages/pmb2_controller_configuration)
[2.627s] Level 1:colcon.colcon_core.environment:create_environment_scripts_only(pmb2_laser_sensors)
[2.628s] Level 1:colcon.colcon_core.environment:checking '/home/ines/tiago_ws/install/pmb2_laser_sensors' for CMake module files
[2.629s] DEBUG:colcon.colcon_core.event_handler.log_command:Invoked command in '/home/ines/tiago_ws/build/pmb2_laser_sensors' returned '0': CMAKE_PREFIX_PATH=${CMAKE_PREFIX_PATH}:/home/ines/tiago_ws/install/tiago_autonomous_navigation:/home/ines/tiago_ws/install/tiago_autonomous_exploration:/home/ines/ros2_ws/install/scripts:/home/ines/ros2_ws/install/acrobat:/opt/ros/humble /usr/bin/cmake --install /home/ines/tiago_ws/build/pmb2_laser_sensors
[2.629s] Level 1:colcon.colcon_core.environment:checking '/home/ines/tiago_ws/install/pmb2_laser_sensors' for CMake config files
[2.630s] Level 1:colcon.colcon_core.shell:create_environment_hook('pmb2_laser_sensors', 'cmake_prefix_path')
[2.631s] INFO:colcon.colcon_core.shell:Creating environment hook '/home/ines/tiago_ws/install/pmb2_laser_sensors/share/pmb2_laser_sensors/hook/cmake_prefix_path.ps1'
[2.632s] INFO:colcon.colcon_core.shell:Creating environment descriptor '/home/ines/tiago_ws/install/pmb2_laser_sensors/share/pmb2_laser_sensors/hook/cmake_prefix_path.dsv'
[2.633s] INFO:colcon.colcon_core.shell:Creating environment hook '/home/ines/tiago_ws/install/pmb2_laser_sensors/share/pmb2_laser_sensors/hook/cmake_prefix_path.sh'
[2.634s] Level 1:colcon.colcon_core.environment:checking '/home/ines/tiago_ws/install/pmb2_laser_sensors/bin'
[2.635s] Level 1:colcon.colcon_core.environment:checking '/home/ines/tiago_ws/install/pmb2_laser_sensors/lib/pkgconfig/pmb2_laser_sensors.pc'
[2.635s] Level 1:colcon.colcon_core.environment:checking '/home/ines/tiago_ws/install/pmb2_laser_sensors/lib/python3.10/site-packages'
[2.635s] Level 1:colcon.colcon_core.environment:checking '/home/ines/tiago_ws/install/pmb2_laser_sensors/bin'
[2.636s] INFO:colcon.colcon_core.shell:Creating package script '/home/ines/tiago_ws/install/pmb2_laser_sensors/share/pmb2_laser_sensors/package.ps1'
[2.637s] INFO:colcon.colcon_core.shell:Creating package descriptor '/home/ines/tiago_ws/install/pmb2_laser_sensors/share/pmb2_laser_sensors/package.dsv'
[2.638s] INFO:colcon.colcon_core.shell:Creating package script '/home/ines/tiago_ws/install/pmb2_laser_sensors/share/pmb2_laser_sensors/package.sh'
[2.639s] INFO:colcon.colcon_core.shell:Creating package script '/home/ines/tiago_ws/install/pmb2_laser_sensors/share/pmb2_laser_sensors/package.bash'
[2.640s] INFO:colcon.colcon_core.shell:Creating package script '/home/ines/tiago_ws/install/pmb2_laser_sensors/share/pmb2_laser_sensors/package.zsh'
[2.641s] Level 1:colcon.colcon_core.environment:create_file_with_runtime_dependencies(/home/ines/tiago_ws/install/pmb2_laser_sensors/share/colcon-core/packages/pmb2_laser_sensors)
[2.646s] Level 1:colcon.colcon_core.environment:create_environment_scripts_only(explore_lite)
[2.647s] Level 1:colcon.colcon_core.environment:checking '/home/ines/tiago_ws/install/explore_lite' for CMake module files
[2.649s] DEBUG:colcon.colcon_core.event_handler.log_command:Invoked command in '/home/ines/tiago_ws/build/explore_lite' returned '0': CMAKE_PREFIX_PATH=${CMAKE_PREFIX_PATH}:/home/ines/tiago_ws/install/tiago_autonomous_navigation:/home/ines/tiago_ws/install/tiago_autonomous_exploration:/home/ines/ros2_ws/install/scripts:/home/ines/ros2_ws/install/acrobat:/opt/ros/humble /usr/bin/cmake --install /home/ines/tiago_ws/build/explore_lite
[2.649s] Level 1:colcon.colcon_core.environment:checking '/home/ines/tiago_ws/install/explore_lite' for CMake config files
[2.655s] Level 1:colcon.colcon_core.shell:create_environment_hook('explore_lite', 'cmake_prefix_path')
[2.655s] INFO:colcon.colcon_core.shell:Creating environment hook '/home/ines/tiago_ws/install/explore_lite/share/explore_lite/hook/cmake_prefix_path.ps1'
[2.656s] INFO:colcon.colcon_core.shell:Creating environment descriptor '/home/ines/tiago_ws/install/explore_lite/share/explore_lite/hook/cmake_prefix_path.dsv'
[2.660s] INFO:colcon.colcon_core.shell:Creating environment hook '/home/ines/tiago_ws/install/explore_lite/share/explore_lite/hook/cmake_prefix_path.sh'
[2.666s] Level 1:colcon.colcon_core.environment:checking '/home/ines/tiago_ws/install/explore_lite/lib'
[2.666s] Level 1:colcon.colcon_core.environment:checking '/home/ines/tiago_ws/install/explore_lite/bin'
[2.666s] Level 1:colcon.colcon_core.environment:checking '/home/ines/tiago_ws/install/explore_lite/lib/pkgconfig/explore_lite.pc'
[2.667s] Level 1:colcon.colcon_core.environment:checking '/home/ines/tiago_ws/install/explore_lite/lib/python3.10/site-packages'
[2.667s] Level 1:colcon.colcon_core.environment:checking '/home/ines/tiago_ws/install/explore_lite/bin'
[2.668s] INFO:colcon.colcon_core.shell:Creating package script '/home/ines/tiago_ws/install/explore_lite/share/explore_lite/package.ps1'
[2.672s] INFO:colcon.colcon_core.shell:Creating package descriptor '/home/ines/tiago_ws/install/explore_lite/share/explore_lite/package.dsv'
[2.673s] INFO:colcon.colcon_core.shell:Creating package script '/home/ines/tiago_ws/install/explore_lite/share/explore_lite/package.sh'
[2.674s] INFO:colcon.colcon_core.shell:Creating package script '/home/ines/tiago_ws/install/explore_lite/share/explore_lite/package.bash'
[2.675s] INFO:colcon.colcon_core.shell:Creating package script '/home/ines/tiago_ws/install/explore_lite/share/explore_lite/package.zsh'
[2.678s] Level 1:colcon.colcon_core.environment:create_file_with_runtime_dependencies(/home/ines/tiago_ws/install/explore_lite/share/colcon-core/packages/explore_lite)
[2.687s] Level 1:colcon.colcon_core.environment:create_environment_scripts_only(pal_navigation_cfg_params)
[2.687s] Level 1:colcon.colcon_core.environment:checking '/home/ines/tiago_ws/install/pal_navigation_cfg_params' for CMake module files
[2.688s] Level 1:colcon.colcon_core.environment:checking '/home/ines/tiago_ws/install/pal_navigation_cfg_params' for CMake config files
[2.690s] DEBUG:colcon.colcon_core.event_handler.log_command:Invoked command in '/home/ines/tiago_ws/build/pal_navigation_cfg_params' returned '0': CMAKE_PREFIX_PATH=${CMAKE_PREFIX_PATH}:/home/ines/tiago_ws/install/tiago_autonomous_navigation:/home/ines/tiago_ws/install/tiago_autonomous_exploration:/home/ines/ros2_ws/install/scripts:/home/ines/ros2_ws/install/acrobat:/opt/ros/humble /usr/bin/cmake --install /home/ines/tiago_ws/build/pal_navigation_cfg_params
[2.691s] Level 1:colcon.colcon_core.shell:create_environment_hook('pal_navigation_cfg_params', 'cmake_prefix_path')
[2.692s] INFO:colcon.colcon_core.shell:Creating environment hook '/home/ines/tiago_ws/install/pal_navigation_cfg_params/share/pal_navigation_cfg_params/hook/cmake_prefix_path.ps1'
[2.693s] INFO:colcon.colcon_core.shell:Creating environment descriptor '/home/ines/tiago_ws/install/pal_navigation_cfg_params/share/pal_navigation_cfg_params/hook/cmake_prefix_path.dsv'
[2.698s] INFO:colcon.colcon_core.shell:Creating environment hook '/home/ines/tiago_ws/install/pal_navigation_cfg_params/share/pal_navigation_cfg_params/hook/cmake_prefix_path.sh'
[2.699s] Level 1:colcon.colcon_core.environment:checking '/home/ines/tiago_ws/install/pal_navigation_cfg_params/bin'
[2.699s] Level 1:colcon.colcon_core.environment:checking '/home/ines/tiago_ws/install/pal_navigation_cfg_params/lib/pkgconfig/pal_navigation_cfg_params.pc'
[2.699s] Level 1:colcon.colcon_core.environment:checking '/home/ines/tiago_ws/install/pal_navigation_cfg_params/lib/python3.10/site-packages'
[2.700s] Level 1:colcon.colcon_core.environment:checking '/home/ines/tiago_ws/install/pal_navigation_cfg_params/bin'
[2.701s] INFO:colcon.colcon_core.shell:Creating package script '/home/ines/tiago_ws/install/pal_navigation_cfg_params/share/pal_navigation_cfg_params/package.ps1'
[2.702s] INFO:colcon.colcon_core.shell:Creating package descriptor '/home/ines/tiago_ws/install/pal_navigation_cfg_params/share/pal_navigation_cfg_params/package.dsv'
[2.703s] INFO:colcon.colcon_core.shell:Creating package script '/home/ines/tiago_ws/install/pal_navigation_cfg_params/share/pal_navigation_cfg_params/package.sh'
[2.704s] INFO:colcon.colcon_core.shell:Creating package script '/home/ines/tiago_ws/install/pal_navigation_cfg_params/share/pal_navigation_cfg_params/package.bash'
[2.705s] INFO:colcon.colcon_core.shell:Creating package script '/home/ines/tiago_ws/install/pal_navigation_cfg_params/share/pal_navigation_cfg_params/package.zsh'
[2.706s] Level 1:colcon.colcon_core.environment:create_file_with_runtime_dependencies(/home/ines/tiago_ws/install/pal_navigation_cfg_params/share/colcon-core/packages/pal_navigation_cfg_params)
[2.722s] DEBUG:colcon.colcon_core.event_handler.log_command:Invoking command in '/home/ines/tiago_ws/build/multirobot_map_merge': CMAKE_PREFIX_PATH=${CMAKE_PREFIX_PATH}:/home/ines/tiago_ws/install/tiago_autonomous_navigation:/home/ines/tiago_ws/install/tiago_autonomous_exploration:/home/ines/ros2_ws/install/scripts:/home/ines/ros2_ws/install/acrobat:/opt/ros/humble /usr/bin/cmake --install /home/ines/tiago_ws/build/multirobot_map_merge
[2.725s] Level 1:colcon.colcon_core.environment:create_environment_scripts_only(pmb2_maps)
[2.725s] Level 1:colcon.colcon_core.environment:checking '/home/ines/tiago_ws/install/pmb2_maps' for CMake module files
[2.728s] Level 1:colcon.colcon_core.environment:checking '/home/ines/tiago_ws/install/pmb2_maps' for CMake config files
[2.732s] Level 1:colcon.colcon_core.shell:create_environment_hook('pmb2_maps', 'cmake_prefix_path')
[2.732s] INFO:colcon.colcon_core.shell:Creating environment hook '/home/ines/tiago_ws/install/pmb2_maps/share/pmb2_maps/hook/cmake_prefix_path.ps1'
[2.735s] INFO:colcon.colcon_core.shell:Creating environment descriptor '/home/ines/tiago_ws/install/pmb2_maps/share/pmb2_maps/hook/cmake_prefix_path.dsv'
[2.736s] INFO:colcon.colcon_core.shell:Creating environment hook '/home/ines/tiago_ws/install/pmb2_maps/share/pmb2_maps/hook/cmake_prefix_path.sh'
[2.737s] Level 1:colcon.colcon_core.environment:checking '/home/ines/tiago_ws/install/pmb2_maps/bin'
[2.737s] Level 1:colcon.colcon_core.environment:checking '/home/ines/tiago_ws/install/pmb2_maps/lib/pkgconfig/pmb2_maps.pc'
[2.738s] Level 1:colcon.colcon_core.environment:checking '/home/ines/tiago_ws/install/pmb2_maps/lib/python3.10/site-packages'
[2.739s] Level 1:colcon.colcon_core.environment:checking '/home/ines/tiago_ws/install/pmb2_maps/bin'
[2.740s] INFO:colcon.colcon_core.shell:Creating package script '/home/ines/tiago_ws/install/pmb2_maps/share/pmb2_maps/package.ps1'
[2.741s] INFO:colcon.colcon_core.shell:Creating package descriptor '/home/ines/tiago_ws/install/pmb2_maps/share/pmb2_maps/package.dsv'
[2.742s] INFO:colcon.colcon_core.shell:Creating package script '/home/ines/tiago_ws/install/pmb2_maps/share/pmb2_maps/package.sh'
[2.743s] INFO:colcon.colcon_core.shell:Creating package script '/home/ines/tiago_ws/install/pmb2_maps/share/pmb2_maps/package.bash'
[2.745s] INFO:colcon.colcon_core.shell:Creating package script '/home/ines/tiago_ws/install/pmb2_maps/share/pmb2_maps/package.zsh'
[2.746s] Level 1:colcon.colcon_core.environment:create_file_with_runtime_dependencies(/home/ines/tiago_ws/install/pmb2_maps/share/colcon-core/packages/pmb2_maps)
[2.750s] Level 1:colcon.colcon_core.environment:create_environment_scripts_only(pmb2_controller_configuration)
[2.751s] Level 1:colcon.colcon_core.environment:checking '/home/ines/tiago_ws/install/pmb2_controller_configuration' for CMake module files
[2.753s] Level 1:colcon.colcon_core.environment:checking '/home/ines/tiago_ws/install/pmb2_controller_configuration' for CMake config files
[2.757s] Level 1:colcon.colcon_core.shell:create_environment_hook('pmb2_controller_configuration', 'cmake_prefix_path')
[2.758s] INFO:colcon.colcon_core.shell:Creating environment hook '/home/ines/tiago_ws/install/pmb2_controller_configuration/share/pmb2_controller_configuration/hook/cmake_prefix_path.ps1'
[2.759s] INFO:colcon.colcon_core.shell:Creating environment descriptor '/home/ines/tiago_ws/install/pmb2_controller_configuration/share/pmb2_controller_configuration/hook/cmake_prefix_path.dsv'
[2.760s] INFO:colcon.colcon_core.shell:Creating environment hook '/home/ines/tiago_ws/install/pmb2_controller_configuration/share/pmb2_controller_configuration/hook/cmake_prefix_path.sh'
[2.763s] Level 1:colcon.colcon_core.environment:checking '/home/ines/tiago_ws/install/pmb2_controller_configuration/bin'
[2.764s] Level 1:colcon.colcon_core.environment:checking '/home/ines/tiago_ws/install/pmb2_controller_configuration/lib/pkgconfig/pmb2_controller_configuration.pc'
[2.764s] Level 1:colcon.colcon_core.environment:checking '/home/ines/tiago_ws/install/pmb2_controller_configuration/lib/python3.10/site-packages'
[2.765s] Level 1:colcon.colcon_core.environment:checking '/home/ines/tiago_ws/install/pmb2_controller_configuration/bin'
[2.765s] INFO:colcon.colcon_core.shell:Creating package script '/home/ines/tiago_ws/install/pmb2_controller_configuration/share/pmb2_controller_configuration/package.ps1'
[2.768s] INFO:colcon.colcon_core.shell:Creating package descriptor '/home/ines/tiago_ws/install/pmb2_controller_configuration/share/pmb2_controller_configuration/package.dsv'
[2.770s] INFO:colcon.colcon_core.shell:Creating package script '/home/ines/tiago_ws/install/pmb2_controller_configuration/share/pmb2_controller_configuration/package.sh'
[2.771s] INFO:colcon.colcon_core.shell:Creating package script '/home/ines/tiago_ws/install/pmb2_controller_configuration/share/pmb2_controller_configuration/package.bash'
[2.773s] INFO:colcon.colcon_core.shell:Creating package script '/home/ines/tiago_ws/install/pmb2_controller_configuration/share/pmb2_controller_configuration/package.zsh'
[2.774s] Level 1:colcon.colcon_core.environment:create_file_with_runtime_dependencies(/home/ines/tiago_ws/install/pmb2_controller_configuration/share/colcon-core/packages/pmb2_controller_configuration)
[2.774s] INFO:colcon.colcon_ros.task.ament_cmake.build:Building ROS package in '/home/ines/tiago_ws/src/tiago_navigation.bak/tiago_2dnav' with build type 'ament_cmake'
[2.775s] INFO:colcon.colcon_cmake.task.cmake.build:Building CMake package in '/home/ines/tiago_ws/src/tiago_navigation.bak/tiago_2dnav'
[2.775s] INFO:colcon.colcon_core.shell:Skip shell extension 'powershell' for command environment: Not usable outside of PowerShell
[2.776s] DEBUG:colcon.colcon_core.shell:Skip shell extension 'dsv' for command environment
[2.797s] INFO:colcon.colcon_ros.task.ament_cmake.build:Building ROS package in '/home/ines/tiago_ws/src/pmb2_robot/pmb2_description' with build type 'ament_cmake'
[2.797s] INFO:colcon.colcon_cmake.task.cmake.build:Building CMake package in '/home/ines/tiago_ws/src/pmb2_robot/pmb2_description'
[2.798s] INFO:colcon.colcon_core.shell:Skip shell extension 'powershell' for command environment: Not usable outside of PowerShell
[2.798s] DEBUG:colcon.colcon_core.shell:Skip shell extension 'dsv' for command environment
[2.818s] Level 1:colcon.colcon_core.environment:create_environment_scripts_only(pmb2_laser_sensors)
[2.819s] Level 1:colcon.colcon_core.environment:checking '/home/ines/tiago_ws/install/pmb2_laser_sensors' for CMake module files
[2.820s] Level 1:colcon.colcon_core.environment:checking '/home/ines/tiago_ws/install/pmb2_laser_sensors' for CMake config files
[2.821s] Level 1:colcon.colcon_core.shell:create_environment_hook('pmb2_laser_sensors', 'cmake_prefix_path')
[2.821s] INFO:colcon.colcon_core.shell:Creating environment hook '/home/ines/tiago_ws/install/pmb2_laser_sensors/share/pmb2_laser_sensors/hook/cmake_prefix_path.ps1'
[2.823s] INFO:colcon.colcon_core.shell:Creating environment descriptor '/home/ines/tiago_ws/install/pmb2_laser_sensors/share/pmb2_laser_sensors/hook/cmake_prefix_path.dsv'
[2.824s] INFO:colcon.colcon_core.shell:Creating environment hook '/home/ines/tiago_ws/install/pmb2_laser_sensors/share/pmb2_laser_sensors/hook/cmake_prefix_path.sh'
[2.825s] Level 1:colcon.colcon_core.environment:checking '/home/ines/tiago_ws/install/pmb2_laser_sensors/bin'
[2.825s] Level 1:colcon.colcon_core.environment:checking '/home/ines/tiago_ws/install/pmb2_laser_sensors/lib/pkgconfig/pmb2_laser_sensors.pc'
[2.826s] Level 1:colcon.colcon_core.environment:checking '/home/ines/tiago_ws/install/pmb2_laser_sensors/lib/python3.10/site-packages'
[2.826s] Level 1:colcon.colcon_core.environment:checking '/home/ines/tiago_ws/install/pmb2_laser_sensors/bin'
[2.827s] INFO:colcon.colcon_core.shell:Creating package script '/home/ines/tiago_ws/install/pmb2_laser_sensors/share/pmb2_laser_sensors/package.ps1'
[2.829s] INFO:colcon.colcon_core.shell:Creating package descriptor '/home/ines/tiago_ws/install/pmb2_laser_sensors/share/pmb2_laser_sensors/package.dsv'
[2.830s] INFO:colcon.colcon_core.shell:Creating package script '/home/ines/tiago_ws/install/pmb2_laser_sensors/share/pmb2_laser_sensors/package.sh'
[2.831s] INFO:colcon.colcon_core.shell:Creating package script '/home/ines/tiago_ws/install/pmb2_laser_sensors/share/pmb2_laser_sensors/package.bash'
[2.833s] INFO:colcon.colcon_core.shell:Creating package script '/home/ines/tiago_ws/install/pmb2_laser_sensors/share/pmb2_laser_sensors/package.zsh'
[2.834s] Level 1:colcon.colcon_core.environment:create_file_with_runtime_dependencies(/home/ines/tiago_ws/install/pmb2_laser_sensors/share/colcon-core/packages/pmb2_laser_sensors)
[2.838s] Level 1:colcon.colcon_core.environment:create_environment_scripts_only(multirobot_map_merge)
[2.838s] Level 1:colcon.colcon_core.environment:checking '/home/ines/tiago_ws/install/multirobot_map_merge' for CMake module files
[2.839s] DEBUG:colcon.colcon_core.event_handler.log_command:Invoked command in '/home/ines/tiago_ws/build/multirobot_map_merge' returned '0': CMAKE_PREFIX_PATH=${CMAKE_PREFIX_PATH}:/home/ines/tiago_ws/install/tiago_autonomous_navigation:/home/ines/tiago_ws/install/tiago_autonomous_exploration:/home/ines/ros2_ws/install/scripts:/home/ines/ros2_ws/install/acrobat:/opt/ros/humble /usr/bin/cmake --install /home/ines/tiago_ws/build/multirobot_map_merge
[2.841s] Level 1:colcon.colcon_core.environment:checking '/home/ines/tiago_ws/install/multirobot_map_merge' for CMake config files
[2.842s] Level 1:colcon.colcon_core.shell:create_environment_hook('multirobot_map_merge', 'cmake_prefix_path')
[2.843s] INFO:colcon.colcon_core.shell:Creating environment hook '/home/ines/tiago_ws/install/multirobot_map_merge/share/multirobot_map_merge/hook/cmake_prefix_path.ps1'
[2.844s] INFO:colcon.colcon_core.shell:Creating environment descriptor '/home/ines/tiago_ws/install/multirobot_map_merge/share/multirobot_map_merge/hook/cmake_prefix_path.dsv'
[2.845s] INFO:colcon.colcon_core.shell:Creating environment hook '/home/ines/tiago_ws/install/multirobot_map_merge/share/multirobot_map_merge/hook/cmake_prefix_path.sh'
[2.846s] Level 1:colcon.colcon_core.environment:checking '/home/ines/tiago_ws/install/multirobot_map_merge/lib'
[2.847s] Level 1:colcon.colcon_core.environment:checking '/home/ines/tiago_ws/install/multirobot_map_merge/bin'
[2.847s] Level 1:colcon.colcon_core.environment:checking '/home/ines/tiago_ws/install/multirobot_map_merge/lib/pkgconfig/multirobot_map_merge.pc'
[2.847s] Level 1:colcon.colcon_core.environment:checking '/home/ines/tiago_ws/install/multirobot_map_merge/lib/python3.10/site-packages'
[2.848s] Level 1:colcon.colcon_core.environment:checking '/home/ines/tiago_ws/install/multirobot_map_merge/bin'
[2.848s] INFO:colcon.colcon_core.shell:Creating package script '/home/ines/tiago_ws/install/multirobot_map_merge/share/multirobot_map_merge/package.ps1'
[2.850s] INFO:colcon.colcon_core.shell:Creating package descriptor '/home/ines/tiago_ws/install/multirobot_map_merge/share/multirobot_map_merge/package.dsv'
[2.851s] INFO:colcon.colcon_core.shell:Creating package script '/home/ines/tiago_ws/install/multirobot_map_merge/share/multirobot_map_merge/package.sh'
[2.852s] INFO:colcon.colcon_core.shell:Creating package script '/home/ines/tiago_ws/install/multirobot_map_merge/share/multirobot_map_merge/package.bash'
[2.853s] INFO:colcon.colcon_core.shell:Creating package script '/home/ines/tiago_ws/install/multirobot_map_merge/share/multirobot_map_merge/package.zsh'
[2.854s] Level 1:colcon.colcon_core.environment:create_file_with_runtime_dependencies(/home/ines/tiago_ws/install/multirobot_map_merge/share/colcon-core/packages/multirobot_map_merge)
[2.859s] INFO:colcon.colcon_ros.task.ament_cmake.build:Building ROS package in '/home/ines/tiago_ws/src/tiago_controller_configuration' with build type 'ament_cmake'
[2.860s] INFO:colcon.colcon_cmake.task.cmake.build:Building CMake package in '/home/ines/tiago_ws/src/tiago_controller_configuration'
[2.860s] INFO:colcon.colcon_core.shell:Skip shell extension 'powershell' for command environment: Not usable outside of PowerShell
[2.861s] DEBUG:colcon.colcon_core.shell:Skip shell extension 'dsv' for command environment
[2.882s] Level 1:colcon.colcon_core.environment:create_environment_scripts_only(explore_lite)
[2.882s] Level 1:colcon.colcon_core.environment:checking '/home/ines/tiago_ws/install/explore_lite' for CMake module files
[2.883s] Level 1:colcon.colcon_core.environment:checking '/home/ines/tiago_ws/install/explore_lite' for CMake config files
[2.885s] Level 1:colcon.colcon_core.shell:create_environment_hook('explore_lite', 'cmake_prefix_path')
[2.886s] INFO:colcon.colcon_core.shell:Creating environment hook '/home/ines/tiago_ws/install/explore_lite/share/explore_lite/hook/cmake_prefix_path.ps1'
[2.887s] INFO:colcon.colcon_core.shell:Creating environment descriptor '/home/ines/tiago_ws/install/explore_lite/share/explore_lite/hook/cmake_prefix_path.dsv'
[2.888s] INFO:colcon.colcon_core.shell:Creating environment hook '/home/ines/tiago_ws/install/explore_lite/share/explore_lite/hook/cmake_prefix_path.sh'
[2.890s] Level 1:colcon.colcon_core.environment:checking '/home/ines/tiago_ws/install/explore_lite/lib'
[2.891s] Level 1:colcon.colcon_core.environment:checking '/home/ines/tiago_ws/install/explore_lite/bin'
[2.891s] Level 1:colcon.colcon_core.environment:checking '/home/ines/tiago_ws/install/explore_lite/lib/pkgconfig/explore_lite.pc'
[2.891s] Level 1:colcon.colcon_core.environment:checking '/home/ines/tiago_ws/install/explore_lite/lib/python3.10/site-packages'
[2.892s] Level 1:colcon.colcon_core.environment:checking '/home/ines/tiago_ws/install/explore_lite/bin'
[2.893s] INFO:colcon.colcon_core.shell:Creating package script '/home/ines/tiago_ws/install/explore_lite/share/explore_lite/package.ps1'
[2.894s] INFO:colcon.colcon_core.shell:Creating package descriptor '/home/ines/tiago_ws/install/explore_lite/share/explore_lite/package.dsv'
[2.895s] INFO:colcon.colcon_core.shell:Creating package script '/home/ines/tiago_ws/install/explore_lite/share/explore_lite/package.sh'
[2.897s] INFO:colcon.colcon_core.shell:Creating package script '/home/ines/tiago_ws/install/explore_lite/share/explore_lite/package.bash'
[2.898s] INFO:colcon.colcon_core.shell:Creating package script '/home/ines/tiago_ws/install/explore_lite/share/explore_lite/package.zsh'
[2.899s] Level 1:colcon.colcon_core.environment:create_file_with_runtime_dependencies(/home/ines/tiago_ws/install/explore_lite/share/colcon-core/packages/explore_lite)
[2.900s] Level 1:colcon.colcon_core.environment:create_environment_scripts_only(pal_navigation_cfg_params)
[2.902s] Level 1:colcon.colcon_core.environment:checking '/home/ines/tiago_ws/install/pal_navigation_cfg_params' for CMake module files
[2.903s] Level 1:colcon.colcon_core.environment:checking '/home/ines/tiago_ws/install/pal_navigation_cfg_params' for CMake config files
[2.903s] Level 1:colcon.colcon_core.shell:create_environment_hook('pal_navigation_cfg_params', 'cmake_prefix_path')
[2.904s] INFO:colcon.colcon_core.shell:Creating environment hook '/home/ines/tiago_ws/install/pal_navigation_cfg_params/share/pal_navigation_cfg_params/hook/cmake_prefix_path.ps1'
[2.905s] INFO:colcon.colcon_core.shell:Creating environment descriptor '/home/ines/tiago_ws/install/pal_navigation_cfg_params/share/pal_navigation_cfg_params/hook/cmake_prefix_path.dsv'
[2.906s] INFO:colcon.colcon_core.shell:Creating environment hook '/home/ines/tiago_ws/install/pal_navigation_cfg_params/share/pal_navigation_cfg_params/hook/cmake_prefix_path.sh'
[2.907s] Level 1:colcon.colcon_core.environment:checking '/home/ines/tiago_ws/install/pal_navigation_cfg_params/bin'
[2.907s] Level 1:colcon.colcon_core.environment:checking '/home/ines/tiago_ws/install/pal_navigation_cfg_params/lib/pkgconfig/pal_navigation_cfg_params.pc'
[2.908s] Level 1:colcon.colcon_core.environment:checking '/home/ines/tiago_ws/install/pal_navigation_cfg_params/lib/python3.10/site-packages'
[2.909s] Level 1:colcon.colcon_core.environment:checking '/home/ines/tiago_ws/install/pal_navigation_cfg_params/bin'
[2.910s] INFO:colcon.colcon_core.shell:Creating package script '/home/ines/tiago_ws/install/pal_navigation_cfg_params/share/pal_navigation_cfg_params/package.ps1'
[2.911s] INFO:colcon.colcon_core.shell:Creating package descriptor '/home/ines/tiago_ws/install/pal_navigation_cfg_params/share/pal_navigation_cfg_params/package.dsv'
[2.912s] INFO:colcon.colcon_core.shell:Creating package script '/home/ines/tiago_ws/install/pal_navigation_cfg_params/share/pal_navigation_cfg_params/package.sh'
[2.913s] INFO:colcon.colcon_core.shell:Creating package script '/home/ines/tiago_ws/install/pal_navigation_cfg_params/share/pal_navigation_cfg_params/package.bash'
[2.914s] INFO:colcon.colcon_core.shell:Creating package script '/home/ines/tiago_ws/install/pal_navigation_cfg_params/share/pal_navigation_cfg_params/package.zsh'
[2.916s] Level 1:colcon.colcon_core.environment:create_file_with_runtime_dependencies(/home/ines/tiago_ws/install/pal_navigation_cfg_params/share/colcon-core/packages/pal_navigation_cfg_params)
[2.926s] DEBUG:colcon.colcon_core.event_handler.log_command:Invoking command in '/home/ines/tiago_ws/build/tiago_2dnav': CMAKE_PREFIX_PATH=/home/ines/tiago_ws/install/pmb2_maps:/home/ines/tiago_ws/install/pmb2_robot:/home/ines/tiago_ws/install/pmb2_bringup:/home/ines/tiago_ws/install/pmb2_description:/home/ines/tiago_ws/install/pmb2_controller_configuration:/home/ines/tiago_ws/install/tiago_navigation:/home/ines/tiago_ws/install/tiago_rgbd_sensors:/home/ines/tiago_ws/install/tiago_laser_sensors:/home/ines/tiago_ws/install/tiago_exam_worlds:/home/ines/tiago_ws/install/tiago_exam:/home/ines/tiago_ws/install/tiago_controller_configuration:/home/ines/tiago_ws/install/tiago_2dnav:/home/ines/tiago_ws/install/pmb2_rgbd_sensors:/home/ines/tiago_ws/install/pmb2_navigation:/home/ines/tiago_ws/install/pmb2_laser_sensors:/home/ines/tiago_ws/install/pmb2_2dnav:/home/ines/tiago_ws/install/pal_navigation_cfg:/home/ines/tiago_ws/install/pal_navigation_cfg_bringup:/home/ines/tiago_ws/install/pal_navigation_cfg_params:/home/ines/tiago_ws/install/multirobot_map_merge:/home/ines/tiago_ws/install/explore_lite:/home/ines/test_ws/install/my_package:/home/ines/tiago_ws/install/tiago_autonomous_navigation:/home/ines/tiago_ws/install/tiago_autonomous_exploration:/home/ines/ros2_ws/install/scripts:/home/ines/ros2_ws/install/acrobat:/opt/ros/humble /usr/bin/cmake --build /home/ines/tiago_ws/build/tiago_2dnav -- -j8 -l8
[2.927s] INFO:colcon.colcon_ros.task.ament_cmake.build:Building ROS package in '/home/ines/tiago_ws/src/pal_navigation_cfg_public/pal_navigation_cfg_bringup' with build type 'ament_cmake'
[2.927s] INFO:colcon.colcon_cmake.task.cmake.build:Building CMake package in '/home/ines/tiago_ws/src/pal_navigation_cfg_public/pal_navigation_cfg_bringup'
[2.929s] INFO:colcon.colcon_core.shell:Skip shell extension 'powershell' for command environment: Not usable outside of PowerShell
[2.929s] DEBUG:colcon.colcon_core.shell:Skip shell extension 'dsv' for command environment
[2.954s] INFO:colcon.colcon_ros.task.ament_cmake.build:Building ROS package in '/home/ines/tiago_ws/src/pmb2_navigation/pmb2_2dnav' with build type 'ament_cmake'
[2.954s] INFO:colcon.colcon_cmake.task.cmake.build:Building CMake package in '/home/ines/tiago_ws/src/pmb2_navigation/pmb2_2dnav'
[2.955s] INFO:colcon.colcon_core.shell:Skip shell extension 'powershell' for command environment: Not usable outside of PowerShell
[2.955s] DEBUG:colcon.colcon_core.shell:Skip shell extension 'dsv' for command environment
[2.999s] DEBUG:colcon.colcon_core.event_handler.log_command:Invoking command in '/home/ines/tiago_ws/build/pmb2_description': CMAKE_PREFIX_PATH=/home/ines/tiago_ws/install/pmb2_controller_configuration:/home/ines/tiago_ws/install/pmb2_robot:/home/ines/tiago_ws/install/pmb2_bringup:/home/ines/tiago_ws/install/pmb2_description:/home/ines/tiago_ws/install/pmb2_maps:/home/ines/tiago_ws/install/tiago_navigation:/home/ines/tiago_ws/install/tiago_rgbd_sensors:/home/ines/tiago_ws/install/tiago_laser_sensors:/home/ines/tiago_ws/install/tiago_exam_worlds:/home/ines/tiago_ws/install/tiago_exam:/home/ines/tiago_ws/install/tiago_controller_configuration:/home/ines/tiago_ws/install/tiago_2dnav:/home/ines/tiago_ws/install/pmb2_rgbd_sensors:/home/ines/tiago_ws/install/pmb2_navigation:/home/ines/tiago_ws/install/pmb2_laser_sensors:/home/ines/tiago_ws/install/pmb2_2dnav:/home/ines/tiago_ws/install/pal_navigation_cfg:/home/ines/tiago_ws/install/pal_navigation_cfg_bringup:/home/ines/tiago_ws/install/pal_navigation_cfg_params:/home/ines/tiago_ws/install/multirobot_map_merge:/home/ines/tiago_ws/install/explore_lite:/home/ines/test_ws/install/my_package:/home/ines/tiago_ws/install/tiago_autonomous_navigation:/home/ines/tiago_ws/install/tiago_autonomous_exploration:/home/ines/ros2_ws/install/scripts:/home/ines/ros2_ws/install/acrobat:/opt/ros/humble /usr/bin/cmake --build /home/ines/tiago_ws/build/pmb2_description -- -j8 -l8
[3.015s] DEBUG:colcon.colcon_core.event_handler.log_command:Invoking command in '/home/ines/tiago_ws/build/tiago_controller_configuration': CMAKE_PREFIX_PATH=/home/ines/tiago_ws/install/pmb2_controller_configuration:/home/ines/tiago_ws/install/pmb2_robot:/home/ines/tiago_ws/install/pmb2_bringup:/home/ines/tiago_ws/install/pmb2_description:/home/ines/tiago_ws/install/pmb2_maps:/home/ines/tiago_ws/install/tiago_navigation:/home/ines/tiago_ws/install/tiago_rgbd_sensors:/home/ines/tiago_ws/install/tiago_laser_sensors:/home/ines/tiago_ws/install/tiago_exam_worlds:/home/ines/tiago_ws/install/tiago_exam:/home/ines/tiago_ws/install/tiago_controller_configuration:/home/ines/tiago_ws/install/tiago_2dnav:/home/ines/tiago_ws/install/pmb2_rgbd_sensors:/home/ines/tiago_ws/install/pmb2_navigation:/home/ines/tiago_ws/install/pmb2_laser_sensors:/home/ines/tiago_ws/install/pmb2_2dnav:/home/ines/tiago_ws/install/pal_navigation_cfg:/home/ines/tiago_ws/install/pal_navigation_cfg_bringup:/home/ines/tiago_ws/install/pal_navigation_cfg_params:/home/ines/tiago_ws/install/multirobot_map_merge:/home/ines/tiago_ws/install/explore_lite:/home/ines/test_ws/install/my_package:/home/ines/tiago_ws/install/tiago_autonomous_navigation:/home/ines/tiago_ws/install/tiago_autonomous_exploration:/home/ines/ros2_ws/install/scripts:/home/ines/ros2_ws/install/acrobat:/opt/ros/humble /usr/bin/cmake --build /home/ines/tiago_ws/build/tiago_controller_configuration -- -j8 -l8
[3.017s] Level 1:colcon.colcon_core.environment:create_environment_scripts_only(multirobot_map_merge)
[3.017s] Level 1:colcon.colcon_core.environment:checking '/home/ines/tiago_ws/install/multirobot_map_merge' for CMake module files
[3.018s] Level 1:colcon.colcon_core.environment:checking '/home/ines/tiago_ws/install/multirobot_map_merge' for CMake config files
[3.023s] Level 1:colcon.colcon_core.shell:create_environment_hook('multirobot_map_merge', 'cmake_prefix_path')
[3.023s] INFO:colcon.colcon_core.shell:Creating environment hook '/home/ines/tiago_ws/install/multirobot_map_merge/share/multirobot_map_merge/hook/cmake_prefix_path.ps1'
[3.090s] INFO:colcon.colcon_core.shell:Creating environment descriptor '/home/ines/tiago_ws/install/multirobot_map_merge/share/multirobot_map_merge/hook/cmake_prefix_path.dsv'
[3.091s] INFO:colcon.colcon_core.shell:Creating environment hook '/home/ines/tiago_ws/install/multirobot_map_merge/share/multirobot_map_merge/hook/cmake_prefix_path.sh'
[3.096s] Level 1:colcon.colcon_core.environment:checking '/home/ines/tiago_ws/install/multirobot_map_merge/lib'
[3.096s] Level 1:colcon.colcon_core.environment:checking '/home/ines/tiago_ws/install/multirobot_map_merge/bin'
[3.096s] Level 1:colcon.colcon_core.environment:checking '/home/ines/tiago_ws/install/multirobot_map_merge/lib/pkgconfig/multirobot_map_merge.pc'
[3.097s] Level 1:colcon.colcon_core.environment:checking '/home/ines/tiago_ws/install/multirobot_map_merge/lib/python3.10/site-packages'
[3.097s] Level 1:colcon.colcon_core.environment:checking '/home/ines/tiago_ws/install/multirobot_map_merge/bin'
[3.098s] INFO:colcon.colcon_core.shell:Creating package script '/home/ines/tiago_ws/install/multirobot_map_merge/share/multirobot_map_merge/package.ps1'
[3.099s] INFO:colcon.colcon_core.shell:Creating package descriptor '/home/ines/tiago_ws/install/multirobot_map_merge/share/multirobot_map_merge/package.dsv'
[3.101s] INFO:colcon.colcon_core.shell:Creating package script '/home/ines/tiago_ws/install/multirobot_map_merge/share/multirobot_map_merge/package.sh'
[3.102s] INFO:colcon.colcon_core.shell:Creating package script '/home/ines/tiago_ws/install/multirobot_map_merge/share/multirobot_map_merge/package.bash'
[3.103s] INFO:colcon.colcon_core.shell:Creating package script '/home/ines/tiago_ws/install/multirobot_map_merge/share/multirobot_map_merge/package.zsh'
[3.106s] Level 1:colcon.colcon_core.environment:create_file_with_runtime_dependencies(/home/ines/tiago_ws/install/multirobot_map_merge/share/colcon-core/packages/multirobot_map_merge)
[3.113s] DEBUG:colcon.colcon_core.event_handler.log_command:Invoking command in '/home/ines/tiago_ws/build/pal_navigation_cfg_bringup': CMAKE_PREFIX_PATH=/home/ines/tiago_ws/install/pal_navigation_cfg_params:/home/ines/tiago_ws/install/pmb2_robot:/home/ines/tiago_ws/install/pmb2_bringup:/home/ines/tiago_ws/install/pmb2_description:/home/ines/tiago_ws/install/pmb2_controller_configuration:/home/ines/tiago_ws/install/pmb2_maps:/home/ines/tiago_ws/install/tiago_navigation:/home/ines/tiago_ws/install/tiago_rgbd_sensors:/home/ines/tiago_ws/install/tiago_laser_sensors:/home/ines/tiago_ws/install/tiago_exam_worlds:/home/ines/tiago_ws/install/tiago_exam:/home/ines/tiago_ws/install/tiago_controller_configuration:/home/ines/tiago_ws/install/tiago_2dnav:/home/ines/tiago_ws/install/pmb2_rgbd_sensors:/home/ines/tiago_ws/install/pmb2_navigation:/home/ines/tiago_ws/install/pmb2_laser_sensors:/home/ines/tiago_ws/install/pmb2_2dnav:/home/ines/tiago_ws/install/pal_navigation_cfg:/home/ines/tiago_ws/install/pal_navigation_cfg_bringup:/home/ines/tiago_ws/install/multirobot_map_merge:/home/ines/tiago_ws/install/explore_lite:/home/ines/test_ws/install/my_package:/home/ines/tiago_ws/install/tiago_autonomous_navigation:/home/ines/tiago_ws/install/tiago_autonomous_exploration:/home/ines/ros2_ws/install/scripts:/home/ines/ros2_ws/install/acrobat:/opt/ros/humble /usr/bin/cmake --build /home/ines/tiago_ws/build/pal_navigation_cfg_bringup -- -j8 -l8
[3.128s] DEBUG:colcon.colcon_core.event_handler.log_command:Invoking command in '/home/ines/tiago_ws/build/pmb2_2dnav': CMAKE_PREFIX_PATH=/home/ines/tiago_ws/install/pmb2_maps:/home/ines/tiago_ws/install/pmb2_laser_sensors:/home/ines/tiago_ws/install/pmb2_robot:/home/ines/tiago_ws/install/pmb2_bringup:/home/ines/tiago_ws/install/pmb2_description:/home/ines/tiago_ws/install/pmb2_controller_configuration:/home/ines/tiago_ws/install/tiago_navigation:/home/ines/tiago_ws/install/tiago_rgbd_sensors:/home/ines/tiago_ws/install/tiago_laser_sensors:/home/ines/tiago_ws/install/tiago_exam_worlds:/home/ines/tiago_ws/install/tiago_exam:/home/ines/tiago_ws/install/tiago_controller_configuration:/home/ines/tiago_ws/install/tiago_2dnav:/home/ines/tiago_ws/install/pmb2_rgbd_sensors:/home/ines/tiago_ws/install/pmb2_navigation:/home/ines/tiago_ws/install/pmb2_2dnav:/home/ines/tiago_ws/install/pal_navigation_cfg:/home/ines/tiago_ws/install/pal_navigation_cfg_bringup:/home/ines/tiago_ws/install/pal_navigation_cfg_params:/home/ines/tiago_ws/install/multirobot_map_merge:/home/ines/tiago_ws/install/explore_lite:/home/ines/test_ws/install/my_package:/home/ines/tiago_ws/install/tiago_autonomous_navigation:/home/ines/tiago_ws/install/tiago_autonomous_exploration:/home/ines/ros2_ws/install/scripts:/home/ines/ros2_ws/install/acrobat:/opt/ros/humble /usr/bin/cmake --build /home/ines/tiago_ws/build/pmb2_2dnav -- -j8 -l8
[3.132s] INFO:colcon.colcon_ros.task.ament_cmake.build:Building ROS package in '/home/ines/tiago_ws/src/tiago_navigation.bak/tiago_laser_sensors' with build type 'ament_cmake'
[3.132s] INFO:colcon.colcon_cmake.task.cmake.build:Building CMake package in '/home/ines/tiago_ws/src/tiago_navigation.bak/tiago_laser_sensors'
[3.133s] INFO:colcon.colcon_core.shell:Skip shell extension 'powershell' for command environment: Not usable outside of PowerShell
[3.133s] DEBUG:colcon.colcon_core.shell:Skip shell extension 'dsv' for command environment
[3.159s] DEBUG:colcon.colcon_core.event_handler.log_command:Invoked command in '/home/ines/tiago_ws/build/tiago_2dnav' returned '0': CMAKE_PREFIX_PATH=/home/ines/tiago_ws/install/pmb2_maps:/home/ines/tiago_ws/install/pmb2_robot:/home/ines/tiago_ws/install/pmb2_bringup:/home/ines/tiago_ws/install/pmb2_description:/home/ines/tiago_ws/install/pmb2_controller_configuration:/home/ines/tiago_ws/install/tiago_navigation:/home/ines/tiago_ws/install/tiago_rgbd_sensors:/home/ines/tiago_ws/install/tiago_laser_sensors:/home/ines/tiago_ws/install/tiago_exam_worlds:/home/ines/tiago_ws/install/tiago_exam:/home/ines/tiago_ws/install/tiago_controller_configuration:/home/ines/tiago_ws/install/tiago_2dnav:/home/ines/tiago_ws/install/pmb2_rgbd_sensors:/home/ines/tiago_ws/install/pmb2_navigation:/home/ines/tiago_ws/install/pmb2_laser_sensors:/home/ines/tiago_ws/install/pmb2_2dnav:/home/ines/tiago_ws/install/pal_navigation_cfg:/home/ines/tiago_ws/install/pal_navigation_cfg_bringup:/home/ines/tiago_ws/install/pal_navigation_cfg_params:/home/ines/tiago_ws/install/multirobot_map_merge:/home/ines/tiago_ws/install/explore_lite:/home/ines/test_ws/install/my_package:/home/ines/tiago_ws/install/tiago_autonomous_navigation:/home/ines/tiago_ws/install/tiago_autonomous_exploration:/home/ines/ros2_ws/install/scripts:/home/ines/ros2_ws/install/acrobat:/opt/ros/humble /usr/bin/cmake --build /home/ines/tiago_ws/build/tiago_2dnav -- -j8 -l8
[3.168s] DEBUG:colcon.colcon_core.event_handler.log_command:Invoked command in '/home/ines/tiago_ws/build/tiago_controller_configuration' returned '0': CMAKE_PREFIX_PATH=/home/ines/tiago_ws/install/pmb2_controller_configuration:/home/ines/tiago_ws/install/pmb2_robot:/home/ines/tiago_ws/install/pmb2_bringup:/home/ines/tiago_ws/install/pmb2_description:/home/ines/tiago_ws/install/pmb2_maps:/home/ines/tiago_ws/install/tiago_navigation:/home/ines/tiago_ws/install/tiago_rgbd_sensors:/home/ines/tiago_ws/install/tiago_laser_sensors:/home/ines/tiago_ws/install/tiago_exam_worlds:/home/ines/tiago_ws/install/tiago_exam:/home/ines/tiago_ws/install/tiago_controller_configuration:/home/ines/tiago_ws/install/tiago_2dnav:/home/ines/tiago_ws/install/pmb2_rgbd_sensors:/home/ines/tiago_ws/install/pmb2_navigation:/home/ines/tiago_ws/install/pmb2_laser_sensors:/home/ines/tiago_ws/install/pmb2_2dnav:/home/ines/tiago_ws/install/pal_navigation_cfg:/home/ines/tiago_ws/install/pal_navigation_cfg_bringup:/home/ines/tiago_ws/install/pal_navigation_cfg_params:/home/ines/tiago_ws/install/multirobot_map_merge:/home/ines/tiago_ws/install/explore_lite:/home/ines/test_ws/install/my_package:/home/ines/tiago_ws/install/tiago_autonomous_navigation:/home/ines/tiago_ws/install/tiago_autonomous_exploration:/home/ines/ros2_ws/install/scripts:/home/ines/ros2_ws/install/acrobat:/opt/ros/humble /usr/bin/cmake --build /home/ines/tiago_ws/build/tiago_controller_configuration -- -j8 -l8
[3.178s] DEBUG:colcon.colcon_core.event_handler.log_command:Invoking command in '/home/ines/tiago_ws/build/tiago_laser_sensors': CMAKE_PREFIX_PATH=/home/ines/tiago_ws/install/pmb2_laser_sensors:/home/ines/tiago_ws/install/pmb2_robot:/home/ines/tiago_ws/install/pmb2_bringup:/home/ines/tiago_ws/install/pmb2_description:/home/ines/tiago_ws/install/pmb2_controller_configuration:/home/ines/tiago_ws/install/pmb2_maps:/home/ines/tiago_ws/install/tiago_navigation:/home/ines/tiago_ws/install/tiago_rgbd_sensors:/home/ines/tiago_ws/install/tiago_laser_sensors:/home/ines/tiago_ws/install/tiago_exam_worlds:/home/ines/tiago_ws/install/tiago_exam:/home/ines/tiago_ws/install/tiago_controller_configuration:/home/ines/tiago_ws/install/tiago_2dnav:/home/ines/tiago_ws/install/pmb2_rgbd_sensors:/home/ines/tiago_ws/install/pmb2_navigation:/home/ines/tiago_ws/install/pmb2_2dnav:/home/ines/tiago_ws/install/pal_navigation_cfg:/home/ines/tiago_ws/install/pal_navigation_cfg_bringup:/home/ines/tiago_ws/install/pal_navigation_cfg_params:/home/ines/tiago_ws/install/multirobot_map_merge:/home/ines/tiago_ws/install/explore_lite:/home/ines/test_ws/install/my_package:/home/ines/tiago_ws/install/tiago_autonomous_navigation:/home/ines/tiago_ws/install/tiago_autonomous_exploration:/home/ines/ros2_ws/install/scripts:/home/ines/ros2_ws/install/acrobat:/opt/ros/humble /usr/bin/cmake --build /home/ines/tiago_ws/build/tiago_laser_sensors -- -j8 -l8
[3.221s] DEBUG:colcon.colcon_core.event_handler.log_command:Invoked command in '/home/ines/tiago_ws/build/pal_navigation_cfg_bringup' returned '0': CMAKE_PREFIX_PATH=/home/ines/tiago_ws/install/pal_navigation_cfg_params:/home/ines/tiago_ws/install/pmb2_robot:/home/ines/tiago_ws/install/pmb2_bringup:/home/ines/tiago_ws/install/pmb2_description:/home/ines/tiago_ws/install/pmb2_controller_configuration:/home/ines/tiago_ws/install/pmb2_maps:/home/ines/tiago_ws/install/tiago_navigation:/home/ines/tiago_ws/install/tiago_rgbd_sensors:/home/ines/tiago_ws/install/tiago_laser_sensors:/home/ines/tiago_ws/install/tiago_exam_worlds:/home/ines/tiago_ws/install/tiago_exam:/home/ines/tiago_ws/install/tiago_controller_configuration:/home/ines/tiago_ws/install/tiago_2dnav:/home/ines/tiago_ws/install/pmb2_rgbd_sensors:/home/ines/tiago_ws/install/pmb2_navigation:/home/ines/tiago_ws/install/pmb2_laser_sensors:/home/ines/tiago_ws/install/pmb2_2dnav:/home/ines/tiago_ws/install/pal_navigation_cfg:/home/ines/tiago_ws/install/pal_navigation_cfg_bringup:/home/ines/tiago_ws/install/multirobot_map_merge:/home/ines/tiago_ws/install/explore_lite:/home/ines/test_ws/install/my_package:/home/ines/tiago_ws/install/tiago_autonomous_navigation:/home/ines/tiago_ws/install/tiago_autonomous_exploration:/home/ines/ros2_ws/install/scripts:/home/ines/ros2_ws/install/acrobat:/opt/ros/humble /usr/bin/cmake --build /home/ines/tiago_ws/build/pal_navigation_cfg_bringup -- -j8 -l8
[3.261s] DEBUG:colcon.colcon_core.event_handler.log_command:Invoking command in '/home/ines/tiago_ws/build/tiago_controller_configuration': CMAKE_PREFIX_PATH=/home/ines/tiago_ws/install/pmb2_controller_configuration:/home/ines/tiago_ws/install/pmb2_robot:/home/ines/tiago_ws/install/pmb2_bringup:/home/ines/tiago_ws/install/pmb2_description:/home/ines/tiago_ws/install/pmb2_maps:/home/ines/tiago_ws/install/tiago_navigation:/home/ines/tiago_ws/install/tiago_rgbd_sensors:/home/ines/tiago_ws/install/tiago_laser_sensors:/home/ines/tiago_ws/install/tiago_exam_worlds:/home/ines/tiago_ws/install/tiago_exam:/home/ines/tiago_ws/install/tiago_controller_configuration:/home/ines/tiago_ws/install/tiago_2dnav:/home/ines/tiago_ws/install/pmb2_rgbd_sensors:/home/ines/tiago_ws/install/pmb2_navigation:/home/ines/tiago_ws/install/pmb2_laser_sensors:/home/ines/tiago_ws/install/pmb2_2dnav:/home/ines/tiago_ws/install/pal_navigation_cfg:/home/ines/tiago_ws/install/pal_navigation_cfg_bringup:/home/ines/tiago_ws/install/pal_navigation_cfg_params:/home/ines/tiago_ws/install/multirobot_map_merge:/home/ines/tiago_ws/install/explore_lite:/home/ines/test_ws/install/my_package:/home/ines/tiago_ws/install/tiago_autonomous_navigation:/home/ines/tiago_ws/install/tiago_autonomous_exploration:/home/ines/ros2_ws/install/scripts:/home/ines/ros2_ws/install/acrobat:/opt/ros/humble /usr/bin/cmake --install /home/ines/tiago_ws/build/tiago_controller_configuration
[3.275s] DEBUG:colcon.colcon_core.event_handler.log_command:Invoking command in '/home/ines/tiago_ws/build/tiago_2dnav': CMAKE_PREFIX_PATH=/home/ines/tiago_ws/install/pmb2_maps:/home/ines/tiago_ws/install/pmb2_robot:/home/ines/tiago_ws/install/pmb2_bringup:/home/ines/tiago_ws/install/pmb2_description:/home/ines/tiago_ws/install/pmb2_controller_configuration:/home/ines/tiago_ws/install/tiago_navigation:/home/ines/tiago_ws/install/tiago_rgbd_sensors:/home/ines/tiago_ws/install/tiago_laser_sensors:/home/ines/tiago_ws/install/tiago_exam_worlds:/home/ines/tiago_ws/install/tiago_exam:/home/ines/tiago_ws/install/tiago_controller_configuration:/home/ines/tiago_ws/install/tiago_2dnav:/home/ines/tiago_ws/install/pmb2_rgbd_sensors:/home/ines/tiago_ws/install/pmb2_navigation:/home/ines/tiago_ws/install/pmb2_laser_sensors:/home/ines/tiago_ws/install/pmb2_2dnav:/home/ines/tiago_ws/install/pal_navigation_cfg:/home/ines/tiago_ws/install/pal_navigation_cfg_bringup:/home/ines/tiago_ws/install/pal_navigation_cfg_params:/home/ines/tiago_ws/install/multirobot_map_merge:/home/ines/tiago_ws/install/explore_lite:/home/ines/test_ws/install/my_package:/home/ines/tiago_ws/install/tiago_autonomous_navigation:/home/ines/tiago_ws/install/tiago_autonomous_exploration:/home/ines/ros2_ws/install/scripts:/home/ines/ros2_ws/install/acrobat:/opt/ros/humble /usr/bin/cmake --install /home/ines/tiago_ws/build/tiago_2dnav
[3.282s] DEBUG:colcon.colcon_core.event_handler.log_command:Invoked command in '/home/ines/tiago_ws/build/pmb2_2dnav' returned '0': CMAKE_PREFIX_PATH=/home/ines/tiago_ws/install/pmb2_maps:/home/ines/tiago_ws/install/pmb2_laser_sensors:/home/ines/tiago_ws/install/pmb2_robot:/home/ines/tiago_ws/install/pmb2_bringup:/home/ines/tiago_ws/install/pmb2_description:/home/ines/tiago_ws/install/pmb2_controller_configuration:/home/ines/tiago_ws/install/tiago_navigation:/home/ines/tiago_ws/install/tiago_rgbd_sensors:/home/ines/tiago_ws/install/tiago_laser_sensors:/home/ines/tiago_ws/install/tiago_exam_worlds:/home/ines/tiago_ws/install/tiago_exam:/home/ines/tiago_ws/install/tiago_controller_configuration:/home/ines/tiago_ws/install/tiago_2dnav:/home/ines/tiago_ws/install/pmb2_rgbd_sensors:/home/ines/tiago_ws/install/pmb2_navigation:/home/ines/tiago_ws/install/pmb2_2dnav:/home/ines/tiago_ws/install/pal_navigation_cfg:/home/ines/tiago_ws/install/pal_navigation_cfg_bringup:/home/ines/tiago_ws/install/pal_navigation_cfg_params:/home/ines/tiago_ws/install/multirobot_map_merge:/home/ines/tiago_ws/install/explore_lite:/home/ines/test_ws/install/my_package:/home/ines/tiago_ws/install/tiago_autonomous_navigation:/home/ines/tiago_ws/install/tiago_autonomous_exploration:/home/ines/ros2_ws/install/scripts:/home/ines/ros2_ws/install/acrobat:/opt/ros/humble /usr/bin/cmake --build /home/ines/tiago_ws/build/pmb2_2dnav -- -j8 -l8
[3.326s] DEBUG:colcon.colcon_core.event_handler.log_command:Invoking command in '/home/ines/tiago_ws/build/pal_navigation_cfg_bringup': CMAKE_PREFIX_PATH=/home/ines/tiago_ws/install/pal_navigation_cfg_params:/home/ines/tiago_ws/install/pmb2_robot:/home/ines/tiago_ws/install/pmb2_bringup:/home/ines/tiago_ws/install/pmb2_description:/home/ines/tiago_ws/install/pmb2_controller_configuration:/home/ines/tiago_ws/install/pmb2_maps:/home/ines/tiago_ws/install/tiago_navigation:/home/ines/tiago_ws/install/tiago_rgbd_sensors:/home/ines/tiago_ws/install/tiago_laser_sensors:/home/ines/tiago_ws/install/tiago_exam_worlds:/home/ines/tiago_ws/install/tiago_exam:/home/ines/tiago_ws/install/tiago_controller_configuration:/home/ines/tiago_ws/install/tiago_2dnav:/home/ines/tiago_ws/install/pmb2_rgbd_sensors:/home/ines/tiago_ws/install/pmb2_navigation:/home/ines/tiago_ws/install/pmb2_laser_sensors:/home/ines/tiago_ws/install/pmb2_2dnav:/home/ines/tiago_ws/install/pal_navigation_cfg:/home/ines/tiago_ws/install/pal_navigation_cfg_bringup:/home/ines/tiago_ws/install/multirobot_map_merge:/home/ines/tiago_ws/install/explore_lite:/home/ines/test_ws/install/my_package:/home/ines/tiago_ws/install/tiago_autonomous_navigation:/home/ines/tiago_ws/install/tiago_autonomous_exploration:/home/ines/ros2_ws/install/scripts:/home/ines/ros2_ws/install/acrobat:/opt/ros/humble /usr/bin/cmake --install /home/ines/tiago_ws/build/pal_navigation_cfg_bringup
[3.333s] DEBUG:colcon.colcon_core.event_handler.log_command:Invoked command in '/home/ines/tiago_ws/build/tiago_laser_sensors' returned '0': CMAKE_PREFIX_PATH=/home/ines/tiago_ws/install/pmb2_laser_sensors:/home/ines/tiago_ws/install/pmb2_robot:/home/ines/tiago_ws/install/pmb2_bringup:/home/ines/tiago_ws/install/pmb2_description:/home/ines/tiago_ws/install/pmb2_controller_configuration:/home/ines/tiago_ws/install/pmb2_maps:/home/ines/tiago_ws/install/tiago_navigation:/home/ines/tiago_ws/install/tiago_rgbd_sensors:/home/ines/tiago_ws/install/tiago_laser_sensors:/home/ines/tiago_ws/install/tiago_exam_worlds:/home/ines/tiago_ws/install/tiago_exam:/home/ines/tiago_ws/install/tiago_controller_configuration:/home/ines/tiago_ws/install/tiago_2dnav:/home/ines/tiago_ws/install/pmb2_rgbd_sensors:/home/ines/tiago_ws/install/pmb2_navigation:/home/ines/tiago_ws/install/pmb2_2dnav:/home/ines/tiago_ws/install/pal_navigation_cfg:/home/ines/tiago_ws/install/pal_navigation_cfg_bringup:/home/ines/tiago_ws/install/pal_navigation_cfg_params:/home/ines/tiago_ws/install/multirobot_map_merge:/home/ines/tiago_ws/install/explore_lite:/home/ines/test_ws/install/my_package:/home/ines/tiago_ws/install/tiago_autonomous_navigation:/home/ines/tiago_ws/install/tiago_autonomous_exploration:/home/ines/ros2_ws/install/scripts:/home/ines/ros2_ws/install/acrobat:/opt/ros/humble /usr/bin/cmake --build /home/ines/tiago_ws/build/tiago_laser_sensors -- -j8 -l8
[3.343s] Level 1:colcon.colcon_core.environment:create_environment_scripts_only(tiago_2dnav)
[3.344s] Level 1:colcon.colcon_core.environment:checking '/home/ines/tiago_ws/install/tiago_2dnav' for CMake module files
[3.345s] Level 1:colcon.colcon_core.environment:checking '/home/ines/tiago_ws/install/tiago_2dnav' for CMake config files
[3.348s] Level 1:colcon.colcon_core.shell:create_environment_hook('tiago_2dnav', 'cmake_prefix_path')
[3.349s] INFO:colcon.colcon_core.shell:Creating environment hook '/home/ines/tiago_ws/install/tiago_2dnav/share/tiago_2dnav/hook/cmake_prefix_path.ps1'
[3.350s] INFO:colcon.colcon_core.shell:Creating environment descriptor '/home/ines/tiago_ws/install/tiago_2dnav/share/tiago_2dnav/hook/cmake_prefix_path.dsv'
[3.351s] DEBUG:colcon.colcon_core.event_handler.log_command:Invoked command in '/home/ines/tiago_ws/build/tiago_2dnav' returned '0': CMAKE_PREFIX_PATH=/home/ines/tiago_ws/install/pmb2_maps:/home/ines/tiago_ws/install/pmb2_robot:/home/ines/tiago_ws/install/pmb2_bringup:/home/ines/tiago_ws/install/pmb2_description:/home/ines/tiago_ws/install/pmb2_controller_configuration:/home/ines/tiago_ws/install/tiago_navigation:/home/ines/tiago_ws/install/tiago_rgbd_sensors:/home/ines/tiago_ws/install/tiago_laser_sensors:/home/ines/tiago_ws/install/tiago_exam_worlds:/home/ines/tiago_ws/install/tiago_exam:/home/ines/tiago_ws/install/tiago_controller_configuration:/home/ines/tiago_ws/install/tiago_2dnav:/home/ines/tiago_ws/install/pmb2_rgbd_sensors:/home/ines/tiago_ws/install/pmb2_navigation:/home/ines/tiago_ws/install/pmb2_laser_sensors:/home/ines/tiago_ws/install/pmb2_2dnav:/home/ines/tiago_ws/install/pal_navigation_cfg:/home/ines/tiago_ws/install/pal_navigation_cfg_bringup:/home/ines/tiago_ws/install/pal_navigation_cfg_params:/home/ines/tiago_ws/install/multirobot_map_merge:/home/ines/tiago_ws/install/explore_lite:/home/ines/test_ws/install/my_package:/home/ines/tiago_ws/install/tiago_autonomous_navigation:/home/ines/tiago_ws/install/tiago_autonomous_exploration:/home/ines/ros2_ws/install/scripts:/home/ines/ros2_ws/install/acrobat:/opt/ros/humble /usr/bin/cmake --install /home/ines/tiago_ws/build/tiago_2dnav
[3.353s] INFO:colcon.colcon_core.shell:Creating environment hook '/home/ines/tiago_ws/install/tiago_2dnav/share/tiago_2dnav/hook/cmake_prefix_path.sh'
[3.354s] Level 1:colcon.colcon_core.environment:checking '/home/ines/tiago_ws/install/tiago_2dnav/bin'
[3.355s] Level 1:colcon.colcon_core.environment:checking '/home/ines/tiago_ws/install/tiago_2dnav/lib/pkgconfig/tiago_2dnav.pc'
[3.355s] Level 1:colcon.colcon_core.environment:checking '/home/ines/tiago_ws/install/tiago_2dnav/lib/python3.10/site-packages'
[3.356s] Level 1:colcon.colcon_core.environment:checking '/home/ines/tiago_ws/install/tiago_2dnav/bin'
[3.357s] INFO:colcon.colcon_core.shell:Creating package script '/home/ines/tiago_ws/install/tiago_2dnav/share/tiago_2dnav/package.ps1'
[3.360s] INFO:colcon.colcon_core.shell:Creating package descriptor '/home/ines/tiago_ws/install/tiago_2dnav/share/tiago_2dnav/package.dsv'
[3.361s] INFO:colcon.colcon_core.shell:Creating package script '/home/ines/tiago_ws/install/tiago_2dnav/share/tiago_2dnav/package.sh'
[3.362s] INFO:colcon.colcon_core.shell:Creating package script '/home/ines/tiago_ws/install/tiago_2dnav/share/tiago_2dnav/package.bash'
[3.363s] INFO:colcon.colcon_core.shell:Creating package script '/home/ines/tiago_ws/install/tiago_2dnav/share/tiago_2dnav/package.zsh'
[3.364s] Level 1:colcon.colcon_core.environment:create_file_with_runtime_dependencies(/home/ines/tiago_ws/install/tiago_2dnav/share/colcon-core/packages/tiago_2dnav)
[3.381s] Level 1:colcon.colcon_core.environment:create_environment_scripts_only(tiago_controller_configuration)
[3.381s] Level 1:colcon.colcon_core.environment:checking '/home/ines/tiago_ws/install/tiago_controller_configuration' for CMake module files
[3.383s] Level 1:colcon.colcon_core.environment:checking '/home/ines/tiago_ws/install/tiago_controller_configuration' for CMake config files
[3.384s] DEBUG:colcon.colcon_core.event_handler.log_command:Invoked command in '/home/ines/tiago_ws/build/tiago_controller_configuration' returned '0': CMAKE_PREFIX_PATH=/home/ines/tiago_ws/install/pmb2_controller_configuration:/home/ines/tiago_ws/install/pmb2_robot:/home/ines/tiago_ws/install/pmb2_bringup:/home/ines/tiago_ws/install/pmb2_description:/home/ines/tiago_ws/install/pmb2_maps:/home/ines/tiago_ws/install/tiago_navigation:/home/ines/tiago_ws/install/tiago_rgbd_sensors:/home/ines/tiago_ws/install/tiago_laser_sensors:/home/ines/tiago_ws/install/tiago_exam_worlds:/home/ines/tiago_ws/install/tiago_exam:/home/ines/tiago_ws/install/tiago_controller_configuration:/home/ines/tiago_ws/install/tiago_2dnav:/home/ines/tiago_ws/install/pmb2_rgbd_sensors:/home/ines/tiago_ws/install/pmb2_navigation:/home/ines/tiago_ws/install/pmb2_laser_sensors:/home/ines/tiago_ws/install/pmb2_2dnav:/home/ines/tiago_ws/install/pal_navigation_cfg:/home/ines/tiago_ws/install/pal_navigation_cfg_bringup:/home/ines/tiago_ws/install/pal_navigation_cfg_params:/home/ines/tiago_ws/install/multirobot_map_merge:/home/ines/tiago_ws/install/explore_lite:/home/ines/test_ws/install/my_package:/home/ines/tiago_ws/install/tiago_autonomous_navigation:/home/ines/tiago_ws/install/tiago_autonomous_exploration:/home/ines/ros2_ws/install/scripts:/home/ines/ros2_ws/install/acrobat:/opt/ros/humble /usr/bin/cmake --install /home/ines/tiago_ws/build/tiago_controller_configuration
[3.389s] Level 1:colcon.colcon_core.shell:create_environment_hook('tiago_controller_configuration', 'cmake_prefix_path')
[3.390s] INFO:colcon.colcon_core.shell:Creating environment hook '/home/ines/tiago_ws/install/tiago_controller_configuration/share/tiago_controller_configuration/hook/cmake_prefix_path.ps1'
[3.391s] INFO:colcon.colcon_core.shell:Creating environment descriptor '/home/ines/tiago_ws/install/tiago_controller_configuration/share/tiago_controller_configuration/hook/cmake_prefix_path.dsv'
[3.394s] INFO:colcon.colcon_core.shell:Creating environment hook '/home/ines/tiago_ws/install/tiago_controller_configuration/share/tiago_controller_configuration/hook/cmake_prefix_path.sh'
[3.395s] Level 1:colcon.colcon_core.environment:checking '/home/ines/tiago_ws/install/tiago_controller_configuration/bin'
[3.395s] Level 1:colcon.colcon_core.environment:checking '/home/ines/tiago_ws/install/tiago_controller_configuration/lib/pkgconfig/tiago_controller_configuration.pc'
[3.396s] Level 1:colcon.colcon_core.environment:checking '/home/ines/tiago_ws/install/tiago_controller_configuration/lib/python3.10/site-packages'
[3.396s] Level 1:colcon.colcon_core.environment:checking '/home/ines/tiago_ws/install/tiago_controller_configuration/bin'
[3.399s] INFO:colcon.colcon_core.shell:Creating package script '/home/ines/tiago_ws/install/tiago_controller_configuration/share/tiago_controller_configuration/package.ps1'
[3.400s] INFO:colcon.colcon_core.shell:Creating package descriptor '/home/ines/tiago_ws/install/tiago_controller_configuration/share/tiago_controller_configuration/package.dsv'
[3.401s] INFO:colcon.colcon_core.shell:Creating package script '/home/ines/tiago_ws/install/tiago_controller_configuration/share/tiago_controller_configuration/package.sh'
[3.402s] INFO:colcon.colcon_core.shell:Creating package script '/home/ines/tiago_ws/install/tiago_controller_configuration/share/tiago_controller_configuration/package.bash'
[3.403s] INFO:colcon.colcon_core.shell:Creating package script '/home/ines/tiago_ws/install/tiago_controller_configuration/share/tiago_controller_configuration/package.zsh'
[3.404s] Level 1:colcon.colcon_core.environment:create_file_with_runtime_dependencies(/home/ines/tiago_ws/install/tiago_controller_configuration/share/colcon-core/packages/tiago_controller_configuration)
[3.415s] DEBUG:colcon.colcon_core.event_handler.log_command:Invoking command in '/home/ines/tiago_ws/build/pmb2_2dnav': CMAKE_PREFIX_PATH=/home/ines/tiago_ws/install/pmb2_maps:/home/ines/tiago_ws/install/pmb2_laser_sensors:/home/ines/tiago_ws/install/pmb2_robot:/home/ines/tiago_ws/install/pmb2_bringup:/home/ines/tiago_ws/install/pmb2_description:/home/ines/tiago_ws/install/pmb2_controller_configuration:/home/ines/tiago_ws/install/tiago_navigation:/home/ines/tiago_ws/install/tiago_rgbd_sensors:/home/ines/tiago_ws/install/tiago_laser_sensors:/home/ines/tiago_ws/install/tiago_exam_worlds:/home/ines/tiago_ws/install/tiago_exam:/home/ines/tiago_ws/install/tiago_controller_configuration:/home/ines/tiago_ws/install/tiago_2dnav:/home/ines/tiago_ws/install/pmb2_rgbd_sensors:/home/ines/tiago_ws/install/pmb2_navigation:/home/ines/tiago_ws/install/pmb2_2dnav:/home/ines/tiago_ws/install/pal_navigation_cfg:/home/ines/tiago_ws/install/pal_navigation_cfg_bringup:/home/ines/tiago_ws/install/pal_navigation_cfg_params:/home/ines/tiago_ws/install/multirobot_map_merge:/home/ines/tiago_ws/install/explore_lite:/home/ines/test_ws/install/my_package:/home/ines/tiago_ws/install/tiago_autonomous_navigation:/home/ines/tiago_ws/install/tiago_autonomous_exploration:/home/ines/ros2_ws/install/scripts:/home/ines/ros2_ws/install/acrobat:/opt/ros/humble /usr/bin/cmake --install /home/ines/tiago_ws/build/pmb2_2dnav
[3.418s] Level 1:colcon.colcon_core.environment:create_environment_scripts_only(pal_navigation_cfg_bringup)
[3.420s] Level 1:colcon.colcon_core.environment:checking '/home/ines/tiago_ws/install/pal_navigation_cfg_bringup' for CMake module files
[3.422s] Level 1:colcon.colcon_core.environment:checking '/home/ines/tiago_ws/install/pal_navigation_cfg_bringup' for CMake config files
[3.423s] Level 1:colcon.colcon_core.shell:create_environment_hook('pal_navigation_cfg_bringup', 'cmake_prefix_path')
[3.424s] INFO:colcon.colcon_core.shell:Creating environment hook '/home/ines/tiago_ws/install/pal_navigation_cfg_bringup/share/pal_navigation_cfg_bringup/hook/cmake_prefix_path.ps1'
[3.425s] DEBUG:colcon.colcon_core.event_handler.log_command:Invoked command in '/home/ines/tiago_ws/build/pal_navigation_cfg_bringup' returned '0': CMAKE_PREFIX_PATH=/home/ines/tiago_ws/install/pal_navigation_cfg_params:/home/ines/tiago_ws/install/pmb2_robot:/home/ines/tiago_ws/install/pmb2_bringup:/home/ines/tiago_ws/install/pmb2_description:/home/ines/tiago_ws/install/pmb2_controller_configuration:/home/ines/tiago_ws/install/pmb2_maps:/home/ines/tiago_ws/install/tiago_navigation:/home/ines/tiago_ws/install/tiago_rgbd_sensors:/home/ines/tiago_ws/install/tiago_laser_sensors:/home/ines/tiago_ws/install/tiago_exam_worlds:/home/ines/tiago_ws/install/tiago_exam:/home/ines/tiago_ws/install/tiago_controller_configuration:/home/ines/tiago_ws/install/tiago_2dnav:/home/ines/tiago_ws/install/pmb2_rgbd_sensors:/home/ines/tiago_ws/install/pmb2_navigation:/home/ines/tiago_ws/install/pmb2_laser_sensors:/home/ines/tiago_ws/install/pmb2_2dnav:/home/ines/tiago_ws/install/pal_navigation_cfg:/home/ines/tiago_ws/install/pal_navigation_cfg_bringup:/home/ines/tiago_ws/install/multirobot_map_merge:/home/ines/tiago_ws/install/explore_lite:/home/ines/test_ws/install/my_package:/home/ines/tiago_ws/install/tiago_autonomous_navigation:/home/ines/tiago_ws/install/tiago_autonomous_exploration:/home/ines/ros2_ws/install/scripts:/home/ines/ros2_ws/install/acrobat:/opt/ros/humble /usr/bin/cmake --install /home/ines/tiago_ws/build/pal_navigation_cfg_bringup
[3.426s] INFO:colcon.colcon_core.shell:Creating environment descriptor '/home/ines/tiago_ws/install/pal_navigation_cfg_bringup/share/pal_navigation_cfg_bringup/hook/cmake_prefix_path.dsv'
[3.427s] INFO:colcon.colcon_core.shell:Creating environment hook '/home/ines/tiago_ws/install/pal_navigation_cfg_bringup/share/pal_navigation_cfg_bringup/hook/cmake_prefix_path.sh'
[3.428s] Level 1:colcon.colcon_core.environment:checking '/home/ines/tiago_ws/install/pal_navigation_cfg_bringup/bin'
[3.428s] Level 1:colcon.colcon_core.environment:checking '/home/ines/tiago_ws/install/pal_navigation_cfg_bringup/lib/pkgconfig/pal_navigation_cfg_bringup.pc'
[3.429s] Level 1:colcon.colcon_core.environment:checking '/home/ines/tiago_ws/install/pal_navigation_cfg_bringup/lib/python3.10/site-packages'
[3.429s] Level 1:colcon.colcon_core.environment:checking '/home/ines/tiago_ws/install/pal_navigation_cfg_bringup/bin'
[3.430s] INFO:colcon.colcon_core.shell:Creating package script '/home/ines/tiago_ws/install/pal_navigation_cfg_bringup/share/pal_navigation_cfg_bringup/package.ps1'
[3.432s] INFO:colcon.colcon_core.shell:Creating package descriptor '/home/ines/tiago_ws/install/pal_navigation_cfg_bringup/share/pal_navigation_cfg_bringup/package.dsv'
[3.433s] INFO:colcon.colcon_core.shell:Creating package script '/home/ines/tiago_ws/install/pal_navigation_cfg_bringup/share/pal_navigation_cfg_bringup/package.sh'
[3.434s] INFO:colcon.colcon_core.shell:Creating package script '/home/ines/tiago_ws/install/pal_navigation_cfg_bringup/share/pal_navigation_cfg_bringup/package.bash'
[3.435s] INFO:colcon.colcon_core.shell:Creating package script '/home/ines/tiago_ws/install/pal_navigation_cfg_bringup/share/pal_navigation_cfg_bringup/package.zsh'
[3.436s] Level 1:colcon.colcon_core.environment:create_file_with_runtime_dependencies(/home/ines/tiago_ws/install/pal_navigation_cfg_bringup/share/colcon-core/packages/pal_navigation_cfg_bringup)
[3.459s] DEBUG:colcon.colcon_core.event_handler.log_command:Invoking command in '/home/ines/tiago_ws/build/tiago_laser_sensors': CMAKE_PREFIX_PATH=/home/ines/tiago_ws/install/pmb2_laser_sensors:/home/ines/tiago_ws/install/pmb2_robot:/home/ines/tiago_ws/install/pmb2_bringup:/home/ines/tiago_ws/install/pmb2_description:/home/ines/tiago_ws/install/pmb2_controller_configuration:/home/ines/tiago_ws/install/pmb2_maps:/home/ines/tiago_ws/install/tiago_navigation:/home/ines/tiago_ws/install/tiago_rgbd_sensors:/home/ines/tiago_ws/install/tiago_laser_sensors:/home/ines/tiago_ws/install/tiago_exam_worlds:/home/ines/tiago_ws/install/tiago_exam:/home/ines/tiago_ws/install/tiago_controller_configuration:/home/ines/tiago_ws/install/tiago_2dnav:/home/ines/tiago_ws/install/pmb2_rgbd_sensors:/home/ines/tiago_ws/install/pmb2_navigation:/home/ines/tiago_ws/install/pmb2_2dnav:/home/ines/tiago_ws/install/pal_navigation_cfg:/home/ines/tiago_ws/install/pal_navigation_cfg_bringup:/home/ines/tiago_ws/install/pal_navigation_cfg_params:/home/ines/tiago_ws/install/multirobot_map_merge:/home/ines/tiago_ws/install/explore_lite:/home/ines/test_ws/install/my_package:/home/ines/tiago_ws/install/tiago_autonomous_navigation:/home/ines/tiago_ws/install/tiago_autonomous_exploration:/home/ines/ros2_ws/install/scripts:/home/ines/ros2_ws/install/acrobat:/opt/ros/humble /usr/bin/cmake --install /home/ines/tiago_ws/build/tiago_laser_sensors
[3.460s] Level 1:colcon.colcon_core.environment:create_environment_scripts_only(tiago_2dnav)
[3.461s] Level 1:colcon.colcon_core.environment:checking '/home/ines/tiago_ws/install/tiago_2dnav' for CMake module files
[3.462s] Level 1:colcon.colcon_core.environment:checking '/home/ines/tiago_ws/install/tiago_2dnav' for CMake config files
[3.467s] Level 1:colcon.colcon_core.shell:create_environment_hook('tiago_2dnav', 'cmake_prefix_path')
[3.468s] INFO:colcon.colcon_core.shell:Creating environment hook '/home/ines/tiago_ws/install/tiago_2dnav/share/tiago_2dnav/hook/cmake_prefix_path.ps1'
[3.468s] INFO:colcon.colcon_core.shell:Creating environment descriptor '/home/ines/tiago_ws/install/tiago_2dnav/share/tiago_2dnav/hook/cmake_prefix_path.dsv'
[3.469s] INFO:colcon.colcon_core.shell:Creating environment hook '/home/ines/tiago_ws/install/tiago_2dnav/share/tiago_2dnav/hook/cmake_prefix_path.sh'
[3.477s] Level 1:colcon.colcon_core.environment:checking '/home/ines/tiago_ws/install/tiago_2dnav/bin'
[3.477s] Level 1:colcon.colcon_core.environment:checking '/home/ines/tiago_ws/install/tiago_2dnav/lib/pkgconfig/tiago_2dnav.pc'
[3.477s] Level 1:colcon.colcon_core.environment:checking '/home/ines/tiago_ws/install/tiago_2dnav/lib/python3.10/site-packages'
[3.478s] Level 1:colcon.colcon_core.environment:checking '/home/ines/tiago_ws/install/tiago_2dnav/bin'
[3.487s] INFO:colcon.colcon_core.shell:Creating package script '/home/ines/tiago_ws/install/tiago_2dnav/share/tiago_2dnav/package.ps1'
[3.488s] INFO:colcon.colcon_core.shell:Creating package descriptor '/home/ines/tiago_ws/install/tiago_2dnav/share/tiago_2dnav/package.dsv'
[3.492s] INFO:colcon.colcon_core.shell:Creating package script '/home/ines/tiago_ws/install/tiago_2dnav/share/tiago_2dnav/package.sh'
[3.493s] INFO:colcon.colcon_core.shell:Creating package script '/home/ines/tiago_ws/install/tiago_2dnav/share/tiago_2dnav/package.bash'
[3.494s] INFO:colcon.colcon_core.shell:Creating package script '/home/ines/tiago_ws/install/tiago_2dnav/share/tiago_2dnav/package.zsh'
[3.503s] Level 1:colcon.colcon_core.environment:create_file_with_runtime_dependencies(/home/ines/tiago_ws/install/tiago_2dnav/share/colcon-core/packages/tiago_2dnav)
[3.505s] INFO:colcon.colcon_ros.task.ament_cmake.build:Building ROS package in '/home/ines/tiago_ws/src/tiago_exam_worlds' with build type 'ament_cmake'
[3.509s] INFO:colcon.colcon_cmake.task.cmake.build:Building CMake package in '/home/ines/tiago_ws/src/tiago_exam_worlds'
[3.509s] INFO:colcon.colcon_core.shell:Skip shell extension 'powershell' for command environment: Not usable outside of PowerShell
[3.510s] DEBUG:colcon.colcon_core.shell:Skip shell extension 'dsv' for command environment
[3.531s] Level 1:colcon.colcon_core.environment:create_environment_scripts_only(pmb2_2dnav)
[3.531s] Level 1:colcon.colcon_core.environment:checking '/home/ines/tiago_ws/install/pmb2_2dnav' for CMake module files
[3.533s] DEBUG:colcon.colcon_core.event_handler.log_command:Invoked command in '/home/ines/tiago_ws/build/pmb2_2dnav' returned '0': CMAKE_PREFIX_PATH=/home/ines/tiago_ws/install/pmb2_maps:/home/ines/tiago_ws/install/pmb2_laser_sensors:/home/ines/tiago_ws/install/pmb2_robot:/home/ines/tiago_ws/install/pmb2_bringup:/home/ines/tiago_ws/install/pmb2_description:/home/ines/tiago_ws/install/pmb2_controller_configuration:/home/ines/tiago_ws/install/tiago_navigation:/home/ines/tiago_ws/install/tiago_rgbd_sensors:/home/ines/tiago_ws/install/tiago_laser_sensors:/home/ines/tiago_ws/install/tiago_exam_worlds:/home/ines/tiago_ws/install/tiago_exam:/home/ines/tiago_ws/install/tiago_controller_configuration:/home/ines/tiago_ws/install/tiago_2dnav:/home/ines/tiago_ws/install/pmb2_rgbd_sensors:/home/ines/tiago_ws/install/pmb2_navigation:/home/ines/tiago_ws/install/pmb2_2dnav:/home/ines/tiago_ws/install/pal_navigation_cfg:/home/ines/tiago_ws/install/pal_navigation_cfg_bringup:/home/ines/tiago_ws/install/pal_navigation_cfg_params:/home/ines/tiago_ws/install/multirobot_map_merge:/home/ines/tiago_ws/install/explore_lite:/home/ines/test_ws/install/my_package:/home/ines/tiago_ws/install/tiago_autonomous_navigation:/home/ines/tiago_ws/install/tiago_autonomous_exploration:/home/ines/ros2_ws/install/scripts:/home/ines/ros2_ws/install/acrobat:/opt/ros/humble /usr/bin/cmake --install /home/ines/tiago_ws/build/pmb2_2dnav
[3.534s] Level 1:colcon.colcon_core.environment:checking '/home/ines/tiago_ws/install/pmb2_2dnav' for CMake config files
[3.535s] Level 1:colcon.colcon_core.shell:create_environment_hook('pmb2_2dnav', 'cmake_prefix_path')
[3.536s] INFO:colcon.colcon_core.shell:Creating environment hook '/home/ines/tiago_ws/install/pmb2_2dnav/share/pmb2_2dnav/hook/cmake_prefix_path.ps1'
[3.537s] INFO:colcon.colcon_core.shell:Creating environment descriptor '/home/ines/tiago_ws/install/pmb2_2dnav/share/pmb2_2dnav/hook/cmake_prefix_path.dsv'
[3.539s] INFO:colcon.colcon_core.shell:Creating environment hook '/home/ines/tiago_ws/install/pmb2_2dnav/share/pmb2_2dnav/hook/cmake_prefix_path.sh'
[3.540s] Level 1:colcon.colcon_core.environment:checking '/home/ines/tiago_ws/install/pmb2_2dnav/bin'
[3.540s] Level 1:colcon.colcon_core.environment:checking '/home/ines/tiago_ws/install/pmb2_2dnav/lib/pkgconfig/pmb2_2dnav.pc'
[3.541s] Level 1:colcon.colcon_core.environment:checking '/home/ines/tiago_ws/install/pmb2_2dnav/lib/python3.10/site-packages'
[3.542s] Level 1:colcon.colcon_core.environment:checking '/home/ines/tiago_ws/install/pmb2_2dnav/bin'
[3.542s] INFO:colcon.colcon_core.shell:Creating package script '/home/ines/tiago_ws/install/pmb2_2dnav/share/pmb2_2dnav/package.ps1'
[3.544s] INFO:colcon.colcon_core.shell:Creating package descriptor '/home/ines/tiago_ws/install/pmb2_2dnav/share/pmb2_2dnav/package.dsv'
[3.545s] INFO:colcon.colcon_core.shell:Creating package script '/home/ines/tiago_ws/install/pmb2_2dnav/share/pmb2_2dnav/package.sh'
[3.546s] INFO:colcon.colcon_core.shell:Creating package script '/home/ines/tiago_ws/install/pmb2_2dnav/share/pmb2_2dnav/package.bash'
[3.546s] INFO:colcon.colcon_core.shell:Creating package script '/home/ines/tiago_ws/install/pmb2_2dnav/share/pmb2_2dnav/package.zsh'
[3.547s] Level 1:colcon.colcon_core.environment:create_file_with_runtime_dependencies(/home/ines/tiago_ws/install/pmb2_2dnav/share/colcon-core/packages/pmb2_2dnav)
[3.555s] Level 1:colcon.colcon_core.environment:create_environment_scripts_only(tiago_controller_configuration)
[3.555s] Level 1:colcon.colcon_core.environment:checking '/home/ines/tiago_ws/install/tiago_controller_configuration' for CMake module files
[3.557s] Level 1:colcon.colcon_core.environment:checking '/home/ines/tiago_ws/install/tiago_controller_configuration' for CMake config files
[3.560s] Level 1:colcon.colcon_core.shell:create_environment_hook('tiago_controller_configuration', 'cmake_prefix_path')
[3.560s] INFO:colcon.colcon_core.shell:Creating environment hook '/home/ines/tiago_ws/install/tiago_controller_configuration/share/tiago_controller_configuration/hook/cmake_prefix_path.ps1'
[3.561s] INFO:colcon.colcon_core.shell:Creating environment descriptor '/home/ines/tiago_ws/install/tiago_controller_configuration/share/tiago_controller_configuration/hook/cmake_prefix_path.dsv'
[3.565s] INFO:colcon.colcon_core.shell:Creating environment hook '/home/ines/tiago_ws/install/tiago_controller_configuration/share/tiago_controller_configuration/hook/cmake_prefix_path.sh'
[3.567s] Level 1:colcon.colcon_core.environment:checking '/home/ines/tiago_ws/install/tiago_controller_configuration/bin'
[3.567s] Level 1:colcon.colcon_core.environment:checking '/home/ines/tiago_ws/install/tiago_controller_configuration/lib/pkgconfig/tiago_controller_configuration.pc'
[3.567s] Level 1:colcon.colcon_core.environment:checking '/home/ines/tiago_ws/install/tiago_controller_configuration/lib/python3.10/site-packages'
[3.571s] Level 1:colcon.colcon_core.environment:checking '/home/ines/tiago_ws/install/tiago_controller_configuration/bin'
[3.572s] INFO:colcon.colcon_core.shell:Creating package script '/home/ines/tiago_ws/install/tiago_controller_configuration/share/tiago_controller_configuration/package.ps1'
[3.573s] INFO:colcon.colcon_core.shell:Creating package descriptor '/home/ines/tiago_ws/install/tiago_controller_configuration/share/tiago_controller_configuration/package.dsv'
[3.577s] INFO:colcon.colcon_core.shell:Creating package script '/home/ines/tiago_ws/install/tiago_controller_configuration/share/tiago_controller_configuration/package.sh'
[3.579s] INFO:colcon.colcon_core.shell:Creating package script '/home/ines/tiago_ws/install/tiago_controller_configuration/share/tiago_controller_configuration/package.bash'
[3.580s] INFO:colcon.colcon_core.shell:Creating package script '/home/ines/tiago_ws/install/tiago_controller_configuration/share/tiago_controller_configuration/package.zsh'
[3.581s] Level 1:colcon.colcon_core.environment:create_file_with_runtime_dependencies(/home/ines/tiago_ws/install/tiago_controller_configuration/share/colcon-core/packages/tiago_controller_configuration)
[3.584s] Level 1:colcon.colcon_core.environment:create_environment_scripts_only(pal_navigation_cfg_bringup)
[3.585s] Level 1:colcon.colcon_core.environment:checking '/home/ines/tiago_ws/install/pal_navigation_cfg_bringup' for CMake module files
[3.587s] Level 1:colcon.colcon_core.environment:checking '/home/ines/tiago_ws/install/pal_navigation_cfg_bringup' for CMake config files
[3.588s] Level 1:colcon.colcon_core.shell:create_environment_hook('pal_navigation_cfg_bringup', 'cmake_prefix_path')
[3.589s] INFO:colcon.colcon_core.shell:Creating environment hook '/home/ines/tiago_ws/install/pal_navigation_cfg_bringup/share/pal_navigation_cfg_bringup/hook/cmake_prefix_path.ps1'
[3.592s] INFO:colcon.colcon_core.shell:Creating environment descriptor '/home/ines/tiago_ws/install/pal_navigation_cfg_bringup/share/pal_navigation_cfg_bringup/hook/cmake_prefix_path.dsv'
[3.593s] INFO:colcon.colcon_core.shell:Creating environment hook '/home/ines/tiago_ws/install/pal_navigation_cfg_bringup/share/pal_navigation_cfg_bringup/hook/cmake_prefix_path.sh'
[3.595s] Level 1:colcon.colcon_core.environment:checking '/home/ines/tiago_ws/install/pal_navigation_cfg_bringup/bin'
[3.595s] Level 1:colcon.colcon_core.environment:checking '/home/ines/tiago_ws/install/pal_navigation_cfg_bringup/lib/pkgconfig/pal_navigation_cfg_bringup.pc'
[3.595s] Level 1:colcon.colcon_core.environment:checking '/home/ines/tiago_ws/install/pal_navigation_cfg_bringup/lib/python3.10/site-packages'
[3.596s] Level 1:colcon.colcon_core.environment:checking '/home/ines/tiago_ws/install/pal_navigation_cfg_bringup/bin'
[3.597s] INFO:colcon.colcon_core.shell:Creating package script '/home/ines/tiago_ws/install/pal_navigation_cfg_bringup/share/pal_navigation_cfg_bringup/package.ps1'
[3.599s] INFO:colcon.colcon_core.shell:Creating package descriptor '/home/ines/tiago_ws/install/pal_navigation_cfg_bringup/share/pal_navigation_cfg_bringup/package.dsv'
[3.601s] INFO:colcon.colcon_core.shell:Creating package script '/home/ines/tiago_ws/install/pal_navigation_cfg_bringup/share/pal_navigation_cfg_bringup/package.sh'
[3.602s] INFO:colcon.colcon_core.shell:Creating package script '/home/ines/tiago_ws/install/pal_navigation_cfg_bringup/share/pal_navigation_cfg_bringup/package.bash'
[3.603s] INFO:colcon.colcon_core.shell:Creating package script '/home/ines/tiago_ws/install/pal_navigation_cfg_bringup/share/pal_navigation_cfg_bringup/package.zsh'
[3.604s] Level 1:colcon.colcon_core.environment:create_file_with_runtime_dependencies(/home/ines/tiago_ws/install/pal_navigation_cfg_bringup/share/colcon-core/packages/pal_navigation_cfg_bringup)
[3.623s] DEBUG:colcon.colcon_core.event_handler.log_command:Invoking command in '/home/ines/tiago_ws/build/tiago_exam_worlds': CMAKE_PREFIX_PATH=${CMAKE_PREFIX_PATH}:/home/ines/tiago_ws/install/tiago_autonomous_navigation:/home/ines/tiago_ws/install/tiago_autonomous_exploration:/home/ines/ros2_ws/install/scripts:/home/ines/ros2_ws/install/acrobat:/opt/ros/humble /usr/bin/cmake --build /home/ines/tiago_ws/build/tiago_exam_worlds -- -j8 -l8
[3.624s] INFO:colcon.colcon_ros.task.ament_cmake.build:Building ROS package in '/home/ines/tiago_ws/src/pal_navigation_cfg_public/pal_navigation_cfg_public' with build type 'ament_cmake'
[3.624s] INFO:colcon.colcon_cmake.task.cmake.build:Building CMake package in '/home/ines/tiago_ws/src/pal_navigation_cfg_public/pal_navigation_cfg_public'
[3.625s] INFO:colcon.colcon_core.shell:Skip shell extension 'powershell' for command environment: Not usable outside of PowerShell
[3.625s] DEBUG:colcon.colcon_core.shell:Skip shell extension 'dsv' for command environment
[3.658s] Level 1:colcon.colcon_core.environment:create_environment_scripts_only(tiago_laser_sensors)
[3.658s] Level 1:colcon.colcon_core.environment:checking '/home/ines/tiago_ws/install/tiago_laser_sensors' for CMake module files
[3.660s] DEBUG:colcon.colcon_core.event_handler.log_command:Invoked command in '/home/ines/tiago_ws/build/tiago_laser_sensors' returned '0': CMAKE_PREFIX_PATH=/home/ines/tiago_ws/install/pmb2_laser_sensors:/home/ines/tiago_ws/install/pmb2_robot:/home/ines/tiago_ws/install/pmb2_bringup:/home/ines/tiago_ws/install/pmb2_description:/home/ines/tiago_ws/install/pmb2_controller_configuration:/home/ines/tiago_ws/install/pmb2_maps:/home/ines/tiago_ws/install/tiago_navigation:/home/ines/tiago_ws/install/tiago_rgbd_sensors:/home/ines/tiago_ws/install/tiago_laser_sensors:/home/ines/tiago_ws/install/tiago_exam_worlds:/home/ines/tiago_ws/install/tiago_exam:/home/ines/tiago_ws/install/tiago_controller_configuration:/home/ines/tiago_ws/install/tiago_2dnav:/home/ines/tiago_ws/install/pmb2_rgbd_sensors:/home/ines/tiago_ws/install/pmb2_navigation:/home/ines/tiago_ws/install/pmb2_2dnav:/home/ines/tiago_ws/install/pal_navigation_cfg:/home/ines/tiago_ws/install/pal_navigation_cfg_bringup:/home/ines/tiago_ws/install/pal_navigation_cfg_params:/home/ines/tiago_ws/install/multirobot_map_merge:/home/ines/tiago_ws/install/explore_lite:/home/ines/test_ws/install/my_package:/home/ines/tiago_ws/install/tiago_autonomous_navigation:/home/ines/tiago_ws/install/tiago_autonomous_exploration:/home/ines/ros2_ws/install/scripts:/home/ines/ros2_ws/install/acrobat:/opt/ros/humble /usr/bin/cmake --install /home/ines/tiago_ws/build/tiago_laser_sensors
[3.662s] Level 1:colcon.colcon_core.environment:checking '/home/ines/tiago_ws/install/tiago_laser_sensors' for CMake config files
[3.663s] Level 1:colcon.colcon_core.shell:create_environment_hook('tiago_laser_sensors', 'cmake_prefix_path')
[3.663s] INFO:colcon.colcon_core.shell:Creating environment hook '/home/ines/tiago_ws/install/tiago_laser_sensors/share/tiago_laser_sensors/hook/cmake_prefix_path.ps1'
[3.665s] INFO:colcon.colcon_core.shell:Creating environment descriptor '/home/ines/tiago_ws/install/tiago_laser_sensors/share/tiago_laser_sensors/hook/cmake_prefix_path.dsv'
[3.665s] INFO:colcon.colcon_core.shell:Creating environment hook '/home/ines/tiago_ws/install/tiago_laser_sensors/share/tiago_laser_sensors/hook/cmake_prefix_path.sh'
[3.667s] Level 1:colcon.colcon_core.environment:checking '/home/ines/tiago_ws/install/tiago_laser_sensors/bin'
[3.667s] Level 1:colcon.colcon_core.environment:checking '/home/ines/tiago_ws/install/tiago_laser_sensors/lib/pkgconfig/tiago_laser_sensors.pc'
[3.667s] Level 1:colcon.colcon_core.environment:checking '/home/ines/tiago_ws/install/tiago_laser_sensors/lib/python3.10/site-packages'
[3.667s] Level 1:colcon.colcon_core.environment:checking '/home/ines/tiago_ws/install/tiago_laser_sensors/bin'
[3.671s] INFO:colcon.colcon_core.shell:Creating package script '/home/ines/tiago_ws/install/tiago_laser_sensors/share/tiago_laser_sensors/package.ps1'
[3.672s] INFO:colcon.colcon_core.shell:Creating package descriptor '/home/ines/tiago_ws/install/tiago_laser_sensors/share/tiago_laser_sensors/package.dsv'
[3.674s] INFO:colcon.colcon_core.shell:Creating package script '/home/ines/tiago_ws/install/tiago_laser_sensors/share/tiago_laser_sensors/package.sh'
[3.678s] INFO:colcon.colcon_core.shell:Creating package script '/home/ines/tiago_ws/install/tiago_laser_sensors/share/tiago_laser_sensors/package.bash'
[3.679s] INFO:colcon.colcon_core.shell:Creating package script '/home/ines/tiago_ws/install/tiago_laser_sensors/share/tiago_laser_sensors/package.zsh'
[3.680s] Level 1:colcon.colcon_core.environment:create_file_with_runtime_dependencies(/home/ines/tiago_ws/install/tiago_laser_sensors/share/colcon-core/packages/tiago_laser_sensors)
[3.688s] Level 1:colcon.colcon_core.environment:create_environment_scripts_only(pmb2_2dnav)
[3.688s] Level 1:colcon.colcon_core.environment:checking '/home/ines/tiago_ws/install/pmb2_2dnav' for CMake module files
[3.694s] Level 1:colcon.colcon_core.environment:checking '/home/ines/tiago_ws/install/pmb2_2dnav' for CMake config files
[3.695s] Level 1:colcon.colcon_core.shell:create_environment_hook('pmb2_2dnav', 'cmake_prefix_path')
[3.696s] INFO:colcon.colcon_core.shell:Creating environment hook '/home/ines/tiago_ws/install/pmb2_2dnav/share/pmb2_2dnav/hook/cmake_prefix_path.ps1'
[3.697s] INFO:colcon.colcon_core.shell:Creating environment descriptor '/home/ines/tiago_ws/install/pmb2_2dnav/share/pmb2_2dnav/hook/cmake_prefix_path.dsv'
[3.698s] INFO:colcon.colcon_core.shell:Creating environment hook '/home/ines/tiago_ws/install/pmb2_2dnav/share/pmb2_2dnav/hook/cmake_prefix_path.sh'
[3.699s] Level 1:colcon.colcon_core.environment:checking '/home/ines/tiago_ws/install/pmb2_2dnav/bin'
[3.699s] Level 1:colcon.colcon_core.environment:checking '/home/ines/tiago_ws/install/pmb2_2dnav/lib/pkgconfig/pmb2_2dnav.pc'
[3.703s] Level 1:colcon.colcon_core.environment:checking '/home/ines/tiago_ws/install/pmb2_2dnav/lib/python3.10/site-packages'
[3.703s] Level 1:colcon.colcon_core.environment:checking '/home/ines/tiago_ws/install/pmb2_2dnav/bin'
[3.704s] INFO:colcon.colcon_core.shell:Creating package script '/home/ines/tiago_ws/install/pmb2_2dnav/share/pmb2_2dnav/package.ps1'
[3.705s] INFO:colcon.colcon_core.shell:Creating package descriptor '/home/ines/tiago_ws/install/pmb2_2dnav/share/pmb2_2dnav/package.dsv'
[3.710s] INFO:colcon.colcon_core.shell:Creating package script '/home/ines/tiago_ws/install/pmb2_2dnav/share/pmb2_2dnav/package.sh'
[3.716s] INFO:colcon.colcon_core.shell:Creating package script '/home/ines/tiago_ws/install/pmb2_2dnav/share/pmb2_2dnav/package.bash'
[3.717s] INFO:colcon.colcon_core.shell:Creating package script '/home/ines/tiago_ws/install/pmb2_2dnav/share/pmb2_2dnav/package.zsh'
[3.721s] Level 1:colcon.colcon_core.environment:create_file_with_runtime_dependencies(/home/ines/tiago_ws/install/pmb2_2dnav/share/colcon-core/packages/pmb2_2dnav)
[3.722s] INFO:colcon.colcon_ros.task.ament_cmake.build:Building ROS package in '/home/ines/tiago_ws/src/pmb2_navigation/pmb2_navigation' with build type 'ament_cmake'
[3.723s] INFO:colcon.colcon_cmake.task.cmake.build:Building CMake package in '/home/ines/tiago_ws/src/pmb2_navigation/pmb2_navigation'
[3.723s] INFO:colcon.colcon_core.shell:Skip shell extension 'powershell' for command environment: Not usable outside of PowerShell
[3.723s] DEBUG:colcon.colcon_core.shell:Skip shell extension 'dsv' for command environment
[3.779s] DEBUG:colcon.colcon_core.event_handler.log_command:Invoking command in '/home/ines/tiago_ws/build/pal_navigation_cfg': CMAKE_PREFIX_PATH=/home/ines/tiago_ws/install/pal_navigation_cfg_bringup:/home/ines/tiago_ws/install/pal_navigation_cfg_params:/home/ines/tiago_ws/install/pmb2_robot:/home/ines/tiago_ws/install/pmb2_bringup:/home/ines/tiago_ws/install/pmb2_description:/home/ines/tiago_ws/install/pmb2_controller_configuration:/home/ines/tiago_ws/install/pmb2_maps:/home/ines/tiago_ws/install/tiago_navigation:/home/ines/tiago_ws/install/tiago_rgbd_sensors:/home/ines/tiago_ws/install/tiago_laser_sensors:/home/ines/tiago_ws/install/tiago_exam_worlds:/home/ines/tiago_ws/install/tiago_exam:/home/ines/tiago_ws/install/tiago_controller_configuration:/home/ines/tiago_ws/install/tiago_2dnav:/home/ines/tiago_ws/install/pmb2_rgbd_sensors:/home/ines/tiago_ws/install/pmb2_navigation:/home/ines/tiago_ws/install/pmb2_laser_sensors:/home/ines/tiago_ws/install/pmb2_2dnav:/home/ines/tiago_ws/install/pal_navigation_cfg:/home/ines/tiago_ws/install/multirobot_map_merge:/home/ines/tiago_ws/install/explore_lite:/home/ines/test_ws/install/my_package:/home/ines/tiago_ws/install/tiago_autonomous_navigation:/home/ines/tiago_ws/install/tiago_autonomous_exploration:/home/ines/ros2_ws/install/scripts:/home/ines/ros2_ws/install/acrobat:/opt/ros/humble /usr/bin/cmake --build /home/ines/tiago_ws/build/pal_navigation_cfg -- -j8 -l8
[3.789s] DEBUG:colcon.colcon_core.event_handler.log_command:Invoked command in '/home/ines/tiago_ws/build/tiago_exam_worlds' returned '0': CMAKE_PREFIX_PATH=${CMAKE_PREFIX_PATH}:/home/ines/tiago_ws/install/tiago_autonomous_navigation:/home/ines/tiago_ws/install/tiago_autonomous_exploration:/home/ines/ros2_ws/install/scripts:/home/ines/ros2_ws/install/acrobat:/opt/ros/humble /usr/bin/cmake --build /home/ines/tiago_ws/build/tiago_exam_worlds -- -j8 -l8
[3.791s] Level 1:colcon.colcon_core.environment:create_environment_scripts_only(tiago_laser_sensors)
[3.792s] Level 1:colcon.colcon_core.environment:checking '/home/ines/tiago_ws/install/tiago_laser_sensors' for CMake module files
[3.797s] Level 1:colcon.colcon_core.environment:checking '/home/ines/tiago_ws/install/tiago_laser_sensors' for CMake config files
[3.797s] Level 1:colcon.colcon_core.shell:create_environment_hook('tiago_laser_sensors', 'cmake_prefix_path')
[3.798s] INFO:colcon.colcon_core.shell:Creating environment hook '/home/ines/tiago_ws/install/tiago_laser_sensors/share/tiago_laser_sensors/hook/cmake_prefix_path.ps1'
[3.799s] INFO:colcon.colcon_core.shell:Creating environment descriptor '/home/ines/tiago_ws/install/tiago_laser_sensors/share/tiago_laser_sensors/hook/cmake_prefix_path.dsv'
[3.799s] INFO:colcon.colcon_core.shell:Creating environment hook '/home/ines/tiago_ws/install/tiago_laser_sensors/share/tiago_laser_sensors/hook/cmake_prefix_path.sh'
[3.804s] Level 1:colcon.colcon_core.environment:checking '/home/ines/tiago_ws/install/tiago_laser_sensors/bin'
[3.804s] Level 1:colcon.colcon_core.environment:checking '/home/ines/tiago_ws/install/tiago_laser_sensors/lib/pkgconfig/tiago_laser_sensors.pc'
[3.804s] Level 1:colcon.colcon_core.environment:checking '/home/ines/tiago_ws/install/tiago_laser_sensors/lib/python3.10/site-packages'
[3.805s] Level 1:colcon.colcon_core.environment:checking '/home/ines/tiago_ws/install/tiago_laser_sensors/bin'
[3.806s] INFO:colcon.colcon_core.shell:Creating package script '/home/ines/tiago_ws/install/tiago_laser_sensors/share/tiago_laser_sensors/package.ps1'
[3.810s] INFO:colcon.colcon_core.shell:Creating package descriptor '/home/ines/tiago_ws/install/tiago_laser_sensors/share/tiago_laser_sensors/package.dsv'
[3.811s] INFO:colcon.colcon_core.shell:Creating package script '/home/ines/tiago_ws/install/tiago_laser_sensors/share/tiago_laser_sensors/package.sh'
[3.812s] INFO:colcon.colcon_core.shell:Creating package script '/home/ines/tiago_ws/install/tiago_laser_sensors/share/tiago_laser_sensors/package.bash'
[3.817s] INFO:colcon.colcon_core.shell:Creating package script '/home/ines/tiago_ws/install/tiago_laser_sensors/share/tiago_laser_sensors/package.zsh'
[3.818s] Level 1:colcon.colcon_core.environment:create_file_with_runtime_dependencies(/home/ines/tiago_ws/install/tiago_laser_sensors/share/colcon-core/packages/tiago_laser_sensors)
[3.828s] DEBUG:colcon.colcon_core.event_handler.log_command:Invoking command in '/home/ines/tiago_ws/build/pmb2_navigation': CMAKE_PREFIX_PATH=/home/ines/tiago_ws/install/pmb2_2dnav:/home/ines/tiago_ws/install/pmb2_maps:/home/ines/tiago_ws/install/pmb2_laser_sensors:/home/ines/tiago_ws/install/pmb2_robot:/home/ines/tiago_ws/install/pmb2_bringup:/home/ines/tiago_ws/install/pmb2_description:/home/ines/tiago_ws/install/pmb2_controller_configuration:/home/ines/tiago_ws/install/tiago_navigation:/home/ines/tiago_ws/install/tiago_rgbd_sensors:/home/ines/tiago_ws/install/tiago_laser_sensors:/home/ines/tiago_ws/install/tiago_exam_worlds:/home/ines/tiago_ws/install/tiago_exam:/home/ines/tiago_ws/install/tiago_controller_configuration:/home/ines/tiago_ws/install/tiago_2dnav:/home/ines/tiago_ws/install/pmb2_rgbd_sensors:/home/ines/tiago_ws/install/pmb2_navigation:/home/ines/tiago_ws/install/pal_navigation_cfg:/home/ines/tiago_ws/install/pal_navigation_cfg_bringup:/home/ines/tiago_ws/install/pal_navigation_cfg_params:/home/ines/tiago_ws/install/multirobot_map_merge:/home/ines/tiago_ws/install/explore_lite:/home/ines/test_ws/install/my_package:/home/ines/tiago_ws/install/tiago_autonomous_navigation:/home/ines/tiago_ws/install/tiago_autonomous_exploration:/home/ines/ros2_ws/install/scripts:/home/ines/ros2_ws/install/acrobat:/opt/ros/humble /usr/bin/cmake --build /home/ines/tiago_ws/build/pmb2_navigation -- -j8 -l8
[3.832s] INFO:colcon.colcon_ros.task.ament_cmake.build:Building ROS package in '/home/ines/tiago_ws/src/tiago_navigation.bak/tiago_navigation' with build type 'ament_cmake'
[3.832s] INFO:colcon.colcon_cmake.task.cmake.build:Building CMake package in '/home/ines/tiago_ws/src/tiago_navigation.bak/tiago_navigation'
[3.833s] INFO:colcon.colcon_core.shell:Skip shell extension 'powershell' for command environment: Not usable outside of PowerShell
[3.833s] DEBUG:colcon.colcon_core.shell:Skip shell extension 'dsv' for command environment
[3.876s] DEBUG:colcon.colcon_core.event_handler.log_command:Invoking command in '/home/ines/tiago_ws/build/tiago_exam_worlds': CMAKE_PREFIX_PATH=${CMAKE_PREFIX_PATH}:/home/ines/tiago_ws/install/tiago_autonomous_navigation:/home/ines/tiago_ws/install/tiago_autonomous_exploration:/home/ines/ros2_ws/install/scripts:/home/ines/ros2_ws/install/acrobat:/opt/ros/humble /usr/bin/cmake --install /home/ines/tiago_ws/build/tiago_exam_worlds
[3.890s] DEBUG:colcon.colcon_core.event_handler.log_command:Invoking command in '/home/ines/tiago_ws/build/tiago_navigation': CMAKE_PREFIX_PATH=/home/ines/tiago_ws/install/tiago_laser_sensors:/home/ines/tiago_ws/install/tiago_2dnav:/home/ines/tiago_ws/install/pmb2_maps:/home/ines/tiago_ws/install/pmb2_laser_sensors:/home/ines/tiago_ws/install/pmb2_robot:/home/ines/tiago_ws/install/pmb2_bringup:/home/ines/tiago_ws/install/pmb2_description:/home/ines/tiago_ws/install/pmb2_controller_configuration:/home/ines/tiago_ws/install/tiago_navigation:/home/ines/tiago_ws/install/tiago_rgbd_sensors:/home/ines/tiago_ws/install/tiago_exam_worlds:/home/ines/tiago_ws/install/tiago_exam:/home/ines/tiago_ws/install/tiago_controller_configuration:/home/ines/tiago_ws/install/pmb2_rgbd_sensors:/home/ines/tiago_ws/install/pmb2_navigation:/home/ines/tiago_ws/install/pmb2_2dnav:/home/ines/tiago_ws/install/pal_navigation_cfg:/home/ines/tiago_ws/install/pal_navigation_cfg_bringup:/home/ines/tiago_ws/install/pal_navigation_cfg_params:/home/ines/tiago_ws/install/multirobot_map_merge:/home/ines/tiago_ws/install/explore_lite:/home/ines/test_ws/install/my_package:/home/ines/tiago_ws/install/tiago_autonomous_navigation:/home/ines/tiago_ws/install/tiago_autonomous_exploration:/home/ines/ros2_ws/install/scripts:/home/ines/ros2_ws/install/acrobat:/opt/ros/humble /usr/bin/cmake --build /home/ines/tiago_ws/build/tiago_navigation -- -j8 -l8
[3.918s] DEBUG:colcon.colcon_core.event_handler.log_command:Invoked command in '/home/ines/tiago_ws/build/pal_navigation_cfg' returned '0': CMAKE_PREFIX_PATH=/home/ines/tiago_ws/install/pal_navigation_cfg_bringup:/home/ines/tiago_ws/install/pal_navigation_cfg_params:/home/ines/tiago_ws/install/pmb2_robot:/home/ines/tiago_ws/install/pmb2_bringup:/home/ines/tiago_ws/install/pmb2_description:/home/ines/tiago_ws/install/pmb2_controller_configuration:/home/ines/tiago_ws/install/pmb2_maps:/home/ines/tiago_ws/install/tiago_navigation:/home/ines/tiago_ws/install/tiago_rgbd_sensors:/home/ines/tiago_ws/install/tiago_laser_sensors:/home/ines/tiago_ws/install/tiago_exam_worlds:/home/ines/tiago_ws/install/tiago_exam:/home/ines/tiago_ws/install/tiago_controller_configuration:/home/ines/tiago_ws/install/tiago_2dnav:/home/ines/tiago_ws/install/pmb2_rgbd_sensors:/home/ines/tiago_ws/install/pmb2_navigation:/home/ines/tiago_ws/install/pmb2_laser_sensors:/home/ines/tiago_ws/install/pmb2_2dnav:/home/ines/tiago_ws/install/pal_navigation_cfg:/home/ines/tiago_ws/install/multirobot_map_merge:/home/ines/tiago_ws/install/explore_lite:/home/ines/test_ws/install/my_package:/home/ines/tiago_ws/install/tiago_autonomous_navigation:/home/ines/tiago_ws/install/tiago_autonomous_exploration:/home/ines/ros2_ws/install/scripts:/home/ines/ros2_ws/install/acrobat:/opt/ros/humble /usr/bin/cmake --build /home/ines/tiago_ws/build/pal_navigation_cfg -- -j8 -l8
[3.941s] DEBUG:colcon.colcon_core.event_handler.log_command:Invoking command in '/home/ines/tiago_ws/build/tiago_autonomous_navigation': PYTHONPATH=/home/ines/tiago_ws/build/tiago_autonomous_navigation/prefix_override:/home/ines/tiago_ws/install/tiago_autonomous_navigation/lib/python3.10/site-packages:${PYTHONPATH} /usr/bin/python3 -W ignore:setup.py install is deprecated setup.py develop --editable --build-directory /home/ines/tiago_ws/build/tiago_autonomous_navigation/build --no-deps symlink_data
[3.978s] DEBUG:colcon.colcon_core.event_handler.log_command:Invoking command in '/home/ines/tiago_ws/build/tiago_autonomous_exploration': PYTHONPATH=/home/ines/tiago_ws/build/tiago_autonomous_exploration/prefix_override:/home/ines/tiago_ws/install/tiago_autonomous_exploration/lib/python3.10/site-packages:${PYTHONPATH} /usr/bin/python3 -W ignore:setup.py install is deprecated setup.py develop --editable --build-directory /home/ines/tiago_ws/build/tiago_autonomous_exploration/build --no-deps symlink_data
[4.020s] DEBUG:colcon.colcon_core.event_handler.log_command:Invoked command in '/home/ines/tiago_ws/build/pmb2_navigation' returned '0': CMAKE_PREFIX_PATH=/home/ines/tiago_ws/install/pmb2_2dnav:/home/ines/tiago_ws/install/pmb2_maps:/home/ines/tiago_ws/install/pmb2_laser_sensors:/home/ines/tiago_ws/install/pmb2_robot:/home/ines/tiago_ws/install/pmb2_bringup:/home/ines/tiago_ws/install/pmb2_description:/home/ines/tiago_ws/install/pmb2_controller_configuration:/home/ines/tiago_ws/install/tiago_navigation:/home/ines/tiago_ws/install/tiago_rgbd_sensors:/home/ines/tiago_ws/install/tiago_laser_sensors:/home/ines/tiago_ws/install/tiago_exam_worlds:/home/ines/tiago_ws/install/tiago_exam:/home/ines/tiago_ws/install/tiago_controller_configuration:/home/ines/tiago_ws/install/tiago_2dnav:/home/ines/tiago_ws/install/pmb2_rgbd_sensors:/home/ines/tiago_ws/install/pmb2_navigation:/home/ines/tiago_ws/install/pal_navigation_cfg:/home/ines/tiago_ws/install/pal_navigation_cfg_bringup:/home/ines/tiago_ws/install/pal_navigation_cfg_params:/home/ines/tiago_ws/install/multirobot_map_merge:/home/ines/tiago_ws/install/explore_lite:/home/ines/test_ws/install/my_package:/home/ines/tiago_ws/install/tiago_autonomous_navigation:/home/ines/tiago_ws/install/tiago_autonomous_exploration:/home/ines/ros2_ws/install/scripts:/home/ines/ros2_ws/install/acrobat:/opt/ros/humble /usr/bin/cmake --build /home/ines/tiago_ws/build/pmb2_navigation -- -j8 -l8
[4.070s] DEBUG:colcon.colcon_core.event_handler.log_command:Invoking command in '/home/ines/tiago_ws/build/pal_navigation_cfg': CMAKE_PREFIX_PATH=/home/ines/tiago_ws/install/pal_navigation_cfg_bringup:/home/ines/tiago_ws/install/pal_navigation_cfg_params:/home/ines/tiago_ws/install/pmb2_robot:/home/ines/tiago_ws/install/pmb2_bringup:/home/ines/tiago_ws/install/pmb2_description:/home/ines/tiago_ws/install/pmb2_controller_configuration:/home/ines/tiago_ws/install/pmb2_maps:/home/ines/tiago_ws/install/tiago_navigation:/home/ines/tiago_ws/install/tiago_rgbd_sensors:/home/ines/tiago_ws/install/tiago_laser_sensors:/home/ines/tiago_ws/install/tiago_exam_worlds:/home/ines/tiago_ws/install/tiago_exam:/home/ines/tiago_ws/install/tiago_controller_configuration:/home/ines/tiago_ws/install/tiago_2dnav:/home/ines/tiago_ws/install/pmb2_rgbd_sensors:/home/ines/tiago_ws/install/pmb2_navigation:/home/ines/tiago_ws/install/pmb2_laser_sensors:/home/ines/tiago_ws/install/pmb2_2dnav:/home/ines/tiago_ws/install/pal_navigation_cfg:/home/ines/tiago_ws/install/multirobot_map_merge:/home/ines/tiago_ws/install/explore_lite:/home/ines/test_ws/install/my_package:/home/ines/tiago_ws/install/tiago_autonomous_navigation:/home/ines/tiago_ws/install/tiago_autonomous_exploration:/home/ines/ros2_ws/install/scripts:/home/ines/ros2_ws/install/acrobat:/opt/ros/humble /usr/bin/cmake --install /home/ines/tiago_ws/build/pal_navigation_cfg
[4.088s] DEBUG:colcon.colcon_core.event_handler.log_command:Invoked command in '/home/ines/tiago_ws/build/tiago_navigation' returned '0': CMAKE_PREFIX_PATH=/home/ines/tiago_ws/install/tiago_laser_sensors:/home/ines/tiago_ws/install/tiago_2dnav:/home/ines/tiago_ws/install/pmb2_maps:/home/ines/tiago_ws/install/pmb2_laser_sensors:/home/ines/tiago_ws/install/pmb2_robot:/home/ines/tiago_ws/install/pmb2_bringup:/home/ines/tiago_ws/install/pmb2_description:/home/ines/tiago_ws/install/pmb2_controller_configuration:/home/ines/tiago_ws/install/tiago_navigation:/home/ines/tiago_ws/install/tiago_rgbd_sensors:/home/ines/tiago_ws/install/tiago_exam_worlds:/home/ines/tiago_ws/install/tiago_exam:/home/ines/tiago_ws/install/tiago_controller_configuration:/home/ines/tiago_ws/install/pmb2_rgbd_sensors:/home/ines/tiago_ws/install/pmb2_navigation:/home/ines/tiago_ws/install/pmb2_2dnav:/home/ines/tiago_ws/install/pal_navigation_cfg:/home/ines/tiago_ws/install/pal_navigation_cfg_bringup:/home/ines/tiago_ws/install/pal_navigation_cfg_params:/home/ines/tiago_ws/install/multirobot_map_merge:/home/ines/tiago_ws/install/explore_lite:/home/ines/test_ws/install/my_package:/home/ines/tiago_ws/install/tiago_autonomous_navigation:/home/ines/tiago_ws/install/tiago_autonomous_exploration:/home/ines/ros2_ws/install/scripts:/home/ines/ros2_ws/install/acrobat:/opt/ros/humble /usr/bin/cmake --build /home/ines/tiago_ws/build/tiago_navigation -- -j8 -l8
[4.106s] DEBUG:colcon.colcon_core.event_handler.log_command:Invoking command in '/home/ines/tiago_ws/build/pmb2_navigation': CMAKE_PREFIX_PATH=/home/ines/tiago_ws/install/pmb2_2dnav:/home/ines/tiago_ws/install/pmb2_maps:/home/ines/tiago_ws/install/pmb2_laser_sensors:/home/ines/tiago_ws/install/pmb2_robot:/home/ines/tiago_ws/install/pmb2_bringup:/home/ines/tiago_ws/install/pmb2_description:/home/ines/tiago_ws/install/pmb2_controller_configuration:/home/ines/tiago_ws/install/tiago_navigation:/home/ines/tiago_ws/install/tiago_rgbd_sensors:/home/ines/tiago_ws/install/tiago_laser_sensors:/home/ines/tiago_ws/install/tiago_exam_worlds:/home/ines/tiago_ws/install/tiago_exam:/home/ines/tiago_ws/install/tiago_controller_configuration:/home/ines/tiago_ws/install/tiago_2dnav:/home/ines/tiago_ws/install/pmb2_rgbd_sensors:/home/ines/tiago_ws/install/pmb2_navigation:/home/ines/tiago_ws/install/pal_navigation_cfg:/home/ines/tiago_ws/install/pal_navigation_cfg_bringup:/home/ines/tiago_ws/install/pal_navigation_cfg_params:/home/ines/tiago_ws/install/multirobot_map_merge:/home/ines/tiago_ws/install/explore_lite:/home/ines/test_ws/install/my_package:/home/ines/tiago_ws/install/tiago_autonomous_navigation:/home/ines/tiago_ws/install/tiago_autonomous_exploration:/home/ines/ros2_ws/install/scripts:/home/ines/ros2_ws/install/acrobat:/opt/ros/humble /usr/bin/cmake --install /home/ines/tiago_ws/build/pmb2_navigation
[4.134s] Level 1:colcon.colcon_core.environment:create_environment_scripts_only(pal_navigation_cfg)
[4.136s] Level 1:colcon.colcon_core.environment:checking '/home/ines/tiago_ws/install/pal_navigation_cfg' for CMake module files
[4.137s] DEBUG:colcon.colcon_core.event_handler.log_command:Invoked command in '/home/ines/tiago_ws/build/pal_navigation_cfg' returned '0': CMAKE_PREFIX_PATH=/home/ines/tiago_ws/install/pal_navigation_cfg_bringup:/home/ines/tiago_ws/install/pal_navigation_cfg_params:/home/ines/tiago_ws/install/pmb2_robot:/home/ines/tiago_ws/install/pmb2_bringup:/home/ines/tiago_ws/install/pmb2_description:/home/ines/tiago_ws/install/pmb2_controller_configuration:/home/ines/tiago_ws/install/pmb2_maps:/home/ines/tiago_ws/install/tiago_navigation:/home/ines/tiago_ws/install/tiago_rgbd_sensors:/home/ines/tiago_ws/install/tiago_laser_sensors:/home/ines/tiago_ws/install/tiago_exam_worlds:/home/ines/tiago_ws/install/tiago_exam:/home/ines/tiago_ws/install/tiago_controller_configuration:/home/ines/tiago_ws/install/tiago_2dnav:/home/ines/tiago_ws/install/pmb2_rgbd_sensors:/home/ines/tiago_ws/install/pmb2_navigation:/home/ines/tiago_ws/install/pmb2_laser_sensors:/home/ines/tiago_ws/install/pmb2_2dnav:/home/ines/tiago_ws/install/pal_navigation_cfg:/home/ines/tiago_ws/install/multirobot_map_merge:/home/ines/tiago_ws/install/explore_lite:/home/ines/test_ws/install/my_package:/home/ines/tiago_ws/install/tiago_autonomous_navigation:/home/ines/tiago_ws/install/tiago_autonomous_exploration:/home/ines/ros2_ws/install/scripts:/home/ines/ros2_ws/install/acrobat:/opt/ros/humble /usr/bin/cmake --install /home/ines/tiago_ws/build/pal_navigation_cfg
[4.139s] Level 1:colcon.colcon_core.environment:checking '/home/ines/tiago_ws/install/pal_navigation_cfg' for CMake config files
[4.140s] Level 1:colcon.colcon_core.shell:create_environment_hook('pal_navigation_cfg', 'cmake_prefix_path')
[4.140s] INFO:colcon.colcon_core.shell:Creating environment hook '/home/ines/tiago_ws/install/pal_navigation_cfg/share/pal_navigation_cfg/hook/cmake_prefix_path.ps1'
[4.146s] INFO:colcon.colcon_core.shell:Creating environment descriptor '/home/ines/tiago_ws/install/pal_navigation_cfg/share/pal_navigation_cfg/hook/cmake_prefix_path.dsv'
[4.147s] INFO:colcon.colcon_core.shell:Creating environment hook '/home/ines/tiago_ws/install/pal_navigation_cfg/share/pal_navigation_cfg/hook/cmake_prefix_path.sh'
[4.148s] Level 1:colcon.colcon_core.environment:checking '/home/ines/tiago_ws/install/pal_navigation_cfg/bin'
[4.149s] Level 1:colcon.colcon_core.environment:checking '/home/ines/tiago_ws/install/pal_navigation_cfg/lib/pkgconfig/pal_navigation_cfg.pc'
[4.149s] Level 1:colcon.colcon_core.environment:checking '/home/ines/tiago_ws/install/pal_navigation_cfg/lib/python3.10/site-packages'
[4.151s] Level 1:colcon.colcon_core.environment:checking '/home/ines/tiago_ws/install/pal_navigation_cfg/bin'
[4.152s] INFO:colcon.colcon_core.shell:Creating package script '/home/ines/tiago_ws/install/pal_navigation_cfg/share/pal_navigation_cfg/package.ps1'
[4.153s] INFO:colcon.colcon_core.shell:Creating package descriptor '/home/ines/tiago_ws/install/pal_navigation_cfg/share/pal_navigation_cfg/package.dsv'
[4.154s] INFO:colcon.colcon_core.shell:Creating package script '/home/ines/tiago_ws/install/pal_navigation_cfg/share/pal_navigation_cfg/package.sh'
[4.155s] INFO:colcon.colcon_core.shell:Creating package script '/home/ines/tiago_ws/install/pal_navigation_cfg/share/pal_navigation_cfg/package.bash'
[4.156s] INFO:colcon.colcon_core.shell:Creating package script '/home/ines/tiago_ws/install/pal_navigation_cfg/share/pal_navigation_cfg/package.zsh'
[4.157s] Level 1:colcon.colcon_core.environment:create_file_with_runtime_dependencies(/home/ines/tiago_ws/install/pal_navigation_cfg/share/colcon-core/packages/pal_navigation_cfg)
[4.163s] Level 1:colcon.colcon_core.environment:create_environment_scripts_only(tiago_exam_worlds)
[4.163s] Level 1:colcon.colcon_core.environment:checking '/home/ines/tiago_ws/install/tiago_exam_worlds' for CMake module files
[4.165s] DEBUG:colcon.colcon_core.event_handler.log_command:Invoked command in '/home/ines/tiago_ws/build/tiago_exam_worlds' returned '0': CMAKE_PREFIX_PATH=${CMAKE_PREFIX_PATH}:/home/ines/tiago_ws/install/tiago_autonomous_navigation:/home/ines/tiago_ws/install/tiago_autonomous_exploration:/home/ines/ros2_ws/install/scripts:/home/ines/ros2_ws/install/acrobat:/opt/ros/humble /usr/bin/cmake --install /home/ines/tiago_ws/build/tiago_exam_worlds
[4.166s] Level 1:colcon.colcon_core.environment:checking '/home/ines/tiago_ws/install/tiago_exam_worlds' for CMake config files
[4.166s] Level 1:colcon.colcon_core.shell:create_environment_hook('tiago_exam_worlds', 'cmake_prefix_path')
[4.167s] INFO:colcon.colcon_core.shell:Creating environment hook '/home/ines/tiago_ws/install/tiago_exam_worlds/share/tiago_exam_worlds/hook/cmake_prefix_path.ps1'
[4.168s] INFO:colcon.colcon_core.shell:Creating environment descriptor '/home/ines/tiago_ws/install/tiago_exam_worlds/share/tiago_exam_worlds/hook/cmake_prefix_path.dsv'
[4.174s] INFO:colcon.colcon_core.shell:Creating environment hook '/home/ines/tiago_ws/install/tiago_exam_worlds/share/tiago_exam_worlds/hook/cmake_prefix_path.sh'
[4.176s] Level 1:colcon.colcon_core.environment:checking '/home/ines/tiago_ws/install/tiago_exam_worlds/bin'
[4.176s] Level 1:colcon.colcon_core.environment:checking '/home/ines/tiago_ws/install/tiago_exam_worlds/lib/pkgconfig/tiago_exam_worlds.pc'
[4.176s] Level 1:colcon.colcon_core.environment:checking '/home/ines/tiago_ws/install/tiago_exam_worlds/lib/python3.10/site-packages'
[4.180s] Level 1:colcon.colcon_core.environment:checking '/home/ines/tiago_ws/install/tiago_exam_worlds/bin'
[4.181s] INFO:colcon.colcon_core.shell:Creating package script '/home/ines/tiago_ws/install/tiago_exam_worlds/share/tiago_exam_worlds/package.ps1'
[4.185s] INFO:colcon.colcon_core.shell:Creating package descriptor '/home/ines/tiago_ws/install/tiago_exam_worlds/share/tiago_exam_worlds/package.dsv'
[4.186s] INFO:colcon.colcon_core.shell:Creating package script '/home/ines/tiago_ws/install/tiago_exam_worlds/share/tiago_exam_worlds/package.sh'
[4.187s] INFO:colcon.colcon_core.shell:Creating package script '/home/ines/tiago_ws/install/tiago_exam_worlds/share/tiago_exam_worlds/package.bash'
[4.190s] INFO:colcon.colcon_core.shell:Creating package script '/home/ines/tiago_ws/install/tiago_exam_worlds/share/tiago_exam_worlds/package.zsh'
[4.191s] Level 1:colcon.colcon_core.environment:create_file_with_runtime_dependencies(/home/ines/tiago_ws/install/tiago_exam_worlds/share/colcon-core/packages/tiago_exam_worlds)
[4.206s] DEBUG:colcon.colcon_core.event_handler.log_command:Invoking command in '/home/ines/tiago_ws/build/tiago_navigation': CMAKE_PREFIX_PATH=/home/ines/tiago_ws/install/tiago_laser_sensors:/home/ines/tiago_ws/install/tiago_2dnav:/home/ines/tiago_ws/install/pmb2_maps:/home/ines/tiago_ws/install/pmb2_laser_sensors:/home/ines/tiago_ws/install/pmb2_robot:/home/ines/tiago_ws/install/pmb2_bringup:/home/ines/tiago_ws/install/pmb2_description:/home/ines/tiago_ws/install/pmb2_controller_configuration:/home/ines/tiago_ws/install/tiago_navigation:/home/ines/tiago_ws/install/tiago_rgbd_sensors:/home/ines/tiago_ws/install/tiago_exam_worlds:/home/ines/tiago_ws/install/tiago_exam:/home/ines/tiago_ws/install/tiago_controller_configuration:/home/ines/tiago_ws/install/pmb2_rgbd_sensors:/home/ines/tiago_ws/install/pmb2_navigation:/home/ines/tiago_ws/install/pmb2_2dnav:/home/ines/tiago_ws/install/pal_navigation_cfg:/home/ines/tiago_ws/install/pal_navigation_cfg_bringup:/home/ines/tiago_ws/install/pal_navigation_cfg_params:/home/ines/tiago_ws/install/multirobot_map_merge:/home/ines/tiago_ws/install/explore_lite:/home/ines/test_ws/install/my_package:/home/ines/tiago_ws/install/tiago_autonomous_navigation:/home/ines/tiago_ws/install/tiago_autonomous_exploration:/home/ines/ros2_ws/install/scripts:/home/ines/ros2_ws/install/acrobat:/opt/ros/humble /usr/bin/cmake --install /home/ines/tiago_ws/build/tiago_navigation
[4.207s] Level 1:colcon.colcon_core.environment:create_environment_scripts_only(pmb2_navigation)
[4.208s] Level 1:colcon.colcon_core.environment:checking '/home/ines/tiago_ws/install/pmb2_navigation' for CMake module files
[4.210s] DEBUG:colcon.colcon_core.event_handler.log_command:Invoked command in '/home/ines/tiago_ws/build/pmb2_navigation' returned '0': CMAKE_PREFIX_PATH=/home/ines/tiago_ws/install/pmb2_2dnav:/home/ines/tiago_ws/install/pmb2_maps:/home/ines/tiago_ws/install/pmb2_laser_sensors:/home/ines/tiago_ws/install/pmb2_robot:/home/ines/tiago_ws/install/pmb2_bringup:/home/ines/tiago_ws/install/pmb2_description:/home/ines/tiago_ws/install/pmb2_controller_configuration:/home/ines/tiago_ws/install/tiago_navigation:/home/ines/tiago_ws/install/tiago_rgbd_sensors:/home/ines/tiago_ws/install/tiago_laser_sensors:/home/ines/tiago_ws/install/tiago_exam_worlds:/home/ines/tiago_ws/install/tiago_exam:/home/ines/tiago_ws/install/tiago_controller_configuration:/home/ines/tiago_ws/install/tiago_2dnav:/home/ines/tiago_ws/install/pmb2_rgbd_sensors:/home/ines/tiago_ws/install/pmb2_navigation:/home/ines/tiago_ws/install/pal_navigation_cfg:/home/ines/tiago_ws/install/pal_navigation_cfg_bringup:/home/ines/tiago_ws/install/pal_navigation_cfg_params:/home/ines/tiago_ws/install/multirobot_map_merge:/home/ines/tiago_ws/install/explore_lite:/home/ines/test_ws/install/my_package:/home/ines/tiago_ws/install/tiago_autonomous_navigation:/home/ines/tiago_ws/install/tiago_autonomous_exploration:/home/ines/ros2_ws/install/scripts:/home/ines/ros2_ws/install/acrobat:/opt/ros/humble /usr/bin/cmake --install /home/ines/tiago_ws/build/pmb2_navigation
[4.212s] Level 1:colcon.colcon_core.environment:checking '/home/ines/tiago_ws/install/pmb2_navigation' for CMake config files
[4.213s] Level 1:colcon.colcon_core.shell:create_environment_hook('pmb2_navigation', 'cmake_prefix_path')
[4.213s] INFO:colcon.colcon_core.shell:Creating environment hook '/home/ines/tiago_ws/install/pmb2_navigation/share/pmb2_navigation/hook/cmake_prefix_path.ps1'
[4.214s] INFO:colcon.colcon_core.shell:Creating environment descriptor '/home/ines/tiago_ws/install/pmb2_navigation/share/pmb2_navigation/hook/cmake_prefix_path.dsv'
[4.215s] INFO:colcon.colcon_core.shell:Creating environment hook '/home/ines/tiago_ws/install/pmb2_navigation/share/pmb2_navigation/hook/cmake_prefix_path.sh'
[4.222s] Level 1:colcon.colcon_core.environment:checking '/home/ines/tiago_ws/install/pmb2_navigation/bin'
[4.222s] Level 1:colcon.colcon_core.environment:checking '/home/ines/tiago_ws/install/pmb2_navigation/lib/pkgconfig/pmb2_navigation.pc'
[4.222s] Level 1:colcon.colcon_core.environment:checking '/home/ines/tiago_ws/install/pmb2_navigation/lib/python3.10/site-packages'
[4.223s] Level 1:colcon.colcon_core.environment:checking '/home/ines/tiago_ws/install/pmb2_navigation/bin'
[4.223s] INFO:colcon.colcon_core.shell:Creating package script '/home/ines/tiago_ws/install/pmb2_navigation/share/pmb2_navigation/package.ps1'
[4.225s] INFO:colcon.colcon_core.shell:Creating package descriptor '/home/ines/tiago_ws/install/pmb2_navigation/share/pmb2_navigation/package.dsv'
[4.225s] INFO:colcon.colcon_core.shell:Creating package script '/home/ines/tiago_ws/install/pmb2_navigation/share/pmb2_navigation/package.sh'
[4.226s] INFO:colcon.colcon_core.shell:Creating package script '/home/ines/tiago_ws/install/pmb2_navigation/share/pmb2_navigation/package.bash'
[4.227s] INFO:colcon.colcon_core.shell:Creating package script '/home/ines/tiago_ws/install/pmb2_navigation/share/pmb2_navigation/package.zsh'
[4.228s] Level 1:colcon.colcon_core.environment:create_file_with_runtime_dependencies(/home/ines/tiago_ws/install/pmb2_navigation/share/colcon-core/packages/pmb2_navigation)
[4.253s] Level 1:colcon.colcon_core.environment:create_environment_scripts_only(pal_navigation_cfg)
[4.254s] Level 1:colcon.colcon_core.environment:checking '/home/ines/tiago_ws/install/pal_navigation_cfg' for CMake module files
[4.256s] Level 1:colcon.colcon_core.environment:checking '/home/ines/tiago_ws/install/pal_navigation_cfg' for CMake config files
[4.256s] Level 1:colcon.colcon_core.shell:create_environment_hook('pal_navigation_cfg', 'cmake_prefix_path')
[4.257s] INFO:colcon.colcon_core.shell:Creating environment hook '/home/ines/tiago_ws/install/pal_navigation_cfg/share/pal_navigation_cfg/hook/cmake_prefix_path.ps1'
[4.258s] INFO:colcon.colcon_core.shell:Creating environment descriptor '/home/ines/tiago_ws/install/pal_navigation_cfg/share/pal_navigation_cfg/hook/cmake_prefix_path.dsv'
[4.259s] INFO:colcon.colcon_core.shell:Creating environment hook '/home/ines/tiago_ws/install/pal_navigation_cfg/share/pal_navigation_cfg/hook/cmake_prefix_path.sh'
[4.261s] Level 1:colcon.colcon_core.environment:checking '/home/ines/tiago_ws/install/pal_navigation_cfg/bin'
[4.261s] Level 1:colcon.colcon_core.environment:checking '/home/ines/tiago_ws/install/pal_navigation_cfg/lib/pkgconfig/pal_navigation_cfg.pc'
[4.261s] Level 1:colcon.colcon_core.environment:checking '/home/ines/tiago_ws/install/pal_navigation_cfg/lib/python3.10/site-packages'
[4.262s] Level 1:colcon.colcon_core.environment:checking '/home/ines/tiago_ws/install/pal_navigation_cfg/bin'
[4.263s] INFO:colcon.colcon_core.shell:Creating package script '/home/ines/tiago_ws/install/pal_navigation_cfg/share/pal_navigation_cfg/package.ps1'
[4.264s] INFO:colcon.colcon_core.shell:Creating package descriptor '/home/ines/tiago_ws/install/pal_navigation_cfg/share/pal_navigation_cfg/package.dsv'
[4.265s] INFO:colcon.colcon_core.shell:Creating package script '/home/ines/tiago_ws/install/pal_navigation_cfg/share/pal_navigation_cfg/package.sh'
[4.266s] INFO:colcon.colcon_core.shell:Creating package script '/home/ines/tiago_ws/install/pal_navigation_cfg/share/pal_navigation_cfg/package.bash'
[4.267s] INFO:colcon.colcon_core.shell:Creating package script '/home/ines/tiago_ws/install/pal_navigation_cfg/share/pal_navigation_cfg/package.zsh'
[4.268s] Level 1:colcon.colcon_core.environment:create_file_with_runtime_dependencies(/home/ines/tiago_ws/install/pal_navigation_cfg/share/colcon-core/packages/pal_navigation_cfg)
[4.277s] Level 1:colcon.colcon_core.environment:create_environment_scripts_only(tiago_exam_worlds)
[4.278s] Level 1:colcon.colcon_core.environment:checking '/home/ines/tiago_ws/install/tiago_exam_worlds' for CMake module files
[4.279s] Level 1:colcon.colcon_core.environment:checking '/home/ines/tiago_ws/install/tiago_exam_worlds' for CMake config files
[4.286s] Level 1:colcon.colcon_core.shell:create_environment_hook('tiago_exam_worlds', 'cmake_prefix_path')
[4.287s] INFO:colcon.colcon_core.shell:Creating environment hook '/home/ines/tiago_ws/install/tiago_exam_worlds/share/tiago_exam_worlds/hook/cmake_prefix_path.ps1'
[4.290s] INFO:colcon.colcon_core.shell:Creating environment descriptor '/home/ines/tiago_ws/install/tiago_exam_worlds/share/tiago_exam_worlds/hook/cmake_prefix_path.dsv'
[4.292s] INFO:colcon.colcon_core.shell:Creating environment hook '/home/ines/tiago_ws/install/tiago_exam_worlds/share/tiago_exam_worlds/hook/cmake_prefix_path.sh'
[4.293s] Level 1:colcon.colcon_core.environment:checking '/home/ines/tiago_ws/install/tiago_exam_worlds/bin'
[4.293s] Level 1:colcon.colcon_core.environment:checking '/home/ines/tiago_ws/install/tiago_exam_worlds/lib/pkgconfig/tiago_exam_worlds.pc'
[4.294s] Level 1:colcon.colcon_core.environment:checking '/home/ines/tiago_ws/install/tiago_exam_worlds/lib/python3.10/site-packages'
[4.294s] Level 1:colcon.colcon_core.environment:checking '/home/ines/tiago_ws/install/tiago_exam_worlds/bin'
[4.295s] INFO:colcon.colcon_core.shell:Creating package script '/home/ines/tiago_ws/install/tiago_exam_worlds/share/tiago_exam_worlds/package.ps1'
[4.296s] INFO:colcon.colcon_core.shell:Creating package descriptor '/home/ines/tiago_ws/install/tiago_exam_worlds/share/tiago_exam_worlds/package.dsv'
[4.297s] INFO:colcon.colcon_core.shell:Creating package script '/home/ines/tiago_ws/install/tiago_exam_worlds/share/tiago_exam_worlds/package.sh'
[4.298s] INFO:colcon.colcon_core.shell:Creating package script '/home/ines/tiago_ws/install/tiago_exam_worlds/share/tiago_exam_worlds/package.bash'
[4.300s] INFO:colcon.colcon_core.shell:Creating package script '/home/ines/tiago_ws/install/tiago_exam_worlds/share/tiago_exam_worlds/package.zsh'
[4.301s] Level 1:colcon.colcon_core.environment:create_file_with_runtime_dependencies(/home/ines/tiago_ws/install/tiago_exam_worlds/share/colcon-core/packages/tiago_exam_worlds)
[4.311s] DEBUG:colcon.colcon_core.event_handler.log_command:Invoked command in '/home/ines/tiago_ws/build/pmb2_description' returned '0': CMAKE_PREFIX_PATH=/home/ines/tiago_ws/install/pmb2_controller_configuration:/home/ines/tiago_ws/install/pmb2_robot:/home/ines/tiago_ws/install/pmb2_bringup:/home/ines/tiago_ws/install/pmb2_description:/home/ines/tiago_ws/install/pmb2_maps:/home/ines/tiago_ws/install/tiago_navigation:/home/ines/tiago_ws/install/tiago_rgbd_sensors:/home/ines/tiago_ws/install/tiago_laser_sensors:/home/ines/tiago_ws/install/tiago_exam_worlds:/home/ines/tiago_ws/install/tiago_exam:/home/ines/tiago_ws/install/tiago_controller_configuration:/home/ines/tiago_ws/install/tiago_2dnav:/home/ines/tiago_ws/install/pmb2_rgbd_sensors:/home/ines/tiago_ws/install/pmb2_navigation:/home/ines/tiago_ws/install/pmb2_laser_sensors:/home/ines/tiago_ws/install/pmb2_2dnav:/home/ines/tiago_ws/install/pal_navigation_cfg:/home/ines/tiago_ws/install/pal_navigation_cfg_bringup:/home/ines/tiago_ws/install/pal_navigation_cfg_params:/home/ines/tiago_ws/install/multirobot_map_merge:/home/ines/tiago_ws/install/explore_lite:/home/ines/test_ws/install/my_package:/home/ines/tiago_ws/install/tiago_autonomous_navigation:/home/ines/tiago_ws/install/tiago_autonomous_exploration:/home/ines/ros2_ws/install/scripts:/home/ines/ros2_ws/install/acrobat:/opt/ros/humble /usr/bin/cmake --build /home/ines/tiago_ws/build/pmb2_description -- -j8 -l8
[4.313s] Level 1:colcon.colcon_core.environment:create_environment_scripts_only(tiago_navigation)
[4.314s] Level 1:colcon.colcon_core.environment:checking '/home/ines/tiago_ws/install/tiago_navigation' for CMake module files
[4.315s] Level 1:colcon.colcon_core.environment:checking '/home/ines/tiago_ws/install/tiago_navigation' for CMake config files
[4.315s] Level 1:colcon.colcon_core.shell:create_environment_hook('tiago_navigation', 'cmake_prefix_path')
[4.316s] DEBUG:colcon.colcon_core.event_handler.log_command:Invoked command in '/home/ines/tiago_ws/build/tiago_navigation' returned '0': CMAKE_PREFIX_PATH=/home/ines/tiago_ws/install/tiago_laser_sensors:/home/ines/tiago_ws/install/tiago_2dnav:/home/ines/tiago_ws/install/pmb2_maps:/home/ines/tiago_ws/install/pmb2_laser_sensors:/home/ines/tiago_ws/install/pmb2_robot:/home/ines/tiago_ws/install/pmb2_bringup:/home/ines/tiago_ws/install/pmb2_description:/home/ines/tiago_ws/install/pmb2_controller_configuration:/home/ines/tiago_ws/install/tiago_navigation:/home/ines/tiago_ws/install/tiago_rgbd_sensors:/home/ines/tiago_ws/install/tiago_exam_worlds:/home/ines/tiago_ws/install/tiago_exam:/home/ines/tiago_ws/install/tiago_controller_configuration:/home/ines/tiago_ws/install/pmb2_rgbd_sensors:/home/ines/tiago_ws/install/pmb2_navigation:/home/ines/tiago_ws/install/pmb2_2dnav:/home/ines/tiago_ws/install/pal_navigation_cfg:/home/ines/tiago_ws/install/pal_navigation_cfg_bringup:/home/ines/tiago_ws/install/pal_navigation_cfg_params:/home/ines/tiago_ws/install/multirobot_map_merge:/home/ines/tiago_ws/install/explore_lite:/home/ines/test_ws/install/my_package:/home/ines/tiago_ws/install/tiago_autonomous_navigation:/home/ines/tiago_ws/install/tiago_autonomous_exploration:/home/ines/ros2_ws/install/scripts:/home/ines/ros2_ws/install/acrobat:/opt/ros/humble /usr/bin/cmake --install /home/ines/tiago_ws/build/tiago_navigation
[4.318s] INFO:colcon.colcon_core.shell:Creating environment hook '/home/ines/tiago_ws/install/tiago_navigation/share/tiago_navigation/hook/cmake_prefix_path.ps1'
[4.319s] INFO:colcon.colcon_core.shell:Creating environment descriptor '/home/ines/tiago_ws/install/tiago_navigation/share/tiago_navigation/hook/cmake_prefix_path.dsv'
[4.322s] INFO:colcon.colcon_core.shell:Creating environment hook '/home/ines/tiago_ws/install/tiago_navigation/share/tiago_navigation/hook/cmake_prefix_path.sh'
[4.323s] Level 1:colcon.colcon_core.environment:checking '/home/ines/tiago_ws/install/tiago_navigation/bin'
[4.323s] Level 1:colcon.colcon_core.environment:checking '/home/ines/tiago_ws/install/tiago_navigation/lib/pkgconfig/tiago_navigation.pc'
[4.326s] Level 1:colcon.colcon_core.environment:checking '/home/ines/tiago_ws/install/tiago_navigation/lib/python3.10/site-packages'
[4.326s] Level 1:colcon.colcon_core.environment:checking '/home/ines/tiago_ws/install/tiago_navigation/bin'
[4.327s] INFO:colcon.colcon_core.shell:Creating package script '/home/ines/tiago_ws/install/tiago_navigation/share/tiago_navigation/package.ps1'
[4.332s] INFO:colcon.colcon_core.shell:Creating package descriptor '/home/ines/tiago_ws/install/tiago_navigation/share/tiago_navigation/package.dsv'
[4.333s] INFO:colcon.colcon_core.shell:Creating package script '/home/ines/tiago_ws/install/tiago_navigation/share/tiago_navigation/package.sh'
[4.334s] INFO:colcon.colcon_core.shell:Creating package script '/home/ines/tiago_ws/install/tiago_navigation/share/tiago_navigation/package.bash'
[4.336s] INFO:colcon.colcon_core.shell:Creating package script '/home/ines/tiago_ws/install/tiago_navigation/share/tiago_navigation/package.zsh'
[4.337s] Level 1:colcon.colcon_core.environment:create_file_with_runtime_dependencies(/home/ines/tiago_ws/install/tiago_navigation/share/colcon-core/packages/tiago_navigation)
[4.344s] Level 1:colcon.colcon_core.environment:create_environment_scripts_only(pmb2_navigation)
[4.345s] Level 1:colcon.colcon_core.environment:checking '/home/ines/tiago_ws/install/pmb2_navigation' for CMake module files
[4.348s] Level 1:colcon.colcon_core.environment:checking '/home/ines/tiago_ws/install/pmb2_navigation' for CMake config files
[4.352s] Level 1:colcon.colcon_core.shell:create_environment_hook('pmb2_navigation', 'cmake_prefix_path')
[4.353s] INFO:colcon.colcon_core.shell:Creating environment hook '/home/ines/tiago_ws/install/pmb2_navigation/share/pmb2_navigation/hook/cmake_prefix_path.ps1'
[4.354s] INFO:colcon.colcon_core.shell:Creating environment descriptor '/home/ines/tiago_ws/install/pmb2_navigation/share/pmb2_navigation/hook/cmake_prefix_path.dsv'
[4.354s] INFO:colcon.colcon_core.shell:Creating environment hook '/home/ines/tiago_ws/install/pmb2_navigation/share/pmb2_navigation/hook/cmake_prefix_path.sh'
[4.356s] Level 1:colcon.colcon_core.environment:checking '/home/ines/tiago_ws/install/pmb2_navigation/bin'
[4.356s] Level 1:colcon.colcon_core.environment:checking '/home/ines/tiago_ws/install/pmb2_navigation/lib/pkgconfig/pmb2_navigation.pc'
[4.357s] Level 1:colcon.colcon_core.environment:checking '/home/ines/tiago_ws/install/pmb2_navigation/lib/python3.10/site-packages'
[4.358s] Level 1:colcon.colcon_core.environment:checking '/home/ines/tiago_ws/install/pmb2_navigation/bin'
[4.358s] INFO:colcon.colcon_core.shell:Creating package script '/home/ines/tiago_ws/install/pmb2_navigation/share/pmb2_navigation/package.ps1'
[4.360s] INFO:colcon.colcon_core.shell:Creating package descriptor '/home/ines/tiago_ws/install/pmb2_navigation/share/pmb2_navigation/package.dsv'
[4.361s] INFO:colcon.colcon_core.shell:Creating package script '/home/ines/tiago_ws/install/pmb2_navigation/share/pmb2_navigation/package.sh'
[4.362s] INFO:colcon.colcon_core.shell:Creating package script '/home/ines/tiago_ws/install/pmb2_navigation/share/pmb2_navigation/package.bash'
[4.363s] INFO:colcon.colcon_core.shell:Creating package script '/home/ines/tiago_ws/install/pmb2_navigation/share/pmb2_navigation/package.zsh'
[4.364s] Level 1:colcon.colcon_core.environment:create_file_with_runtime_dependencies(/home/ines/tiago_ws/install/pmb2_navigation/share/colcon-core/packages/pmb2_navigation)
[4.383s] DEBUG:colcon.colcon_core.event_handler.log_command:Invoking command in '/home/ines/tiago_ws/build/pmb2_description': CMAKE_PREFIX_PATH=/home/ines/tiago_ws/install/pmb2_controller_configuration:/home/ines/tiago_ws/install/pmb2_robot:/home/ines/tiago_ws/install/pmb2_bringup:/home/ines/tiago_ws/install/pmb2_description:/home/ines/tiago_ws/install/pmb2_maps:/home/ines/tiago_ws/install/tiago_navigation:/home/ines/tiago_ws/install/tiago_rgbd_sensors:/home/ines/tiago_ws/install/tiago_laser_sensors:/home/ines/tiago_ws/install/tiago_exam_worlds:/home/ines/tiago_ws/install/tiago_exam:/home/ines/tiago_ws/install/tiago_controller_configuration:/home/ines/tiago_ws/install/tiago_2dnav:/home/ines/tiago_ws/install/pmb2_rgbd_sensors:/home/ines/tiago_ws/install/pmb2_navigation:/home/ines/tiago_ws/install/pmb2_laser_sensors:/home/ines/tiago_ws/install/pmb2_2dnav:/home/ines/tiago_ws/install/pal_navigation_cfg:/home/ines/tiago_ws/install/pal_navigation_cfg_bringup:/home/ines/tiago_ws/install/pal_navigation_cfg_params:/home/ines/tiago_ws/install/multirobot_map_merge:/home/ines/tiago_ws/install/explore_lite:/home/ines/test_ws/install/my_package:/home/ines/tiago_ws/install/tiago_autonomous_navigation:/home/ines/tiago_ws/install/tiago_autonomous_exploration:/home/ines/ros2_ws/install/scripts:/home/ines/ros2_ws/install/acrobat:/opt/ros/humble /usr/bin/cmake --install /home/ines/tiago_ws/build/pmb2_description
[4.411s] Level 1:colcon.colcon_core.environment:create_environment_scripts_only(tiago_navigation)
[4.412s] Level 1:colcon.colcon_core.environment:checking '/home/ines/tiago_ws/install/tiago_navigation' for CMake module files
[4.413s] Level 1:colcon.colcon_core.environment:checking '/home/ines/tiago_ws/install/tiago_navigation' for CMake config files
[4.414s] Level 1:colcon.colcon_core.shell:create_environment_hook('tiago_navigation', 'cmake_prefix_path')
[4.415s] INFO:colcon.colcon_core.shell:Creating environment hook '/home/ines/tiago_ws/install/tiago_navigation/share/tiago_navigation/hook/cmake_prefix_path.ps1'
[4.416s] INFO:colcon.colcon_core.shell:Creating environment descriptor '/home/ines/tiago_ws/install/tiago_navigation/share/tiago_navigation/hook/cmake_prefix_path.dsv'
[4.417s] INFO:colcon.colcon_core.shell:Creating environment hook '/home/ines/tiago_ws/install/tiago_navigation/share/tiago_navigation/hook/cmake_prefix_path.sh'
[4.422s] Level 1:colcon.colcon_core.environment:checking '/home/ines/tiago_ws/install/tiago_navigation/bin'
[4.423s] Level 1:colcon.colcon_core.environment:checking '/home/ines/tiago_ws/install/tiago_navigation/lib/pkgconfig/tiago_navigation.pc'
[4.423s] Level 1:colcon.colcon_core.environment:checking '/home/ines/tiago_ws/install/tiago_navigation/lib/python3.10/site-packages'
[4.424s] Level 1:colcon.colcon_core.environment:checking '/home/ines/tiago_ws/install/tiago_navigation/bin'
[4.428s] INFO:colcon.colcon_core.shell:Creating package script '/home/ines/tiago_ws/install/tiago_navigation/share/tiago_navigation/package.ps1'
[4.430s] INFO:colcon.colcon_core.shell:Creating package descriptor '/home/ines/tiago_ws/install/tiago_navigation/share/tiago_navigation/package.dsv'
[4.434s] INFO:colcon.colcon_core.shell:Creating package script '/home/ines/tiago_ws/install/tiago_navigation/share/tiago_navigation/package.sh'
[4.435s] INFO:colcon.colcon_core.shell:Creating package script '/home/ines/tiago_ws/install/tiago_navigation/share/tiago_navigation/package.bash'
[4.438s] INFO:colcon.colcon_core.shell:Creating package script '/home/ines/tiago_ws/install/tiago_navigation/share/tiago_navigation/package.zsh'
[4.440s] Level 1:colcon.colcon_core.environment:create_file_with_runtime_dependencies(/home/ines/tiago_ws/install/tiago_navigation/share/colcon-core/packages/tiago_navigation)
[4.574s] Level 1:colcon.colcon_core.environment:create_environment_scripts_only(pmb2_description)
[4.575s] DEBUG:colcon.colcon_core.event_handler.log_command:Invoked command in '/home/ines/tiago_ws/build/pmb2_description' returned '0': CMAKE_PREFIX_PATH=/home/ines/tiago_ws/install/pmb2_controller_configuration:/home/ines/tiago_ws/install/pmb2_robot:/home/ines/tiago_ws/install/pmb2_bringup:/home/ines/tiago_ws/install/pmb2_description:/home/ines/tiago_ws/install/pmb2_maps:/home/ines/tiago_ws/install/tiago_navigation:/home/ines/tiago_ws/install/tiago_rgbd_sensors:/home/ines/tiago_ws/install/tiago_laser_sensors:/home/ines/tiago_ws/install/tiago_exam_worlds:/home/ines/tiago_ws/install/tiago_exam:/home/ines/tiago_ws/install/tiago_controller_configuration:/home/ines/tiago_ws/install/tiago_2dnav:/home/ines/tiago_ws/install/pmb2_rgbd_sensors:/home/ines/tiago_ws/install/pmb2_navigation:/home/ines/tiago_ws/install/pmb2_laser_sensors:/home/ines/tiago_ws/install/pmb2_2dnav:/home/ines/tiago_ws/install/pal_navigation_cfg:/home/ines/tiago_ws/install/pal_navigation_cfg_bringup:/home/ines/tiago_ws/install/pal_navigation_cfg_params:/home/ines/tiago_ws/install/multirobot_map_merge:/home/ines/tiago_ws/install/explore_lite:/home/ines/test_ws/install/my_package:/home/ines/tiago_ws/install/tiago_autonomous_navigation:/home/ines/tiago_ws/install/tiago_autonomous_exploration:/home/ines/ros2_ws/install/scripts:/home/ines/ros2_ws/install/acrobat:/opt/ros/humble /usr/bin/cmake --install /home/ines/tiago_ws/build/pmb2_description
[4.576s] Level 1:colcon.colcon_core.environment:checking '/home/ines/tiago_ws/install/pmb2_description' for CMake module files
[4.577s] Level 1:colcon.colcon_core.environment:checking '/home/ines/tiago_ws/install/pmb2_description' for CMake config files
[4.579s] Level 1:colcon.colcon_core.shell:create_environment_hook('pmb2_description', 'cmake_prefix_path')
[4.580s] INFO:colcon.colcon_core.shell:Creating environment hook '/home/ines/tiago_ws/install/pmb2_description/share/pmb2_description/hook/cmake_prefix_path.ps1'
[4.581s] INFO:colcon.colcon_core.shell:Creating environment descriptor '/home/ines/tiago_ws/install/pmb2_description/share/pmb2_description/hook/cmake_prefix_path.dsv'
[4.582s] INFO:colcon.colcon_core.shell:Creating environment hook '/home/ines/tiago_ws/install/pmb2_description/share/pmb2_description/hook/cmake_prefix_path.sh'
[4.583s] Level 1:colcon.colcon_core.environment:checking '/home/ines/tiago_ws/install/pmb2_description/bin'
[4.583s] Level 1:colcon.colcon_core.environment:checking '/home/ines/tiago_ws/install/pmb2_description/lib/pkgconfig/pmb2_description.pc'
[4.584s] Level 1:colcon.colcon_core.environment:checking '/home/ines/tiago_ws/install/pmb2_description/lib/python3.10/site-packages'
[4.584s] Level 1:colcon.colcon_core.environment:checking '/home/ines/tiago_ws/install/pmb2_description/bin'
[4.585s] INFO:colcon.colcon_core.shell:Creating package script '/home/ines/tiago_ws/install/pmb2_description/share/pmb2_description/package.ps1'
[4.586s] INFO:colcon.colcon_core.shell:Creating package descriptor '/home/ines/tiago_ws/install/pmb2_description/share/pmb2_description/package.dsv'
[4.587s] INFO:colcon.colcon_core.shell:Creating package script '/home/ines/tiago_ws/install/pmb2_description/share/pmb2_description/package.sh'
[4.587s] INFO:colcon.colcon_core.shell:Creating package script '/home/ines/tiago_ws/install/pmb2_description/share/pmb2_description/package.bash'
[4.588s] INFO:colcon.colcon_core.shell:Creating package script '/home/ines/tiago_ws/install/pmb2_description/share/pmb2_description/package.zsh'
[4.589s] Level 1:colcon.colcon_core.environment:create_file_with_runtime_dependencies(/home/ines/tiago_ws/install/pmb2_description/share/colcon-core/packages/pmb2_description)
[4.646s] Level 1:colcon.colcon_core.environment:create_environment_scripts_only(pmb2_description)
[4.646s] Level 1:colcon.colcon_core.environment:checking '/home/ines/tiago_ws/install/pmb2_description' for CMake module files
[4.648s] Level 1:colcon.colcon_core.environment:checking '/home/ines/tiago_ws/install/pmb2_description' for CMake config files
[4.649s] Level 1:colcon.colcon_core.shell:create_environment_hook('pmb2_description', 'cmake_prefix_path')
[4.650s] INFO:colcon.colcon_core.shell:Creating environment hook '/home/ines/tiago_ws/install/pmb2_description/share/pmb2_description/hook/cmake_prefix_path.ps1'
[4.651s] INFO:colcon.colcon_core.shell:Creating environment descriptor '/home/ines/tiago_ws/install/pmb2_description/share/pmb2_description/hook/cmake_prefix_path.dsv'
[4.652s] INFO:colcon.colcon_core.shell:Creating environment hook '/home/ines/tiago_ws/install/pmb2_description/share/pmb2_description/hook/cmake_prefix_path.sh'
[4.654s] Level 1:colcon.colcon_core.environment:checking '/home/ines/tiago_ws/install/pmb2_description/bin'
[4.654s] Level 1:colcon.colcon_core.environment:checking '/home/ines/tiago_ws/install/pmb2_description/lib/pkgconfig/pmb2_description.pc'
[4.654s] Level 1:colcon.colcon_core.environment:checking '/home/ines/tiago_ws/install/pmb2_description/lib/python3.10/site-packages'
[4.655s] Level 1:colcon.colcon_core.environment:checking '/home/ines/tiago_ws/install/pmb2_description/bin'
[4.655s] INFO:colcon.colcon_core.shell:Creating package script '/home/ines/tiago_ws/install/pmb2_description/share/pmb2_description/package.ps1'
[4.657s] INFO:colcon.colcon_core.shell:Creating package descriptor '/home/ines/tiago_ws/install/pmb2_description/share/pmb2_description/package.dsv'
[4.658s] INFO:colcon.colcon_core.shell:Creating package script '/home/ines/tiago_ws/install/pmb2_description/share/pmb2_description/package.sh'
[4.661s] INFO:colcon.colcon_core.shell:Creating package script '/home/ines/tiago_ws/install/pmb2_description/share/pmb2_description/package.bash'
[4.662s] INFO:colcon.colcon_core.shell:Creating package script '/home/ines/tiago_ws/install/pmb2_description/share/pmb2_description/package.zsh'
[4.663s] Level 1:colcon.colcon_core.environment:create_file_with_runtime_dependencies(/home/ines/tiago_ws/install/pmb2_description/share/colcon-core/packages/pmb2_description)
[4.664s] INFO:colcon.colcon_ros.task.ament_cmake.build:Building ROS package in '/home/ines/tiago_ws/src/pmb2_robot/pmb2_bringup' with build type 'ament_cmake'
[4.664s] INFO:colcon.colcon_cmake.task.cmake.build:Building CMake package in '/home/ines/tiago_ws/src/pmb2_robot/pmb2_bringup'
[4.665s] INFO:colcon.colcon_core.shell:Skip shell extension 'powershell' for command environment: Not usable outside of PowerShell
[4.665s] DEBUG:colcon.colcon_core.shell:Skip shell extension 'dsv' for command environment
[4.682s] INFO:colcon.colcon_ros.task.ament_cmake.build:Building ROS package in '/home/ines/tiago_ws/src/tiago_description' with build type 'ament_cmake'
[4.682s] INFO:colcon.colcon_cmake.task.cmake.build:Building CMake package in '/home/ines/tiago_ws/src/tiago_description'
[4.683s] INFO:colcon.colcon_core.shell:Skip shell extension 'powershell' for command environment: Not usable outside of PowerShell
[4.683s] DEBUG:colcon.colcon_core.shell:Skip shell extension 'dsv' for command environment
[4.719s] DEBUG:colcon.colcon_core.event_handler.log_command:Invoking command in '/home/ines/tiago_ws/build/pmb2_bringup': CMAKE_PREFIX_PATH=/home/ines/tiago_ws/install/pmb2_description:/home/ines/tiago_ws/install/pmb2_controller_configuration:/home/ines/tiago_ws/install/pmb2_robot:/home/ines/tiago_ws/install/pmb2_bringup:/home/ines/tiago_ws/install/pmb2_maps:/home/ines/tiago_ws/install/tiago_navigation:/home/ines/tiago_ws/install/tiago_rgbd_sensors:/home/ines/tiago_ws/install/tiago_laser_sensors:/home/ines/tiago_ws/install/tiago_exam_worlds:/home/ines/tiago_ws/install/tiago_exam:/home/ines/tiago_ws/install/tiago_controller_configuration:/home/ines/tiago_ws/install/tiago_2dnav:/home/ines/tiago_ws/install/pmb2_rgbd_sensors:/home/ines/tiago_ws/install/pmb2_navigation:/home/ines/tiago_ws/install/pmb2_laser_sensors:/home/ines/tiago_ws/install/pmb2_2dnav:/home/ines/tiago_ws/install/pal_navigation_cfg:/home/ines/tiago_ws/install/pal_navigation_cfg_bringup:/home/ines/tiago_ws/install/pal_navigation_cfg_params:/home/ines/tiago_ws/install/multirobot_map_merge:/home/ines/tiago_ws/install/explore_lite:/home/ines/test_ws/install/my_package:/home/ines/tiago_ws/install/tiago_autonomous_navigation:/home/ines/tiago_ws/install/tiago_autonomous_exploration:/home/ines/ros2_ws/install/scripts:/home/ines/ros2_ws/install/acrobat:/opt/ros/humble /usr/bin/cmake --build /home/ines/tiago_ws/build/pmb2_bringup -- -j8 -l8
[4.768s] DEBUG:colcon.colcon_core.event_handler.log_command:Invoking command in '/home/ines/tiago_ws/build/tiago_description': CMAKE_PREFIX_PATH=/home/ines/tiago_ws/install/tiago_controller_configuration:/home/ines/tiago_ws/install/pmb2_description:/home/ines/tiago_ws/install/pmb2_controller_configuration:/home/ines/tiago_ws/install/pmb2_robot:/home/ines/tiago_ws/install/pmb2_bringup:/home/ines/tiago_ws/install/pmb2_maps:/home/ines/tiago_ws/install/tiago_navigation:/home/ines/tiago_ws/install/tiago_rgbd_sensors:/home/ines/tiago_ws/install/tiago_laser_sensors:/home/ines/tiago_ws/install/tiago_exam_worlds:/home/ines/tiago_ws/install/tiago_exam:/home/ines/tiago_ws/install/tiago_2dnav:/home/ines/tiago_ws/install/pmb2_rgbd_sensors:/home/ines/tiago_ws/install/pmb2_navigation:/home/ines/tiago_ws/install/pmb2_laser_sensors:/home/ines/tiago_ws/install/pmb2_2dnav:/home/ines/tiago_ws/install/pal_navigation_cfg:/home/ines/tiago_ws/install/pal_navigation_cfg_bringup:/home/ines/tiago_ws/install/pal_navigation_cfg_params:/home/ines/tiago_ws/install/multirobot_map_merge:/home/ines/tiago_ws/install/explore_lite:/home/ines/test_ws/install/my_package:/home/ines/tiago_ws/install/tiago_autonomous_navigation:/home/ines/tiago_ws/install/tiago_autonomous_exploration:/home/ines/ros2_ws/install/scripts:/home/ines/ros2_ws/install/acrobat:/opt/ros/humble /usr/bin/cmake /home/ines/tiago_ws/src/tiago_description -DAMENT_CMAKE_SYMLINK_INSTALL=1 -DCMAKE_INSTALL_PREFIX=/home/ines/tiago_ws/install/tiago_description
[4.826s] DEBUG:colcon.colcon_core.event_handler.log_command:Invoked command in '/home/ines/tiago_ws/build/pmb2_bringup' returned '0': CMAKE_PREFIX_PATH=/home/ines/tiago_ws/install/pmb2_description:/home/ines/tiago_ws/install/pmb2_controller_configuration:/home/ines/tiago_ws/install/pmb2_robot:/home/ines/tiago_ws/install/pmb2_bringup:/home/ines/tiago_ws/install/pmb2_maps:/home/ines/tiago_ws/install/tiago_navigation:/home/ines/tiago_ws/install/tiago_rgbd_sensors:/home/ines/tiago_ws/install/tiago_laser_sensors:/home/ines/tiago_ws/install/tiago_exam_worlds:/home/ines/tiago_ws/install/tiago_exam:/home/ines/tiago_ws/install/tiago_controller_configuration:/home/ines/tiago_ws/install/tiago_2dnav:/home/ines/tiago_ws/install/pmb2_rgbd_sensors:/home/ines/tiago_ws/install/pmb2_navigation:/home/ines/tiago_ws/install/pmb2_laser_sensors:/home/ines/tiago_ws/install/pmb2_2dnav:/home/ines/tiago_ws/install/pal_navigation_cfg:/home/ines/tiago_ws/install/pal_navigation_cfg_bringup:/home/ines/tiago_ws/install/pal_navigation_cfg_params:/home/ines/tiago_ws/install/multirobot_map_merge:/home/ines/tiago_ws/install/explore_lite:/home/ines/test_ws/install/my_package:/home/ines/tiago_ws/install/tiago_autonomous_navigation:/home/ines/tiago_ws/install/tiago_autonomous_exploration:/home/ines/ros2_ws/install/scripts:/home/ines/ros2_ws/install/acrobat:/opt/ros/humble /usr/bin/cmake --build /home/ines/tiago_ws/build/pmb2_bringup -- -j8 -l8
[4.912s] DEBUG:colcon.colcon_core.event_handler.log_command:Invoking command in '/home/ines/tiago_ws/build/pmb2_bringup': CMAKE_PREFIX_PATH=/home/ines/tiago_ws/install/pmb2_description:/home/ines/tiago_ws/install/pmb2_controller_configuration:/home/ines/tiago_ws/install/pmb2_robot:/home/ines/tiago_ws/install/pmb2_bringup:/home/ines/tiago_ws/install/pmb2_maps:/home/ines/tiago_ws/install/tiago_navigation:/home/ines/tiago_ws/install/tiago_rgbd_sensors:/home/ines/tiago_ws/install/tiago_laser_sensors:/home/ines/tiago_ws/install/tiago_exam_worlds:/home/ines/tiago_ws/install/tiago_exam:/home/ines/tiago_ws/install/tiago_controller_configuration:/home/ines/tiago_ws/install/tiago_2dnav:/home/ines/tiago_ws/install/pmb2_rgbd_sensors:/home/ines/tiago_ws/install/pmb2_navigation:/home/ines/tiago_ws/install/pmb2_laser_sensors:/home/ines/tiago_ws/install/pmb2_2dnav:/home/ines/tiago_ws/install/pal_navigation_cfg:/home/ines/tiago_ws/install/pal_navigation_cfg_bringup:/home/ines/tiago_ws/install/pal_navigation_cfg_params:/home/ines/tiago_ws/install/multirobot_map_merge:/home/ines/tiago_ws/install/explore_lite:/home/ines/test_ws/install/my_package:/home/ines/tiago_ws/install/tiago_autonomous_navigation:/home/ines/tiago_ws/install/tiago_autonomous_exploration:/home/ines/ros2_ws/install/scripts:/home/ines/ros2_ws/install/acrobat:/opt/ros/humble /usr/bin/cmake --install /home/ines/tiago_ws/build/pmb2_bringup
[4.966s] Level 1:colcon.colcon_core.environment:create_environment_scripts_only(pmb2_bringup)
[4.966s] Level 1:colcon.colcon_core.environment:checking '/home/ines/tiago_ws/install/pmb2_bringup' for CMake module files
[4.968s] Level 1:colcon.colcon_core.environment:checking '/home/ines/tiago_ws/install/pmb2_bringup' for CMake config files
[4.969s] Level 1:colcon.colcon_core.shell:create_environment_hook('pmb2_bringup', 'cmake_prefix_path')
[4.970s] INFO:colcon.colcon_core.shell:Creating environment hook '/home/ines/tiago_ws/install/pmb2_bringup/share/pmb2_bringup/hook/cmake_prefix_path.ps1'
[4.972s] DEBUG:colcon.colcon_core.event_handler.log_command:Invoked command in '/home/ines/tiago_ws/build/pmb2_bringup' returned '0': CMAKE_PREFIX_PATH=/home/ines/tiago_ws/install/pmb2_description:/home/ines/tiago_ws/install/pmb2_controller_configuration:/home/ines/tiago_ws/install/pmb2_robot:/home/ines/tiago_ws/install/pmb2_bringup:/home/ines/tiago_ws/install/pmb2_maps:/home/ines/tiago_ws/install/tiago_navigation:/home/ines/tiago_ws/install/tiago_rgbd_sensors:/home/ines/tiago_ws/install/tiago_laser_sensors:/home/ines/tiago_ws/install/tiago_exam_worlds:/home/ines/tiago_ws/install/tiago_exam:/home/ines/tiago_ws/install/tiago_controller_configuration:/home/ines/tiago_ws/install/tiago_2dnav:/home/ines/tiago_ws/install/pmb2_rgbd_sensors:/home/ines/tiago_ws/install/pmb2_navigation:/home/ines/tiago_ws/install/pmb2_laser_sensors:/home/ines/tiago_ws/install/pmb2_2dnav:/home/ines/tiago_ws/install/pal_navigation_cfg:/home/ines/tiago_ws/install/pal_navigation_cfg_bringup:/home/ines/tiago_ws/install/pal_navigation_cfg_params:/home/ines/tiago_ws/install/multirobot_map_merge:/home/ines/tiago_ws/install/explore_lite:/home/ines/test_ws/install/my_package:/home/ines/tiago_ws/install/tiago_autonomous_navigation:/home/ines/tiago_ws/install/tiago_autonomous_exploration:/home/ines/ros2_ws/install/scripts:/home/ines/ros2_ws/install/acrobat:/opt/ros/humble /usr/bin/cmake --install /home/ines/tiago_ws/build/pmb2_bringup
[4.973s] INFO:colcon.colcon_core.shell:Creating environment descriptor '/home/ines/tiago_ws/install/pmb2_bringup/share/pmb2_bringup/hook/cmake_prefix_path.dsv'
[4.974s] INFO:colcon.colcon_core.shell:Creating environment hook '/home/ines/tiago_ws/install/pmb2_bringup/share/pmb2_bringup/hook/cmake_prefix_path.sh'
[4.976s] Level 1:colcon.colcon_core.environment:checking '/home/ines/tiago_ws/install/pmb2_bringup/bin'
[4.976s] Level 1:colcon.colcon_core.environment:checking '/home/ines/tiago_ws/install/pmb2_bringup/lib/pkgconfig/pmb2_bringup.pc'
[4.977s] Level 1:colcon.colcon_core.environment:checking '/home/ines/tiago_ws/install/pmb2_bringup/lib/python3.10/site-packages'
[4.977s] Level 1:colcon.colcon_core.environment:checking '/home/ines/tiago_ws/install/pmb2_bringup/bin'
[4.980s] INFO:colcon.colcon_core.shell:Creating package script '/home/ines/tiago_ws/install/pmb2_bringup/share/pmb2_bringup/package.ps1'
[4.982s] INFO:colcon.colcon_core.shell:Creating package descriptor '/home/ines/tiago_ws/install/pmb2_bringup/share/pmb2_bringup/package.dsv'
[4.983s] INFO:colcon.colcon_core.shell:Creating package script '/home/ines/tiago_ws/install/pmb2_bringup/share/pmb2_bringup/package.sh'
[4.985s] INFO:colcon.colcon_core.shell:Creating package script '/home/ines/tiago_ws/install/pmb2_bringup/share/pmb2_bringup/package.bash'
[4.986s] INFO:colcon.colcon_core.shell:Creating package script '/home/ines/tiago_ws/install/pmb2_bringup/share/pmb2_bringup/package.zsh'
[4.988s] Level 1:colcon.colcon_core.environment:create_file_with_runtime_dependencies(/home/ines/tiago_ws/install/pmb2_bringup/share/colcon-core/packages/pmb2_bringup)
[5.066s] Level 1:colcon.colcon_core.environment:create_environment_scripts_only(pmb2_bringup)
[5.066s] Level 1:colcon.colcon_core.environment:checking '/home/ines/tiago_ws/install/pmb2_bringup' for CMake module files
[5.067s] Level 1:colcon.colcon_core.environment:checking '/home/ines/tiago_ws/install/pmb2_bringup' for CMake config files
[5.068s] Level 1:colcon.colcon_core.shell:create_environment_hook('pmb2_bringup', 'cmake_prefix_path')
[5.071s] INFO:colcon.colcon_core.shell:Creating environment hook '/home/ines/tiago_ws/install/pmb2_bringup/share/pmb2_bringup/hook/cmake_prefix_path.ps1'
[5.072s] INFO:colcon.colcon_core.shell:Creating environment descriptor '/home/ines/tiago_ws/install/pmb2_bringup/share/pmb2_bringup/hook/cmake_prefix_path.dsv'
[5.072s] INFO:colcon.colcon_core.shell:Creating environment hook '/home/ines/tiago_ws/install/pmb2_bringup/share/pmb2_bringup/hook/cmake_prefix_path.sh'
[5.073s] Level 1:colcon.colcon_core.environment:checking '/home/ines/tiago_ws/install/pmb2_bringup/bin'
[5.074s] Level 1:colcon.colcon_core.environment:checking '/home/ines/tiago_ws/install/pmb2_bringup/lib/pkgconfig/pmb2_bringup.pc'
[5.074s] Level 1:colcon.colcon_core.environment:checking '/home/ines/tiago_ws/install/pmb2_bringup/lib/python3.10/site-packages'
[5.074s] Level 1:colcon.colcon_core.environment:checking '/home/ines/tiago_ws/install/pmb2_bringup/bin'
[5.075s] INFO:colcon.colcon_core.shell:Creating package script '/home/ines/tiago_ws/install/pmb2_bringup/share/pmb2_bringup/package.ps1'
[5.076s] INFO:colcon.colcon_core.shell:Creating package descriptor '/home/ines/tiago_ws/install/pmb2_bringup/share/pmb2_bringup/package.dsv'
[5.078s] INFO:colcon.colcon_core.shell:Creating package script '/home/ines/tiago_ws/install/pmb2_bringup/share/pmb2_bringup/package.sh'
[5.079s] INFO:colcon.colcon_core.shell:Creating package script '/home/ines/tiago_ws/install/pmb2_bringup/share/pmb2_bringup/package.bash'
[5.080s] INFO:colcon.colcon_core.shell:Creating package script '/home/ines/tiago_ws/install/pmb2_bringup/share/pmb2_bringup/package.zsh'
[5.080s] Level 1:colcon.colcon_core.environment:create_file_with_runtime_dependencies(/home/ines/tiago_ws/install/pmb2_bringup/share/colcon-core/packages/pmb2_bringup)
[5.082s] INFO:colcon.colcon_ros.task.ament_cmake.build:Building ROS package in '/home/ines/tiago_ws/src/pmb2_robot/pmb2_robot' with build type 'ament_cmake'
[5.083s] INFO:colcon.colcon_cmake.task.cmake.build:Building CMake package in '/home/ines/tiago_ws/src/pmb2_robot/pmb2_robot'
[5.083s] INFO:colcon.colcon_core.shell:Skip shell extension 'powershell' for command environment: Not usable outside of PowerShell
[5.083s] DEBUG:colcon.colcon_core.shell:Skip shell extension 'dsv' for command environment
[5.128s] DEBUG:colcon.colcon_core.event_handler.log_command:Invoking command in '/home/ines/tiago_ws/build/pmb2_robot': CMAKE_PREFIX_PATH=/home/ines/tiago_ws/install/pmb2_bringup:/home/ines/tiago_ws/install/pmb2_description:/home/ines/tiago_ws/install/pmb2_controller_configuration:/home/ines/tiago_ws/install/pmb2_robot:/home/ines/tiago_ws/install/pmb2_maps:/home/ines/tiago_ws/install/tiago_navigation:/home/ines/tiago_ws/install/tiago_rgbd_sensors:/home/ines/tiago_ws/install/tiago_laser_sensors:/home/ines/tiago_ws/install/tiago_exam_worlds:/home/ines/tiago_ws/install/tiago_exam:/home/ines/tiago_ws/install/tiago_controller_configuration:/home/ines/tiago_ws/install/tiago_2dnav:/home/ines/tiago_ws/install/pmb2_rgbd_sensors:/home/ines/tiago_ws/install/pmb2_navigation:/home/ines/tiago_ws/install/pmb2_laser_sensors:/home/ines/tiago_ws/install/pmb2_2dnav:/home/ines/tiago_ws/install/pal_navigation_cfg:/home/ines/tiago_ws/install/pal_navigation_cfg_bringup:/home/ines/tiago_ws/install/pal_navigation_cfg_params:/home/ines/tiago_ws/install/multirobot_map_merge:/home/ines/tiago_ws/install/explore_lite:/home/ines/test_ws/install/my_package:/home/ines/tiago_ws/install/tiago_autonomous_navigation:/home/ines/tiago_ws/install/tiago_autonomous_exploration:/home/ines/ros2_ws/install/scripts:/home/ines/ros2_ws/install/acrobat:/opt/ros/humble /usr/bin/cmake --build /home/ines/tiago_ws/build/pmb2_robot -- -j8 -l8
[5.224s] DEBUG:colcon.colcon_core.event_handler.log_command:Invoked command in '/home/ines/tiago_ws/build/pmb2_robot' returned '0': CMAKE_PREFIX_PATH=/home/ines/tiago_ws/install/pmb2_bringup:/home/ines/tiago_ws/install/pmb2_description:/home/ines/tiago_ws/install/pmb2_controller_configuration:/home/ines/tiago_ws/install/pmb2_robot:/home/ines/tiago_ws/install/pmb2_maps:/home/ines/tiago_ws/install/tiago_navigation:/home/ines/tiago_ws/install/tiago_rgbd_sensors:/home/ines/tiago_ws/install/tiago_laser_sensors:/home/ines/tiago_ws/install/tiago_exam_worlds:/home/ines/tiago_ws/install/tiago_exam:/home/ines/tiago_ws/install/tiago_controller_configuration:/home/ines/tiago_ws/install/tiago_2dnav:/home/ines/tiago_ws/install/pmb2_rgbd_sensors:/home/ines/tiago_ws/install/pmb2_navigation:/home/ines/tiago_ws/install/pmb2_laser_sensors:/home/ines/tiago_ws/install/pmb2_2dnav:/home/ines/tiago_ws/install/pal_navigation_cfg:/home/ines/tiago_ws/install/pal_navigation_cfg_bringup:/home/ines/tiago_ws/install/pal_navigation_cfg_params:/home/ines/tiago_ws/install/multirobot_map_merge:/home/ines/tiago_ws/install/explore_lite:/home/ines/test_ws/install/my_package:/home/ines/tiago_ws/install/tiago_autonomous_navigation:/home/ines/tiago_ws/install/tiago_autonomous_exploration:/home/ines/ros2_ws/install/scripts:/home/ines/ros2_ws/install/acrobat:/opt/ros/humble /usr/bin/cmake --build /home/ines/tiago_ws/build/pmb2_robot -- -j8 -l8
[5.290s] DEBUG:colcon.colcon_core.event_handler.log_command:Invoking command in '/home/ines/tiago_ws/build/pmb2_robot': CMAKE_PREFIX_PATH=/home/ines/tiago_ws/install/pmb2_bringup:/home/ines/tiago_ws/install/pmb2_description:/home/ines/tiago_ws/install/pmb2_controller_configuration:/home/ines/tiago_ws/install/pmb2_robot:/home/ines/tiago_ws/install/pmb2_maps:/home/ines/tiago_ws/install/tiago_navigation:/home/ines/tiago_ws/install/tiago_rgbd_sensors:/home/ines/tiago_ws/install/tiago_laser_sensors:/home/ines/tiago_ws/install/tiago_exam_worlds:/home/ines/tiago_ws/install/tiago_exam:/home/ines/tiago_ws/install/tiago_controller_configuration:/home/ines/tiago_ws/install/tiago_2dnav:/home/ines/tiago_ws/install/pmb2_rgbd_sensors:/home/ines/tiago_ws/install/pmb2_navigation:/home/ines/tiago_ws/install/pmb2_laser_sensors:/home/ines/tiago_ws/install/pmb2_2dnav:/home/ines/tiago_ws/install/pal_navigation_cfg:/home/ines/tiago_ws/install/pal_navigation_cfg_bringup:/home/ines/tiago_ws/install/pal_navigation_cfg_params:/home/ines/tiago_ws/install/multirobot_map_merge:/home/ines/tiago_ws/install/explore_lite:/home/ines/test_ws/install/my_package:/home/ines/tiago_ws/install/tiago_autonomous_navigation:/home/ines/tiago_ws/install/tiago_autonomous_exploration:/home/ines/ros2_ws/install/scripts:/home/ines/ros2_ws/install/acrobat:/opt/ros/humble /usr/bin/cmake --install /home/ines/tiago_ws/build/pmb2_robot
[5.354s] Level 1:colcon.colcon_core.environment:create_environment_scripts_only(pmb2_robot)
[5.355s] Level 1:colcon.colcon_core.environment:checking '/home/ines/tiago_ws/install/pmb2_robot' for CMake module files
[5.356s] Level 1:colcon.colcon_core.environment:checking '/home/ines/tiago_ws/install/pmb2_robot' for CMake config files
[5.357s] DEBUG:colcon.colcon_core.event_handler.log_command:Invoked command in '/home/ines/tiago_ws/build/pmb2_robot' returned '0': CMAKE_PREFIX_PATH=/home/ines/tiago_ws/install/pmb2_bringup:/home/ines/tiago_ws/install/pmb2_description:/home/ines/tiago_ws/install/pmb2_controller_configuration:/home/ines/tiago_ws/install/pmb2_robot:/home/ines/tiago_ws/install/pmb2_maps:/home/ines/tiago_ws/install/tiago_navigation:/home/ines/tiago_ws/install/tiago_rgbd_sensors:/home/ines/tiago_ws/install/tiago_laser_sensors:/home/ines/tiago_ws/install/tiago_exam_worlds:/home/ines/tiago_ws/install/tiago_exam:/home/ines/tiago_ws/install/tiago_controller_configuration:/home/ines/tiago_ws/install/tiago_2dnav:/home/ines/tiago_ws/install/pmb2_rgbd_sensors:/home/ines/tiago_ws/install/pmb2_navigation:/home/ines/tiago_ws/install/pmb2_laser_sensors:/home/ines/tiago_ws/install/pmb2_2dnav:/home/ines/tiago_ws/install/pal_navigation_cfg:/home/ines/tiago_ws/install/pal_navigation_cfg_bringup:/home/ines/tiago_ws/install/pal_navigation_cfg_params:/home/ines/tiago_ws/install/multirobot_map_merge:/home/ines/tiago_ws/install/explore_lite:/home/ines/test_ws/install/my_package:/home/ines/tiago_ws/install/tiago_autonomous_navigation:/home/ines/tiago_ws/install/tiago_autonomous_exploration:/home/ines/ros2_ws/install/scripts:/home/ines/ros2_ws/install/acrobat:/opt/ros/humble /usr/bin/cmake --install /home/ines/tiago_ws/build/pmb2_robot
[5.358s] Level 1:colcon.colcon_core.shell:create_environment_hook('pmb2_robot', 'cmake_prefix_path')
[5.359s] INFO:colcon.colcon_core.shell:Creating environment hook '/home/ines/tiago_ws/install/pmb2_robot/share/pmb2_robot/hook/cmake_prefix_path.ps1'
[5.359s] INFO:colcon.colcon_core.shell:Creating environment descriptor '/home/ines/tiago_ws/install/pmb2_robot/share/pmb2_robot/hook/cmake_prefix_path.dsv'
[5.360s] INFO:colcon.colcon_core.shell:Creating environment hook '/home/ines/tiago_ws/install/pmb2_robot/share/pmb2_robot/hook/cmake_prefix_path.sh'
[5.364s] Level 1:colcon.colcon_core.environment:checking '/home/ines/tiago_ws/install/pmb2_robot/bin'
[5.364s] Level 1:colcon.colcon_core.environment:checking '/home/ines/tiago_ws/install/pmb2_robot/lib/pkgconfig/pmb2_robot.pc'
[5.365s] Level 1:colcon.colcon_core.environment:checking '/home/ines/tiago_ws/install/pmb2_robot/lib/python3.10/site-packages'
[5.365s] Level 1:colcon.colcon_core.environment:checking '/home/ines/tiago_ws/install/pmb2_robot/bin'
[5.366s] INFO:colcon.colcon_core.shell:Creating package script '/home/ines/tiago_ws/install/pmb2_robot/share/pmb2_robot/package.ps1'
[5.367s] INFO:colcon.colcon_core.shell:Creating package descriptor '/home/ines/tiago_ws/install/pmb2_robot/share/pmb2_robot/package.dsv'
[5.369s] INFO:colcon.colcon_core.shell:Creating package script '/home/ines/tiago_ws/install/pmb2_robot/share/pmb2_robot/package.sh'
[5.370s] INFO:colcon.colcon_core.shell:Creating package script '/home/ines/tiago_ws/install/pmb2_robot/share/pmb2_robot/package.bash'
[5.371s] INFO:colcon.colcon_core.shell:Creating package script '/home/ines/tiago_ws/install/pmb2_robot/share/pmb2_robot/package.zsh'
[5.372s] Level 1:colcon.colcon_core.environment:create_file_with_runtime_dependencies(/home/ines/tiago_ws/install/pmb2_robot/share/colcon-core/packages/pmb2_robot)
[5.440s] Level 1:colcon.colcon_core.environment:create_environment_scripts_only(pmb2_robot)
[5.440s] Level 1:colcon.colcon_core.environment:checking '/home/ines/tiago_ws/install/pmb2_robot' for CMake module files
[5.441s] Level 1:colcon.colcon_core.environment:checking '/home/ines/tiago_ws/install/pmb2_robot' for CMake config files
[5.442s] Level 1:colcon.colcon_core.shell:create_environment_hook('pmb2_robot', 'cmake_prefix_path')
[5.442s] INFO:colcon.colcon_core.shell:Creating environment hook '/home/ines/tiago_ws/install/pmb2_robot/share/pmb2_robot/hook/cmake_prefix_path.ps1'
[5.444s] INFO:colcon.colcon_core.shell:Creating environment descriptor '/home/ines/tiago_ws/install/pmb2_robot/share/pmb2_robot/hook/cmake_prefix_path.dsv'
[5.445s] INFO:colcon.colcon_core.shell:Creating environment hook '/home/ines/tiago_ws/install/pmb2_robot/share/pmb2_robot/hook/cmake_prefix_path.sh'
[5.448s] Level 1:colcon.colcon_core.environment:checking '/home/ines/tiago_ws/install/pmb2_robot/bin'
[5.448s] Level 1:colcon.colcon_core.environment:checking '/home/ines/tiago_ws/install/pmb2_robot/lib/pkgconfig/pmb2_robot.pc'
[5.449s] Level 1:colcon.colcon_core.environment:checking '/home/ines/tiago_ws/install/pmb2_robot/lib/python3.10/site-packages'
[5.450s] Level 1:colcon.colcon_core.environment:checking '/home/ines/tiago_ws/install/pmb2_robot/bin'
[5.451s] INFO:colcon.colcon_core.shell:Creating package script '/home/ines/tiago_ws/install/pmb2_robot/share/pmb2_robot/package.ps1'
[5.454s] INFO:colcon.colcon_core.shell:Creating package descriptor '/home/ines/tiago_ws/install/pmb2_robot/share/pmb2_robot/package.dsv'
[5.455s] INFO:colcon.colcon_core.shell:Creating package script '/home/ines/tiago_ws/install/pmb2_robot/share/pmb2_robot/package.sh'
[5.456s] INFO:colcon.colcon_core.shell:Creating package script '/home/ines/tiago_ws/install/pmb2_robot/share/pmb2_robot/package.bash'
[5.457s] INFO:colcon.colcon_core.shell:Creating package script '/home/ines/tiago_ws/install/pmb2_robot/share/pmb2_robot/package.zsh'
[5.458s] Level 1:colcon.colcon_core.environment:create_file_with_runtime_dependencies(/home/ines/tiago_ws/install/pmb2_robot/share/colcon-core/packages/pmb2_robot)
[5.461s] Level 1:colcon.colcon_core.shell:create_environment_hook('tiago_autonomous_navigation', 'pythonpath_develop')
[5.462s] INFO:colcon.colcon_core.shell:Creating environment hook '/home/ines/tiago_ws/build/tiago_autonomous_navigation/share/tiago_autonomous_navigation/hook/pythonpath_develop.ps1'
[5.463s] INFO:colcon.colcon_core.shell:Creating environment descriptor '/home/ines/tiago_ws/build/tiago_autonomous_navigation/share/tiago_autonomous_navigation/hook/pythonpath_develop.dsv'
[5.464s] INFO:colcon.colcon_core.shell:Creating environment hook '/home/ines/tiago_ws/build/tiago_autonomous_navigation/share/tiago_autonomous_navigation/hook/pythonpath_develop.sh'
[5.462s] DEBUG:colcon.colcon_core.event_handler.log_command:Invoked command in '/home/ines/tiago_ws/build/tiago_autonomous_navigation' returned '0': PYTHONPATH=/home/ines/tiago_ws/build/tiago_autonomous_navigation/prefix_override:/home/ines/tiago_ws/install/tiago_autonomous_navigation/lib/python3.10/site-packages:${PYTHONPATH} /usr/bin/python3 -W ignore:setup.py install is deprecated setup.py develop --editable --build-directory /home/ines/tiago_ws/build/tiago_autonomous_navigation/build --no-deps symlink_data
[5.466s] Level 1:colcon.colcon_core.environment:checking '/home/ines/tiago_ws/install/tiago_autonomous_navigation' for CMake module files
[5.467s] Level 1:colcon.colcon_core.environment:checking '/home/ines/tiago_ws/install/tiago_autonomous_navigation' for CMake config files
[5.469s] Level 1:colcon.colcon_core.environment:checking '/home/ines/tiago_ws/install/tiago_autonomous_navigation/lib'
[5.469s] Level 1:colcon.colcon_core.environment:checking '/home/ines/tiago_ws/install/tiago_autonomous_navigation/bin'
[5.469s] Level 1:colcon.colcon_core.environment:checking '/home/ines/tiago_ws/install/tiago_autonomous_navigation/lib/pkgconfig/tiago_autonomous_navigation.pc'
[5.470s] Level 1:colcon.colcon_core.environment:checking '/home/ines/tiago_ws/install/tiago_autonomous_navigation/lib/python3.10/site-packages'
[5.470s] Level 1:colcon.colcon_core.shell:create_environment_hook('tiago_autonomous_navigation', 'pythonpath')
[5.471s] INFO:colcon.colcon_core.shell:Creating environment hook '/home/ines/tiago_ws/install/tiago_autonomous_navigation/share/tiago_autonomous_navigation/hook/pythonpath.ps1'
[5.472s] INFO:colcon.colcon_core.shell:Creating environment descriptor '/home/ines/tiago_ws/install/tiago_autonomous_navigation/share/tiago_autonomous_navigation/hook/pythonpath.dsv'
[5.473s] INFO:colcon.colcon_core.shell:Creating environment hook '/home/ines/tiago_ws/install/tiago_autonomous_navigation/share/tiago_autonomous_navigation/hook/pythonpath.sh'
[5.475s] Level 1:colcon.colcon_core.environment:checking '/home/ines/tiago_ws/install/tiago_autonomous_navigation/bin'
[5.475s] Level 1:colcon.colcon_core.environment:create_environment_scripts_only(tiago_autonomous_navigation)
[5.476s] INFO:colcon.colcon_core.shell:Creating package script '/home/ines/tiago_ws/install/tiago_autonomous_navigation/share/tiago_autonomous_navigation/package.ps1'
[5.477s] INFO:colcon.colcon_core.shell:Creating package descriptor '/home/ines/tiago_ws/install/tiago_autonomous_navigation/share/tiago_autonomous_navigation/package.dsv'
[5.478s] INFO:colcon.colcon_core.shell:Creating package script '/home/ines/tiago_ws/install/tiago_autonomous_navigation/share/tiago_autonomous_navigation/package.sh'
[5.480s] INFO:colcon.colcon_core.shell:Creating package script '/home/ines/tiago_ws/install/tiago_autonomous_navigation/share/tiago_autonomous_navigation/package.bash'
[5.481s] INFO:colcon.colcon_core.shell:Creating package script '/home/ines/tiago_ws/install/tiago_autonomous_navigation/share/tiago_autonomous_navigation/package.zsh'
[5.482s] Level 1:colcon.colcon_core.environment:create_file_with_runtime_dependencies(/home/ines/tiago_ws/install/tiago_autonomous_navigation/share/colcon-core/packages/tiago_autonomous_navigation)
[5.485s] Level 1:colcon.colcon_core.shell:create_environment_hook('tiago_autonomous_exploration', 'pythonpath_develop')
[5.485s] DEBUG:colcon.colcon_core.event_handler.log_command:Invoked command in '/home/ines/tiago_ws/build/tiago_autonomous_exploration' returned '0': PYTHONPATH=/home/ines/tiago_ws/build/tiago_autonomous_exploration/prefix_override:/home/ines/tiago_ws/install/tiago_autonomous_exploration/lib/python3.10/site-packages:${PYTHONPATH} /usr/bin/python3 -W ignore:setup.py install is deprecated setup.py develop --editable --build-directory /home/ines/tiago_ws/build/tiago_autonomous_exploration/build --no-deps symlink_data
[5.486s] INFO:colcon.colcon_core.shell:Creating environment hook '/home/ines/tiago_ws/build/tiago_autonomous_exploration/share/tiago_autonomous_exploration/hook/pythonpath_develop.ps1'
[5.488s] INFO:colcon.colcon_core.shell:Creating environment descriptor '/home/ines/tiago_ws/build/tiago_autonomous_exploration/share/tiago_autonomous_exploration/hook/pythonpath_develop.dsv'
[5.489s] INFO:colcon.colcon_core.shell:Creating environment hook '/home/ines/tiago_ws/build/tiago_autonomous_exploration/share/tiago_autonomous_exploration/hook/pythonpath_develop.sh'
[5.491s] Level 1:colcon.colcon_core.environment:checking '/home/ines/tiago_ws/install/tiago_autonomous_exploration' for CMake module files
[5.493s] Level 1:colcon.colcon_core.environment:checking '/home/ines/tiago_ws/install/tiago_autonomous_exploration' for CMake config files
[5.494s] Level 1:colcon.colcon_core.environment:checking '/home/ines/tiago_ws/install/tiago_autonomous_exploration/lib'
[5.495s] Level 1:colcon.colcon_core.environment:checking '/home/ines/tiago_ws/install/tiago_autonomous_exploration/bin'
[5.495s] Level 1:colcon.colcon_core.environment:checking '/home/ines/tiago_ws/install/tiago_autonomous_exploration/lib/pkgconfig/tiago_autonomous_exploration.pc'
[5.496s] Level 1:colcon.colcon_core.environment:checking '/home/ines/tiago_ws/install/tiago_autonomous_exploration/lib/python3.10/site-packages'
[5.496s] Level 1:colcon.colcon_core.shell:create_environment_hook('tiago_autonomous_exploration', 'pythonpath')
[5.497s] INFO:colcon.colcon_core.shell:Creating environment hook '/home/ines/tiago_ws/install/tiago_autonomous_exploration/share/tiago_autonomous_exploration/hook/pythonpath.ps1'
[5.498s] INFO:colcon.colcon_core.shell:Creating environment descriptor '/home/ines/tiago_ws/install/tiago_autonomous_exploration/share/tiago_autonomous_exploration/hook/pythonpath.dsv'
[5.499s] INFO:colcon.colcon_core.shell:Creating environment hook '/home/ines/tiago_ws/install/tiago_autonomous_exploration/share/tiago_autonomous_exploration/hook/pythonpath.sh'
[5.500s] Level 1:colcon.colcon_core.environment:checking '/home/ines/tiago_ws/install/tiago_autonomous_exploration/bin'
[5.500s] Level 1:colcon.colcon_core.environment:create_environment_scripts_only(tiago_autonomous_exploration)
[5.501s] INFO:colcon.colcon_core.shell:Creating package script '/home/ines/tiago_ws/install/tiago_autonomous_exploration/share/tiago_autonomous_exploration/package.ps1'
[5.503s] INFO:colcon.colcon_core.shell:Creating package descriptor '/home/ines/tiago_ws/install/tiago_autonomous_exploration/share/tiago_autonomous_exploration/package.dsv'
[5.504s] INFO:colcon.colcon_core.shell:Creating package script '/home/ines/tiago_ws/install/tiago_autonomous_exploration/share/tiago_autonomous_exploration/package.sh'
[5.505s] INFO:colcon.colcon_core.shell:Creating package script '/home/ines/tiago_ws/install/tiago_autonomous_exploration/share/tiago_autonomous_exploration/package.bash'
[5.506s] INFO:colcon.colcon_core.shell:Creating package script '/home/ines/tiago_ws/install/tiago_autonomous_exploration/share/tiago_autonomous_exploration/package.zsh'
[5.507s] Level 1:colcon.colcon_core.environment:create_file_with_runtime_dependencies(/home/ines/tiago_ws/install/tiago_autonomous_exploration/share/colcon-core/packages/tiago_autonomous_exploration)
[6.777s] DEBUG:colcon.colcon_core.event_handler.log_command:Invoked command in '/home/ines/tiago_ws/build/tiago_description' returned '0': CMAKE_PREFIX_PATH=/home/ines/tiago_ws/install/tiago_controller_configuration:/home/ines/tiago_ws/install/pmb2_description:/home/ines/tiago_ws/install/pmb2_controller_configuration:/home/ines/tiago_ws/install/pmb2_robot:/home/ines/tiago_ws/install/pmb2_bringup:/home/ines/tiago_ws/install/pmb2_maps:/home/ines/tiago_ws/install/tiago_navigation:/home/ines/tiago_ws/install/tiago_rgbd_sensors:/home/ines/tiago_ws/install/tiago_laser_sensors:/home/ines/tiago_ws/install/tiago_exam_worlds:/home/ines/tiago_ws/install/tiago_exam:/home/ines/tiago_ws/install/tiago_2dnav:/home/ines/tiago_ws/install/pmb2_rgbd_sensors:/home/ines/tiago_ws/install/pmb2_navigation:/home/ines/tiago_ws/install/pmb2_laser_sensors:/home/ines/tiago_ws/install/pmb2_2dnav:/home/ines/tiago_ws/install/pal_navigation_cfg:/home/ines/tiago_ws/install/pal_navigation_cfg_bringup:/home/ines/tiago_ws/install/pal_navigation_cfg_params:/home/ines/tiago_ws/install/multirobot_map_merge:/home/ines/tiago_ws/install/explore_lite:/home/ines/test_ws/install/my_package:/home/ines/tiago_ws/install/tiago_autonomous_navigation:/home/ines/tiago_ws/install/tiago_autonomous_exploration:/home/ines/ros2_ws/install/scripts:/home/ines/ros2_ws/install/acrobat:/opt/ros/humble /usr/bin/cmake /home/ines/tiago_ws/src/tiago_description -DAMENT_CMAKE_SYMLINK_INSTALL=1 -DCMAKE_INSTALL_PREFIX=/home/ines/tiago_ws/install/tiago_description
[6.780s] DEBUG:colcon.colcon_core.event_handler.log_command:Invoking command in '/home/ines/tiago_ws/build/tiago_description': CMAKE_PREFIX_PATH=/home/ines/tiago_ws/install/tiago_controller_configuration:/home/ines/tiago_ws/install/pmb2_description:/home/ines/tiago_ws/install/pmb2_controller_configuration:/home/ines/tiago_ws/install/pmb2_robot:/home/ines/tiago_ws/install/pmb2_bringup:/home/ines/tiago_ws/install/pmb2_maps:/home/ines/tiago_ws/install/tiago_navigation:/home/ines/tiago_ws/install/tiago_rgbd_sensors:/home/ines/tiago_ws/install/tiago_laser_sensors:/home/ines/tiago_ws/install/tiago_exam_worlds:/home/ines/tiago_ws/install/tiago_exam:/home/ines/tiago_ws/install/tiago_2dnav:/home/ines/tiago_ws/install/pmb2_rgbd_sensors:/home/ines/tiago_ws/install/pmb2_navigation:/home/ines/tiago_ws/install/pmb2_laser_sensors:/home/ines/tiago_ws/install/pmb2_2dnav:/home/ines/tiago_ws/install/pal_navigation_cfg:/home/ines/tiago_ws/install/pal_navigation_cfg_bringup:/home/ines/tiago_ws/install/pal_navigation_cfg_params:/home/ines/tiago_ws/install/multirobot_map_merge:/home/ines/tiago_ws/install/explore_lite:/home/ines/test_ws/install/my_package:/home/ines/tiago_ws/install/tiago_autonomous_navigation:/home/ines/tiago_ws/install/tiago_autonomous_exploration:/home/ines/ros2_ws/install/scripts:/home/ines/ros2_ws/install/acrobat:/opt/ros/humble /usr/bin/cmake --build /home/ines/tiago_ws/build/tiago_description -- -j8 -l8
[7.416s] DEBUG:colcon.colcon_core.event_handler.log_command:Invoked command in '/home/ines/tiago_ws/build/tiago_description' returned '0': CMAKE_PREFIX_PATH=/home/ines/tiago_ws/install/tiago_controller_configuration:/home/ines/tiago_ws/install/pmb2_description:/home/ines/tiago_ws/install/pmb2_controller_configuration:/home/ines/tiago_ws/install/pmb2_robot:/home/ines/tiago_ws/install/pmb2_bringup:/home/ines/tiago_ws/install/pmb2_maps:/home/ines/tiago_ws/install/tiago_navigation:/home/ines/tiago_ws/install/tiago_rgbd_sensors:/home/ines/tiago_ws/install/tiago_laser_sensors:/home/ines/tiago_ws/install/tiago_exam_worlds:/home/ines/tiago_ws/install/tiago_exam:/home/ines/tiago_ws/install/tiago_2dnav:/home/ines/tiago_ws/install/pmb2_rgbd_sensors:/home/ines/tiago_ws/install/pmb2_navigation:/home/ines/tiago_ws/install/pmb2_laser_sensors:/home/ines/tiago_ws/install/pmb2_2dnav:/home/ines/tiago_ws/install/pal_navigation_cfg:/home/ines/tiago_ws/install/pal_navigation_cfg_bringup:/home/ines/tiago_ws/install/pal_navigation_cfg_params:/home/ines/tiago_ws/install/multirobot_map_merge:/home/ines/tiago_ws/install/explore_lite:/home/ines/test_ws/install/my_package:/home/ines/tiago_ws/install/tiago_autonomous_navigation:/home/ines/tiago_ws/install/tiago_autonomous_exploration:/home/ines/ros2_ws/install/scripts:/home/ines/ros2_ws/install/acrobat:/opt/ros/humble /usr/bin/cmake --build /home/ines/tiago_ws/build/tiago_description -- -j8 -l8
[7.461s] DEBUG:colcon.colcon_core.event_handler.log_command:Invoking command in '/home/ines/tiago_ws/build/tiago_description': CMAKE_PREFIX_PATH=/home/ines/tiago_ws/install/tiago_controller_configuration:/home/ines/tiago_ws/install/pmb2_description:/home/ines/tiago_ws/install/pmb2_controller_configuration:/home/ines/tiago_ws/install/pmb2_robot:/home/ines/tiago_ws/install/pmb2_bringup:/home/ines/tiago_ws/install/pmb2_maps:/home/ines/tiago_ws/install/tiago_navigation:/home/ines/tiago_ws/install/tiago_rgbd_sensors:/home/ines/tiago_ws/install/tiago_laser_sensors:/home/ines/tiago_ws/install/tiago_exam_worlds:/home/ines/tiago_ws/install/tiago_exam:/home/ines/tiago_ws/install/tiago_2dnav:/home/ines/tiago_ws/install/pmb2_rgbd_sensors:/home/ines/tiago_ws/install/pmb2_navigation:/home/ines/tiago_ws/install/pmb2_laser_sensors:/home/ines/tiago_ws/install/pmb2_2dnav:/home/ines/tiago_ws/install/pal_navigation_cfg:/home/ines/tiago_ws/install/pal_navigation_cfg_bringup:/home/ines/tiago_ws/install/pal_navigation_cfg_params:/home/ines/tiago_ws/install/multirobot_map_merge:/home/ines/tiago_ws/install/explore_lite:/home/ines/test_ws/install/my_package:/home/ines/tiago_ws/install/tiago_autonomous_navigation:/home/ines/tiago_ws/install/tiago_autonomous_exploration:/home/ines/ros2_ws/install/scripts:/home/ines/ros2_ws/install/acrobat:/opt/ros/humble /usr/bin/cmake --install /home/ines/tiago_ws/build/tiago_description
[9.131s] Level 1:colcon.colcon_core.environment:create_environment_scripts_only(tiago_description)
[9.132s] Level 1:colcon.colcon_core.environment:checking '/home/ines/tiago_ws/install/tiago_description' for CMake module files
[9.133s] DEBUG:colcon.colcon_core.event_handler.log_command:Invoked command in '/home/ines/tiago_ws/build/tiago_description' returned '0': CMAKE_PREFIX_PATH=/home/ines/tiago_ws/install/tiago_controller_configuration:/home/ines/tiago_ws/install/pmb2_description:/home/ines/tiago_ws/install/pmb2_controller_configuration:/home/ines/tiago_ws/install/pmb2_robot:/home/ines/tiago_ws/install/pmb2_bringup:/home/ines/tiago_ws/install/pmb2_maps:/home/ines/tiago_ws/install/tiago_navigation:/home/ines/tiago_ws/install/tiago_rgbd_sensors:/home/ines/tiago_ws/install/tiago_laser_sensors:/home/ines/tiago_ws/install/tiago_exam_worlds:/home/ines/tiago_ws/install/tiago_exam:/home/ines/tiago_ws/install/tiago_2dnav:/home/ines/tiago_ws/install/pmb2_rgbd_sensors:/home/ines/tiago_ws/install/pmb2_navigation:/home/ines/tiago_ws/install/pmb2_laser_sensors:/home/ines/tiago_ws/install/pmb2_2dnav:/home/ines/tiago_ws/install/pal_navigation_cfg:/home/ines/tiago_ws/install/pal_navigation_cfg_bringup:/home/ines/tiago_ws/install/pal_navigation_cfg_params:/home/ines/tiago_ws/install/multirobot_map_merge:/home/ines/tiago_ws/install/explore_lite:/home/ines/test_ws/install/my_package:/home/ines/tiago_ws/install/tiago_autonomous_navigation:/home/ines/tiago_ws/install/tiago_autonomous_exploration:/home/ines/ros2_ws/install/scripts:/home/ines/ros2_ws/install/acrobat:/opt/ros/humble /usr/bin/cmake --install /home/ines/tiago_ws/build/tiago_description
[9.133s] Level 1:colcon.colcon_core.environment:checking '/home/ines/tiago_ws/install/tiago_description' for CMake config files
[9.135s] Level 1:colcon.colcon_core.shell:create_environment_hook('tiago_description', 'cmake_prefix_path')
[9.135s] INFO:colcon.colcon_core.shell:Creating environment hook '/home/ines/tiago_ws/install/tiago_description/share/tiago_description/hook/cmake_prefix_path.ps1'
[9.136s] INFO:colcon.colcon_core.shell:Creating environment descriptor '/home/ines/tiago_ws/install/tiago_description/share/tiago_description/hook/cmake_prefix_path.dsv'
[9.137s] INFO:colcon.colcon_core.shell:Creating environment hook '/home/ines/tiago_ws/install/tiago_description/share/tiago_description/hook/cmake_prefix_path.sh'
[9.138s] Level 1:colcon.colcon_core.environment:checking '/home/ines/tiago_ws/install/tiago_description/bin'
[9.138s] Level 1:colcon.colcon_core.environment:checking '/home/ines/tiago_ws/install/tiago_description/lib/pkgconfig/tiago_description.pc'
[9.138s] Level 1:colcon.colcon_core.environment:checking '/home/ines/tiago_ws/install/tiago_description/lib/python3.10/site-packages'
[9.139s] Level 1:colcon.colcon_core.environment:checking '/home/ines/tiago_ws/install/tiago_description/bin'
[9.139s] INFO:colcon.colcon_core.shell:Creating package script '/home/ines/tiago_ws/install/tiago_description/share/tiago_description/package.ps1'
[9.140s] INFO:colcon.colcon_core.shell:Creating package descriptor '/home/ines/tiago_ws/install/tiago_description/share/tiago_description/package.dsv'
[9.141s] INFO:colcon.colcon_core.shell:Creating package script '/home/ines/tiago_ws/install/tiago_description/share/tiago_description/package.sh'
[9.141s] INFO:colcon.colcon_core.shell:Creating package script '/home/ines/tiago_ws/install/tiago_description/share/tiago_description/package.bash'
[9.142s] INFO:colcon.colcon_core.shell:Creating package script '/home/ines/tiago_ws/install/tiago_description/share/tiago_description/package.zsh'
[9.142s] Level 1:colcon.colcon_core.environment:create_file_with_runtime_dependencies(/home/ines/tiago_ws/install/tiago_description/share/colcon-core/packages/tiago_description)
[9.191s] Level 1:colcon.colcon_core.environment:create_environment_scripts_only(tiago_description)
[9.192s] Level 1:colcon.colcon_core.environment:checking '/home/ines/tiago_ws/install/tiago_description' for CMake module files
[9.193s] Level 1:colcon.colcon_core.environment:checking '/home/ines/tiago_ws/install/tiago_description' for CMake config files
[9.194s] Level 1:colcon.colcon_core.shell:create_environment_hook('tiago_description', 'cmake_prefix_path')
[9.194s] INFO:colcon.colcon_core.shell:Creating environment hook '/home/ines/tiago_ws/install/tiago_description/share/tiago_description/hook/cmake_prefix_path.ps1'
[9.195s] INFO:colcon.colcon_core.shell:Creating environment descriptor '/home/ines/tiago_ws/install/tiago_description/share/tiago_description/hook/cmake_prefix_path.dsv'
[9.196s] INFO:colcon.colcon_core.shell:Creating environment hook '/home/ines/tiago_ws/install/tiago_description/share/tiago_description/hook/cmake_prefix_path.sh'
[9.197s] Level 1:colcon.colcon_core.environment:checking '/home/ines/tiago_ws/install/tiago_description/bin'
[9.197s] Level 1:colcon.colcon_core.environment:checking '/home/ines/tiago_ws/install/tiago_description/lib/pkgconfig/tiago_description.pc'
[9.197s] Level 1:colcon.colcon_core.environment:checking '/home/ines/tiago_ws/install/tiago_description/lib/python3.10/site-packages'
[9.198s] Level 1:colcon.colcon_core.environment:checking '/home/ines/tiago_ws/install/tiago_description/bin'
[9.198s] INFO:colcon.colcon_core.shell:Creating package script '/home/ines/tiago_ws/install/tiago_description/share/tiago_description/package.ps1'
[9.199s] INFO:colcon.colcon_core.shell:Creating package descriptor '/home/ines/tiago_ws/install/tiago_description/share/tiago_description/package.dsv'
[9.200s] INFO:colcon.colcon_core.shell:Creating package script '/home/ines/tiago_ws/install/tiago_description/share/tiago_description/package.sh'
[9.201s] INFO:colcon.colcon_core.shell:Creating package script '/home/ines/tiago_ws/install/tiago_description/share/tiago_description/package.bash'
[9.202s] INFO:colcon.colcon_core.shell:Creating package script '/home/ines/tiago_ws/install/tiago_description/share/tiago_description/package.zsh'
[9.203s] Level 1:colcon.colcon_core.environment:create_file_with_runtime_dependencies(/home/ines/tiago_ws/install/tiago_description/share/colcon-core/packages/tiago_description)
[9.204s] INFO:colcon.colcon_ros.task.ament_cmake.build:Building ROS package in '/home/ines/tiago_ws/src/tiago_exam' with build type 'ament_cmake'
[9.204s] INFO:colcon.colcon_cmake.task.cmake.build:Building CMake package in '/home/ines/tiago_ws/src/tiago_exam'
[9.204s] INFO:colcon.colcon_core.shell:Skip shell extension 'powershell' for command environment: Not usable outside of PowerShell
[9.205s] DEBUG:colcon.colcon_core.shell:Skip shell extension 'dsv' for command environment
[9.241s] DEBUG:colcon.colcon_core.event_handler.log_command:Invoking command in '/home/ines/tiago_ws/build/tiago_exam': AMENT_PREFIX_PATH=/home/ines/tiago_ws/install/tiago_description:${AMENT_PREFIX_PATH} CMAKE_PREFIX_PATH=/home/ines/tiago_ws/install/tiago_description:/home/ines/tiago_ws/install/tiago_controller_configuration:/home/ines/tiago_ws/install/tiago_2dnav:/home/ines/tiago_ws/install/pmb2_description:/home/ines/tiago_ws/install/pmb2_maps:/home/ines/tiago_ws/install/pmb2_controller_configuration:/home/ines/tiago_ws/install/pmb2_robot:/home/ines/tiago_ws/install/pmb2_bringup:/home/ines/tiago_ws/install/tiago_navigation:/home/ines/tiago_ws/install/tiago_rgbd_sensors:/home/ines/tiago_ws/install/tiago_laser_sensors:/home/ines/tiago_ws/install/tiago_exam_worlds:/home/ines/tiago_ws/install/tiago_exam:/home/ines/tiago_ws/install/pmb2_rgbd_sensors:/home/ines/tiago_ws/install/pmb2_navigation:/home/ines/tiago_ws/install/pmb2_laser_sensors:/home/ines/tiago_ws/install/pmb2_2dnav:/home/ines/tiago_ws/install/pal_navigation_cfg:/home/ines/tiago_ws/install/pal_navigation_cfg_bringup:/home/ines/tiago_ws/install/pal_navigation_cfg_params:/home/ines/tiago_ws/install/multirobot_map_merge:/home/ines/tiago_ws/install/explore_lite:/home/ines/test_ws/install/my_package:/home/ines/tiago_ws/install/tiago_autonomous_navigation:/home/ines/tiago_ws/install/tiago_autonomous_exploration:/home/ines/ros2_ws/install/scripts:/home/ines/ros2_ws/install/acrobat:/opt/ros/humble PYTHONPATH=/home/ines/tiago_ws/install/tiago_description/local/lib/python3.10/dist-packages:${PYTHONPATH} /usr/bin/cmake --build /home/ines/tiago_ws/build/tiago_exam -- -j8 -l8
[9.315s] DEBUG:colcon.colcon_core.event_handler.log_command:Invoked command in '/home/ines/tiago_ws/build/tiago_exam' returned '0': AMENT_PREFIX_PATH=/home/ines/tiago_ws/install/tiago_description:${AMENT_PREFIX_PATH} CMAKE_PREFIX_PATH=/home/ines/tiago_ws/install/tiago_description:/home/ines/tiago_ws/install/tiago_controller_configuration:/home/ines/tiago_ws/install/tiago_2dnav:/home/ines/tiago_ws/install/pmb2_description:/home/ines/tiago_ws/install/pmb2_maps:/home/ines/tiago_ws/install/pmb2_controller_configuration:/home/ines/tiago_ws/install/pmb2_robot:/home/ines/tiago_ws/install/pmb2_bringup:/home/ines/tiago_ws/install/tiago_navigation:/home/ines/tiago_ws/install/tiago_rgbd_sensors:/home/ines/tiago_ws/install/tiago_laser_sensors:/home/ines/tiago_ws/install/tiago_exam_worlds:/home/ines/tiago_ws/install/tiago_exam:/home/ines/tiago_ws/install/pmb2_rgbd_sensors:/home/ines/tiago_ws/install/pmb2_navigation:/home/ines/tiago_ws/install/pmb2_laser_sensors:/home/ines/tiago_ws/install/pmb2_2dnav:/home/ines/tiago_ws/install/pal_navigation_cfg:/home/ines/tiago_ws/install/pal_navigation_cfg_bringup:/home/ines/tiago_ws/install/pal_navigation_cfg_params:/home/ines/tiago_ws/install/multirobot_map_merge:/home/ines/tiago_ws/install/explore_lite:/home/ines/test_ws/install/my_package:/home/ines/tiago_ws/install/tiago_autonomous_navigation:/home/ines/tiago_ws/install/tiago_autonomous_exploration:/home/ines/ros2_ws/install/scripts:/home/ines/ros2_ws/install/acrobat:/opt/ros/humble PYTHONPATH=/home/ines/tiago_ws/install/tiago_description/local/lib/python3.10/dist-packages:${PYTHONPATH} /usr/bin/cmake --build /home/ines/tiago_ws/build/tiago_exam -- -j8 -l8
[9.360s] DEBUG:colcon.colcon_core.event_handler.log_command:Invoking command in '/home/ines/tiago_ws/build/tiago_exam': AMENT_PREFIX_PATH=/home/ines/tiago_ws/install/tiago_description:${AMENT_PREFIX_PATH} CMAKE_PREFIX_PATH=/home/ines/tiago_ws/install/tiago_description:/home/ines/tiago_ws/install/tiago_controller_configuration:/home/ines/tiago_ws/install/tiago_2dnav:/home/ines/tiago_ws/install/pmb2_description:/home/ines/tiago_ws/install/pmb2_maps:/home/ines/tiago_ws/install/pmb2_controller_configuration:/home/ines/tiago_ws/install/pmb2_robot:/home/ines/tiago_ws/install/pmb2_bringup:/home/ines/tiago_ws/install/tiago_navigation:/home/ines/tiago_ws/install/tiago_rgbd_sensors:/home/ines/tiago_ws/install/tiago_laser_sensors:/home/ines/tiago_ws/install/tiago_exam_worlds:/home/ines/tiago_ws/install/tiago_exam:/home/ines/tiago_ws/install/pmb2_rgbd_sensors:/home/ines/tiago_ws/install/pmb2_navigation:/home/ines/tiago_ws/install/pmb2_laser_sensors:/home/ines/tiago_ws/install/pmb2_2dnav:/home/ines/tiago_ws/install/pal_navigation_cfg:/home/ines/tiago_ws/install/pal_navigation_cfg_bringup:/home/ines/tiago_ws/install/pal_navigation_cfg_params:/home/ines/tiago_ws/install/multirobot_map_merge:/home/ines/tiago_ws/install/explore_lite:/home/ines/test_ws/install/my_package:/home/ines/tiago_ws/install/tiago_autonomous_navigation:/home/ines/tiago_ws/install/tiago_autonomous_exploration:/home/ines/ros2_ws/install/scripts:/home/ines/ros2_ws/install/acrobat:/opt/ros/humble PYTHONPATH=/home/ines/tiago_ws/install/tiago_description/local/lib/python3.10/dist-packages:${PYTHONPATH} /usr/bin/cmake --install /home/ines/tiago_ws/build/tiago_exam
[9.398s] Level 1:colcon.colcon_core.environment:create_environment_scripts_only(tiago_exam)
[9.399s] Level 1:colcon.colcon_core.environment:checking '/home/ines/tiago_ws/install/tiago_exam' for CMake module files
[9.400s] DEBUG:colcon.colcon_core.event_handler.log_command:Invoked command in '/home/ines/tiago_ws/build/tiago_exam' returned '0': AMENT_PREFIX_PATH=/home/ines/tiago_ws/install/tiago_description:${AMENT_PREFIX_PATH} CMAKE_PREFIX_PATH=/home/ines/tiago_ws/install/tiago_description:/home/ines/tiago_ws/install/tiago_controller_configuration:/home/ines/tiago_ws/install/tiago_2dnav:/home/ines/tiago_ws/install/pmb2_description:/home/ines/tiago_ws/install/pmb2_maps:/home/ines/tiago_ws/install/pmb2_controller_configuration:/home/ines/tiago_ws/install/pmb2_robot:/home/ines/tiago_ws/install/pmb2_bringup:/home/ines/tiago_ws/install/tiago_navigation:/home/ines/tiago_ws/install/tiago_rgbd_sensors:/home/ines/tiago_ws/install/tiago_laser_sensors:/home/ines/tiago_ws/install/tiago_exam_worlds:/home/ines/tiago_ws/install/tiago_exam:/home/ines/tiago_ws/install/pmb2_rgbd_sensors:/home/ines/tiago_ws/install/pmb2_navigation:/home/ines/tiago_ws/install/pmb2_laser_sensors:/home/ines/tiago_ws/install/pmb2_2dnav:/home/ines/tiago_ws/install/pal_navigation_cfg:/home/ines/tiago_ws/install/pal_navigation_cfg_bringup:/home/ines/tiago_ws/install/pal_navigation_cfg_params:/home/ines/tiago_ws/install/multirobot_map_merge:/home/ines/tiago_ws/install/explore_lite:/home/ines/test_ws/install/my_package:/home/ines/tiago_ws/install/tiago_autonomous_navigation:/home/ines/tiago_ws/install/tiago_autonomous_exploration:/home/ines/ros2_ws/install/scripts:/home/ines/ros2_ws/install/acrobat:/opt/ros/humble PYTHONPATH=/home/ines/tiago_ws/install/tiago_description/local/lib/python3.10/dist-packages:${PYTHONPATH} /usr/bin/cmake --install /home/ines/tiago_ws/build/tiago_exam
[9.401s] Level 1:colcon.colcon_core.environment:checking '/home/ines/tiago_ws/install/tiago_exam' for CMake config files
[9.401s] Level 1:colcon.colcon_core.shell:create_environment_hook('tiago_exam', 'cmake_prefix_path')
[9.402s] INFO:colcon.colcon_core.shell:Creating environment hook '/home/ines/tiago_ws/install/tiago_exam/share/tiago_exam/hook/cmake_prefix_path.ps1'
[9.403s] INFO:colcon.colcon_core.shell:Creating environment descriptor '/home/ines/tiago_ws/install/tiago_exam/share/tiago_exam/hook/cmake_prefix_path.dsv'
[9.403s] INFO:colcon.colcon_core.shell:Creating environment hook '/home/ines/tiago_ws/install/tiago_exam/share/tiago_exam/hook/cmake_prefix_path.sh'
[9.404s] Level 1:colcon.colcon_core.environment:checking '/home/ines/tiago_ws/install/tiago_exam/lib'
[9.404s] Level 1:colcon.colcon_core.environment:checking '/home/ines/tiago_ws/install/tiago_exam/bin'
[9.405s] Level 1:colcon.colcon_core.environment:checking '/home/ines/tiago_ws/install/tiago_exam/lib/pkgconfig/tiago_exam.pc'
[9.405s] Level 1:colcon.colcon_core.environment:checking '/home/ines/tiago_ws/install/tiago_exam/lib/python3.10/site-packages'
[9.405s] Level 1:colcon.colcon_core.environment:checking '/home/ines/tiago_ws/install/tiago_exam/bin'
[9.406s] INFO:colcon.colcon_core.shell:Creating package script '/home/ines/tiago_ws/install/tiago_exam/share/tiago_exam/package.ps1'
[9.407s] INFO:colcon.colcon_core.shell:Creating package descriptor '/home/ines/tiago_ws/install/tiago_exam/share/tiago_exam/package.dsv'
[9.407s] INFO:colcon.colcon_core.shell:Creating package script '/home/ines/tiago_ws/install/tiago_exam/share/tiago_exam/package.sh'
[9.408s] INFO:colcon.colcon_core.shell:Creating package script '/home/ines/tiago_ws/install/tiago_exam/share/tiago_exam/package.bash'
[9.409s] INFO:colcon.colcon_core.shell:Creating package script '/home/ines/tiago_ws/install/tiago_exam/share/tiago_exam/package.zsh'
[9.410s] Level 1:colcon.colcon_core.environment:create_file_with_runtime_dependencies(/home/ines/tiago_ws/install/tiago_exam/share/colcon-core/packages/tiago_exam)
[9.453s] Level 1:colcon.colcon_core.environment:create_environment_scripts_only(tiago_exam)
[9.453s] Level 1:colcon.colcon_core.environment:checking '/home/ines/tiago_ws/install/tiago_exam' for CMake module files
[9.454s] Level 1:colcon.colcon_core.environment:checking '/home/ines/tiago_ws/install/tiago_exam' for CMake config files
[9.455s] Level 1:colcon.colcon_core.shell:create_environment_hook('tiago_exam', 'cmake_prefix_path')
[9.455s] INFO:colcon.colcon_core.shell:Creating environment hook '/home/ines/tiago_ws/install/tiago_exam/share/tiago_exam/hook/cmake_prefix_path.ps1'
[9.456s] INFO:colcon.colcon_core.shell:Creating environment descriptor '/home/ines/tiago_ws/install/tiago_exam/share/tiago_exam/hook/cmake_prefix_path.dsv'
[9.457s] INFO:colcon.colcon_core.shell:Creating environment hook '/home/ines/tiago_ws/install/tiago_exam/share/tiago_exam/hook/cmake_prefix_path.sh'
[9.458s] Level 1:colcon.colcon_core.environment:checking '/home/ines/tiago_ws/install/tiago_exam/lib'
[9.458s] Level 1:colcon.colcon_core.environment:checking '/home/ines/tiago_ws/install/tiago_exam/bin'
[9.458s] Level 1:colcon.colcon_core.environment:checking '/home/ines/tiago_ws/install/tiago_exam/lib/pkgconfig/tiago_exam.pc'
[9.459s] Level 1:colcon.colcon_core.environment:checking '/home/ines/tiago_ws/install/tiago_exam/lib/python3.10/site-packages'
[9.459s] Level 1:colcon.colcon_core.environment:checking '/home/ines/tiago_ws/install/tiago_exam/bin'
[9.459s] INFO:colcon.colcon_core.shell:Creating package script '/home/ines/tiago_ws/install/tiago_exam/share/tiago_exam/package.ps1'
[9.460s] INFO:colcon.colcon_core.shell:Creating package descriptor '/home/ines/tiago_ws/install/tiago_exam/share/tiago_exam/package.dsv'
[9.461s] INFO:colcon.colcon_core.shell:Creating package script '/home/ines/tiago_ws/install/tiago_exam/share/tiago_exam/package.sh'
[9.462s] INFO:colcon.colcon_core.shell:Creating package script '/home/ines/tiago_ws/install/tiago_exam/share/tiago_exam/package.bash'
[9.463s] INFO:colcon.colcon_core.shell:Creating package script '/home/ines/tiago_ws/install/tiago_exam/share/tiago_exam/package.zsh'
[9.464s] Level 1:colcon.colcon_core.environment:create_file_with_runtime_dependencies(/home/ines/tiago_ws/install/tiago_exam/share/colcon-core/packages/tiago_exam)
[9.464s] DEBUG:colcon.colcon_parallel_executor.executor.parallel:closing loop
[9.465s] DEBUG:colcon.colcon_parallel_executor.executor.parallel:loop closed
[9.465s] DEBUG:colcon.colcon_parallel_executor.executor.parallel:run_until_complete finished with '0'
[9.465s] DEBUG:colcon.colcon_core.event_reactor:joining thread
[9.478s] INFO:colcon.colcon_core.plugin_system:Skipping extension 'colcon_notification.desktop_notification.terminal_notifier': Not used on non-Darwin systems
[9.479s] INFO:colcon.colcon_core.plugin_system:Skipping extension 'colcon_notification.desktop_notification.win32': Not used on non-Windows systems
[9.479s] INFO:colcon.colcon_notification.desktop_notification:Sending desktop notification using 'notify2'
[9.498s] DEBUG:colcon.colcon_core.event_reactor:joined thread
[9.499s] INFO:colcon.colcon_core.shell:Creating prefix script '/home/ines/tiago_ws/install/local_setup.ps1'
[9.501s] INFO:colcon.colcon_core.shell:Creating prefix util module '/home/ines/tiago_ws/install/_local_setup_util_ps1.py'
[9.504s] INFO:colcon.colcon_core.shell:Creating prefix chain script '/home/ines/tiago_ws/install/setup.ps1'
[9.508s] INFO:colcon.colcon_core.shell:Creating prefix script '/home/ines/tiago_ws/install/local_setup.sh'
[9.509s] INFO:colcon.colcon_core.shell:Creating prefix util module '/home/ines/tiago_ws/install/_local_setup_util_sh.py'
[9.510s] INFO:colcon.colcon_core.shell:Creating prefix chain script '/home/ines/tiago_ws/install/setup.sh'
[9.514s] INFO:colcon.colcon_core.shell:Creating prefix script '/home/ines/tiago_ws/install/local_setup.bash'
[9.516s] INFO:colcon.colcon_core.shell:Creating prefix chain script '/home/ines/tiago_ws/install/setup.bash'
[9.520s] INFO:colcon.colcon_core.shell:Creating prefix script '/home/ines/tiago_ws/install/local_setup.zsh'
[9.521s] INFO:colcon.colcon_core.shell:Creating prefix chain script '/home/ines/tiago_ws/install/setup.zsh'
